{
  "image": "-",
  "judul": "11K Solo Open 2016",
  "isi_informasi": "Lomba lari 11K Solo Open 2016 akan diadakan di UNS dengan pendaftaran dibuka dari 13 Februari hingga 12 Maret 2016.",
  "benefit_peserta": [
    "Kesempatan berkompetisi di lomba lari",
    "Mendapatkan pengalaman berlari di jalur resmi"
  ],
  "lokasi": "MAKO MENWA Yon. 905 UNS, Jl. Ir. Sutami 36A Kentingan, Jebres – Surakarta",
  "kota": "Surakarta",
  "tanggal_event": "2016-03-12",
  "kontak_event": {
    "Instagram": [],
    "WhatsApp": "0812 119 911",
    "Email": "kontak@indonesiamarathon.com",
    "Website": "www.indonesiamarathon.com"
  },
  "biaya_registrasi": "Tidak tercantum",
  "kategori": [
    "11K"
  ],
  "jenis_event": "road run"
}