{
  "image": "-",
  "judul": "14th FEUI CUP Run To Raise",
  "isi_informasi": "Run to Raise adalah acara pembuka dari 14th FEUI CUP yang merupakan lari donasi menyenangkan terbuka untuk umum, bertujuan meningkatkan kepedulian terhadap olahraga di Indonesia.",
  "benefit_peserta": [
    "Meningkatkan kepedulian terhadap olahraga",
    "Kesempatan untuk berpartisipasi dalam acara sosial"
  ],
  "lokasi": "Tidak tercantum",
  "kota": "Tidak tercantum",
  "tanggal_event": "2016-04-03",
  "kontak_event": {
    "Instagram": [],
    "WhatsApp": "0812 119 911",
    "Email": "kontak@indonesiamarathon.com",
    "Website": "www.indonesiamarathon.com"
  },
  "biaya_registrasi": "Tidak tercantum",
  "kategori": [
    "5KM"
  ],
  "jenis_event": "fun run"
}