{
  "image": "-",
  "judul": "2XU Compression Run Jakarta 2016",
  "isi_informasi": "Kategori lomba terdiri dari Half Marathon, 10KM, dan 5KM. Registrasi dibuka mulai 17 Juni 2016 melalui situs www.2xucompressionrun.id.",
  "benefit_peserta": [
    "Kesempatan berlari di acara bergengsi",
    "Mendapatkan pengalaman berlari yang menyenangkan",
    "Berpartisipasi dalam komunitas lari"
  ],
  "lokasi": "Tidak tercantum",
  "kota": "Jakarta",
  "tanggal_event": "2016-01-01",
  "kontak_event": {
    "Instagram": [],
    "WhatsApp": "0812 119 911",
    "Email": "kontak@indonesiamarathon.com",
    "Website": "www.indonesiamarathon.com"
  },
  "biaya_registrasi": "Tidak tercantum",
  "kategori": [
    "5K",
    "10K",
    "21K"
  ],
  "jenis_event": "road run"
}