{
  "image": "-",
  "judul": "5K for Cancer",
  "isi_informasi": "5K for Cancer adalah acara amal yang diadakan oleh komunitas dokter pencinta lari 'KedoDoRun' untuk mendukung penderita kanker. Dengan tema 'Run for hope, we run for cancer', acara ini berlangsung pada hari kanker sedunia, di mana peserta berlari bersama dari garis Start hingga Finish. Peserta terdiri dari pelari dan penderita kanker yang berpartisipasi untuk berolahraga sekaligus memberikan bantuan bagi mereka. Rute 5K akan mengelilingi kota Bandung, dengan hiburan dan hadiah di garis Finish. Semua keuntungan dari acara ini akan didonasikan untuk perawatan penderita kanker.",
  "benefit_peserta": [
    "Mendapatkan pengalaman berlari yang menyenangkan",
    "Berpartisipasi dalam kegiatan amal",
    "Hiburan dan hadiah di garis Finish"
  ],
  "lokasi": "Taman Cikapundung Riverspot, Jalan Cikapundung Timur",
  "kota": "Bandung",
  "tanggal_event": "2016-02-04",
  "kontak_event": {
    "Instagram": [
      "@5KforCANCER"
    ],
    "WhatsApp": "0812 119 911",
    "Email": "kontak@indonesiamarathon.com",
    "Website": "www.indonesiamarathon.com"
  },
  "biaya_registrasi": "Tidak tercantum",
  "kategori": [
    "5K"
  ],
  "jenis_event": "road run"
}