{
  "image": "-",
  "judul": "5K Nite Kulinerun",
  "isi_informasi": "Event lari 5K Nite Kulinerun akan diadakan di Food Junction Grand Pakuwon, Surabaya Barat pada Sabtu, 23 Januari 2016, mulai pukul 17.00. Biaya pendaftaran sebesar Rp 30.000, sudah termasuk medali finisher, jersey, dan refreshment. Terdapat hadiah untuk lima pemenang dengan total hadiah mencapai Rp 1.500.000 untuk juara pertama.",
  "benefit_peserta": [
    "Medali finisher",
    "Jersey",
    "Refreshment"
  ],
  "lokasi": "Food Junction Grand Pakuwon, Surabaya Barat",
  "kota": "Surabaya",
  "tanggal_event": "2016-01-23",
  "kontak_event": {
    "Instagram": [],
    "WhatsApp": "0838-3085-5362",
    "Email": "kontak@indonesiamarathon.com",
    "Website": "www.indonesiamarathon.com"
  },
  "biaya_registrasi": "Rp 30.000",
  "kategori": [
    "5K"
  ],
  "jenis_event": "road run"
}