{
  "image": "-",
  "judul": "7.1K Digital Running For Innovations",
  "isi_informasi": "Ikuti lomba lari 7.1K Digital Running For Innovations pada 30 Oktober 2016 di Plaza Barat Senayan dengan total hadiah mencapai 100 juta rupiah. Terdapat hadiah khusus untuk kostum digital terbaik. Biaya pendaftaran adalah Rp.100.000 per orang, atau Rp.75.000 per orang jika mendaftar lebih dari 5 orang.",
  "benefit_peserta": [
    "Kesempatan memenangkan hadiah total 100 juta",
    "Hadiah untuk kostum digital terbaik",
    "Diskon pendaftaran untuk kelompok"
  ],
  "lokasi": "Plaza Barat Senayan",
  "kota": "Jakarta",
  "tanggal_event": "2016-10-30",
  "kontak_event": {
    "Instagram": [],
    "WhatsApp": "0812 119 911",
    "Email": "kontak@indonesiamarathon.com",
    "Website": "www.indonesiamarathon.com"
  },
  "biaya_registrasi": {
    "individu": 100000,
    "kelompok": 75000
  },
  "kategori": [],
  "jenis_event": "road run"
}