{
  "image": "-",
  "judul": "7K Funrun 2nd Dentistry Emergency Carnaval",
  "isi_informasi": "7K Funrun DEC (Dentistry Emergency Carnaval) merupakan acara pendahuluan dari seminar dan simulasi kegawatdaruratan berjudul 'First Aid for Hiking Accident and Tooth Avulsion'. Kegiatan ini akan berlangsung di lingkungan UI Depok dengan jarak 7,009 KM. Medali akan diberikan kepada 10 peserta tercepat, sementara 3 peserta tercepat juga akan mendapatkan handuk gelang dan tiket seminar. Biaya pendaftaran sebesar Rp 50.000,- sudah termasuk kaos funrun.",
  "benefit_peserta": [
    "Medali untuk 10 peserta tercepat",
    "Handuk gelang dan tiket seminar untuk 3 peserta tercepat",
    "Kaos funrun"
  ],
  "lokasi": "Lingkungan UI Depok",
  "kota": "Depok",
  "tanggal_event": "2025-01-19",
  "kontak_event": {
    "Instagram": [],
    "WhatsApp": "081383107768",
    "Email": "kontak@indonesiamarathon.com",
    "Website": "www.indonesiamarathon.com"
  },
  "biaya_registrasi": "Rp 50.000,-",
  "kategori": [
    "7K"
  ],
  "jenis_event": "fun run"
}