{
  "image": "-",
  "judul": "Air Force Run 2016",
  "isi_informasi": "Air Force Run 2016 mengajak pelari dari seluruh Indonesia untuk berpartisipasi dalam acara lari yang diselenggarakan oleh Perwira Alumni Akademi Angkatan Udara (PARASENA) 1996. Acara ini menawarkan jalur lari yang nyaman dan aman di Pangkalan TNI AU Halim Perdanakusuma, Jakarta Timur, dengan kategori jarak 5K dan 10K. Peserta akan merasakan pengalaman unik berlari di pangkalan militer yang dikelilingi oleh pepohonan hijau dan suara pesawat Angkatan Udara.",
  "benefit_peserta": [
    "Mendapatkan pengalaman baru berlari di pangkalan militer",
    "Menikmati jalur lari yang hijau dan nyaman",
    "Mendapatkan tantangan untuk mencapai garis finish"
  ],
  "lokasi": "Lanud Halim Perdanakusuma, Jakarta Timur",
  "kota": "Jakarta",
  "tanggal_event": "2016-00-00",
  "kontak_event": {
    "Instagram": [],
    "WhatsApp": "0812 119 911",
    "Email": "kontak@indonesiamarathon.com",
    "Website": "www.indonesiamarathon.com"
  },
  "biaya_registrasi": "Pendaftaran sudah ditutup",
  "kategori": [
    "5K",
    "10K"
  ],
  "jenis_event": "road run"
}