{
  "image": "-",
  "judul": "Angkasa Pura Airport Running Series #3",
  "isi_informasi": "Dalam rangka merayakan ulang tahun ke-52 Angkasa Pura Airports dan mendukung pengembangan pariwisata di Indonesia Timur, Angkasa Pura Airports menyelenggarakan Airport Running Series 2015-2016. Perlombaan ini akan berlangsung pada 20 Desember 2015 di Bandar Udara Internasional Adi Soemarmo – Surakarta, Januari 2016 di Bandar Udara Selaparang – Lombok, Februari 2016 di Bandar Udara Internasional El Tari – Kupang, dan final pada Maret 2016 di Bandar Udara Internasional Sam Ratulangi – Manado. Terdapat tiga kategori lomba yaitu 10K, 5K, dan 2,5K, dengan waktu start yang berbeda. Total hadiah mencapai lebih dari seratus tiga puluh miliar rupiah, dan perlombaan ini akan menggunakan bib RFID. Salah satu seri perlombaan akan diadakan di landasan pacu Bandar Udara Selaparang, yang merupakan perlombaan pertama dan satu-satunya yang diadakan di landasan pacu bandara di Indonesia.",
  "benefit_peserta": [
    "Kesempatan untuk memenangkan hadiah total lebih dari seratus tiga puluh miliar rupiah",
    "Pengalaman unik berlari di landasan pacu bandara",
    "Penggunaan bib RFID untuk pelacakan peserta"
  ],
  "lokasi": "Bandar Udara Internasional El Tari, Kupang",
  "kota": "Kupang",
  "tanggal_event": "2016-02-13",
  "kontak_event": {
    "Instagram": [],
    "WhatsApp": "0812 119 911",
    "Email": "kontak@indonesiamarathon.com",
    "Website": "www.indonesiamarathon.com"
  },
  "biaya_registrasi": "Rp. 150.000",
  "kategori": [
    "10K",
    "5K",
    "2.5K"
  ],
  "jenis_event": "road run"
}