{
  "image": "-",
  "judul": "Angkasa Pura Airport Running Series #4",
  "isi_informasi": "Dalam rangka merayakan ulang tahun ke-52 Angkasa Pura Airports dan mendukung pengembangan pariwisata di Indonesia Timur, Angkasa Pura Airports mempersembahkan Airport Running Series 2015-2016. Perlombaan ini akan diadakan pada 20 Maret 2016 di Bandar Udara Internasional Sam Ratulangi, Manado, dengan kategori 10K, 5K, dan 2,5K, serta waktu start yang berbeda. Total hadiah mencapai lebih dari seratus tiga puluh miliar rupiah dan menggunakan bib RFID. Salah satu seri perlombaan akan berlangsung di landasan pacu Selaparang Airport, menjadi perlombaan pertama dan satu-satunya yang diadakan di landasan pacu bandara Indonesia.",
  "benefit_peserta": [
    "Hadiah total lebih dari seratus tiga puluh miliar rupiah",
    "Penggunaan bib RFID",
    "Pengalaman unik berlari di landasan pacu bandara"
  ],
  "lokasi": "Bandar Udara Internasional Sam Ratulangi, Manado",
  "kota": "Manado",
  "tanggal_event": "2016-03-20",
  "kontak_event": {
    "Instagram": [],
    "WhatsApp": "0812 119 911",
    "Email": "kontak@indonesiamarathon.com",
    "Website": "www.indonesiamarathon.com"
  },
  "biaya_registrasi": "Rp. 150.000",
  "kategori": [
    "10K",
    "5K",
    "2.5K"
  ],
  "jenis_event": "road run"
}