{
  "image": "-",
  "judul": "Angkasa Pura Airport Running Series #2",
  "isi_informasi": "Dalam rangka merayakan ulang tahun ke-52 Angkasa Pura Airports dan mendukung pengembangan pariwisata di Indonesia Timur, Angkasa Pura Airports menyelenggarakan Airport Running Series 2015-2016. Lomba ini akan diadakan pada 24 Januari 2016 di Bandar Udara Internasional Lombok, dengan kategori 10K, 5K, dan 2,5K. Total hadiah mencapai lebih dari seratus tiga puluh miliar rupiah, dan lomba ini akan menggunakan bib RFID. Ini adalah lomba pertama yang diadakan di landasan pacu bandara Indonesia.",
  "benefit_peserta": [
    "Kesempatan memenangkan hadiah total lebih dari seratus tiga puluh miliar rupiah",
    "Pengalaman unik berlari di landasan pacu bandara",
    "Penggunaan bib RFID untuk pelacakan peserta"
  ],
  "lokasi": "Bandar Udara Internasional Lombok (Runway Track)",
  "kota": "Lombok",
  "tanggal_event": "2016-01-24",
  "kontak_event": {
    "Instagram": [],
    "WhatsApp": "0812 119 911",
    "Email": "kontak@indonesiamarathon.com",
    "Website": "www.indonesiamarathon.com"
  },
  "biaya_registrasi": "Rp. 150.000",
  "kategori": [
    "10K",
    "5K",
    "2.5K"
  ],
  "jenis_event": "road run"
}