{
  "image": "-",
  "judul": "ANTV Fun Run",
  "isi_informasi": "ANTV Fun Run adalah lomba lari dengan kategori jarak 5KM yang diadakan di Summarecon Bekasi. Pendaftaran dapat dilakukan secara online melalui situs resmi ANTV.",
  "benefit_peserta": [
    "Kesempatan untuk berpartisipasi dalam acara lari",
    "Mendapatkan pengalaman berlari di lokasi yang menarik"
  ],
  "lokasi": "Summarecon Bekasi",
  "kota": "Bekasi",
  "tanggal_event": "Tidak tercantum",
  "kontak_event": {
    "Instagram": [],
    "WhatsApp": "0812 119 911",
    "Email": "kontak@indonesiamarathon.com",
    "Website": "www.indonesiamarathon.com"
  },
  "biaya_registrasi": "Tidak tercantum",
  "kategori": [
    "5K"
  ],
  "jenis_event": "road run"
}