{
  "image": "-",
  "judul": "Anyo Charity Run",
  "isi_informasi": "Acara lari amal untuk meningkatkan kesadaran tentang kanker pada anak yang diselenggarakan oleh Yayasan Anyo Indonesia.",
  "benefit_peserta": [
    "Meningkatkan kesadaran tentang kanker pada anak",
    "Berpartisipasi dalam kegiatan amal"
  ],
  "lokasi": "The Flavor Bliss - Alam Sutera",
  "kota": "Tangerang",
  "tanggal_event": "2025-01-19",
  "kontak_event": {
    "Instagram": [],
    "WhatsApp": "0812 119 911",
    "Email": "kontak@indonesiamarathon.com",
    "Website": "www.indonesiamarathon.com"
  },
  "biaya_registrasi": "Tidak tercantum",
  "kategori": [
    "5K",
    "10K",
    "16.8K"
  ],
  "jenis_event": "road run"
}