{
  "image": "-",
  "judul": "Arjuna Welirang Ultra 2016",
  "isi_informasi": "Arjuna Welirang Ultra 2016 menawarkan kategori jarak 15K, 30K, dan 60K yang akan dilaksanakan pada 20-21 Agustus 2016.",
  "benefit_peserta": [
    "Kesempatan untuk berkompetisi di berbagai kategori jarak",
    "Pengalaman berlari di jalur alam yang menantang"
  ],
  "lokasi": "Tidak tercantum",
  "kota": "Tidak tercantum",
  "tanggal_event": "2016-08-20",
  "kontak_event": {
    "Instagram": [],
    "WhatsApp": "0812 119 911",
    "Email": "kontak@indonesiamarathon.com",
    "Website": "www.indonesiamarathon.com"
  },
  "biaya_registrasi": "Tidak tercantum",
  "kategori": [
    "15K",
    "30K",
    "60K"
  ],
  "jenis_event": "trail run"
}