{
  "image": "-",
  "judul": "Astra Green Run Jakarta 2016",
  "isi_informasi": "Astra Green Run Jakarta 2016 menawarkan kategori jarak 15K, 5K, serta Kid's Dash untuk anak-anak dengan jarak 100m (usia 0-5 tahun) dan 400m (usia 6-10 tahun). Pendaftaran dibuka mulai 31 Mei 2016.",
  "benefit_peserta": [
    "Kesempatan berlari di lokasi yang indah",
    "Aktivitas sehat untuk seluruh keluarga",
    "Pengalaman berkompetisi dalam acara lari"
  ],
  "lokasi": "Ocean Ecopark, Ancol, Jakarta",
  "kota": "Jakarta",
  "tanggal_event": "2016-06-01",
  "kontak_event": {
    "Instagram": [],
    "WhatsApp": "0812 119 911",
    "Email": "kontak@indonesiamarathon.com",
    "Website": "www.indonesiamarathon.com"
  },
  "biaya_registrasi": "Tidak tercantum",
  "kategori": [
    "15K",
    "5K",
    "Kid's Dash 100m",
    "Kid's Dash 400m"
  ],
  "jenis_event": "road run"
}