{
  "image": "-",
  "judul": "Astra Green Run Bali 2016",
  "isi_informasi": "Astra Green Run Bali 2016 adalah kelanjutan dari Bali Green Run 2015 yang diadakan untuk memperingati Hari Lingkungan Hidup pada 5 Juni. Event ini bertujuan untuk mendorong masyarakat hidup sehat dan mencintai alam serta budaya Indonesia, khususnya Bali. Astra akan menanam pohon sesuai jumlah pelari yang terdaftar dan memberikan cashback kepada pelari yang menukarkan 10 botol plastik bekas untuk disumbangkan ke bank sampah.",
  "benefit_peserta": [
    "Menanam pohon sesuai jumlah pelari",
    "Cashback dengan menukarkan botol plastik bekas"
  ],
  "lokasi": "Desa Taro, Tegallalang, Gianyar Bali",
  "kota": "Gianyar",
  "tanggal_event": "2016-06-05",
  "kontak_event": {
    "Instagram": [],
    "WhatsApp": "0812 119 911",
    "Email": "kontak@indonesiamarathon.com",
    "Website": "www.indonesiamarathon.com"
  },
  "biaya_registrasi": "Tidak tercantum",
  "kategori": [
    "13K",
    "6K"
  ],
  "jenis_event": "road run"
}