{
  "image": "-",
  "judul": "Ayo Bandung Run Challenge 2016",
  "isi_informasi": "Ayo Bandung Run Challenge adalah acara fun run yang menggabungkan lari dengan berbagai game dan tantangan. Peserta akan berlari di jalanan beraspal, menaiki tangga, dan melewati semak di hutan kota Babakan Siliwangi. Tantangan yang harus dilalui meliputi dinding buatan setinggi 2 meter, jaring rendah dengan labirin, halang rintang pagar setinggi 1 meter, meniti balok di atas kolam, dan memanjat jaring di dinding vertikal. Total jarak yang ditempuh sekitar 7 kilometer.",
  "benefit_peserta": [
    "Keseruan berlari dengan tantangan",
    "Pengalaman unik di hutan kota",
    "Kesempatan untuk berinteraksi dengan peserta lain"
  ],
  "lokasi": "Gedung Sate Bandung",
  "kota": "Bandung",
  "tanggal_event": "2016-01-19",
  "kontak_event": {
    "Instagram": [],
    "WhatsApp": "0812 119 911",
    "Email": "kontak@indonesiamarathon.com",
    "Website": "www.indonesiamarathon.com"
  },
  "biaya_registrasi": "Tidak tercantum",
  "kategori": [],
  "jenis_event": "fun run"
}