{
  "image": "-",
  "judul": "B29 Running Hill",
  "isi_informasi": "B29 Running Hill adalah lomba lari dengan kategori jarak 5KM dan elevasi 2579 meter yang berlangsung di Desa Argosari, Lumajang.",
  "benefit_peserta": [
    "Menikmati pemandangan alam",
    "Meningkatkan kebugaran fisik",
    "Kesempatan berkompetisi di lintasan menantang"
  ],
  "lokasi": "Desa Argosari, Lumajang",
  "kota": "Lumajang",
  "tanggal_event": "2025-01-19",
  "kontak_event": {
    "Instagram": [
      "@djarun.lmj"
    ],
    "WhatsApp": "0812 – 1721 – 7164",
    "Email": "kontak@indonesiamarathon.com",
    "Website": "www.indonesiamarathon.com"
  },
  "biaya_registrasi": "Tidak tercantum",
  "kategori": [
    "5K"
  ],
  "jenis_event": "trail run"
}