{
  "image": "-",
  "judul": "Bali International Triathlon 2016",
  "isi_informasi": "Bali International Triathlon 2016 menawarkan beberapa kategori lomba, yaitu Olympic Distance Race dengan jarak 1.5KM renang, 40KM bersepeda, dan 10KM lari; Sprint Distance Race dengan jarak 500M renang, 20KM bersepeda, dan 5KM lari; serta 5KM Fun Run.",
  "benefit_peserta": [
    "Kesempatan untuk berpartisipasi dalam triathlon internasional",
    "Meningkatkan kebugaran dan kesehatan",
    "Pengalaman berkompetisi di lokasi yang indah"
  ],
  "lokasi": "Tidak tercantum",
  "kota": "Tidak tercantum",
  "tanggal_event": "2016-01-01",
  "kontak_event": {
    "Instagram": [],
    "WhatsApp": "0812 119 911",
    "Email": "kontak@indonesiamarathon.com",
    "Website": "www.indonesiamarathon.com"
  },
  "biaya_registrasi": "Tidak tercantum",
  "kategori": [
    "Olympic Distance Race",
    "Sprint Distance Race",
    "5Km Fun Run"
  ],
  "jenis_event": "road run"
}