{
  "image": "-",
  "judul": "Bali City Night Run 2016",
  "isi_informasi": "Bali City Night Run 2016 akan diadakan di lapangan Bajra Sandhi Renon, Denpasar, Bali, dengan kategori lari 5K, serta acara Zumba dan Asana Yoga.",
  "benefit_peserta": [
    "Kesempatan berolahraga di malam hari",
    "Kegiatan Zumba dan Yoga",
    "Pengalaman berlari di lokasi yang indah"
  ],
  "lokasi": "Lapangan Bajra Sandhi Renon, Denpasar, Bali",
  "kota": "Denpasar",
  "tanggal_event": "2016-01-01",
  "kontak_event": {
    "Instagram": [],
    "WhatsApp": "081338240185",
    "Email": "kontak@indonesiamarathon.com",
    "Website": "www.indonesiamarathon.com"
  },
  "biaya_registrasi": {
    "offline": "Pembayaran via transfer ke rek BNI No 0477562423 (a/n Panitia HUT RSUP Sanglah)"
  },
  "kategori": [
    "5K"
  ],
  "jenis_event": "road run"
}