{
  "image": "-",
  "judul": "Bali Beach Run 2016",
  "isi_informasi": "Bali Beach Run 2016 menawarkan kategori jarak 2.5K, 5K, dan 10K. Untuk informasi lebih lanjut dan pendaftaran, kunjungi http://balibeachrun.com/.",
  "benefit_peserta": [
    "Kesempatan berlari di pantai Bali",
    "Meningkatkan kebugaran",
    "Bertemu komunitas lari"
  ],
  "lokasi": "Tidak tercantum",
  "kota": "Tidak tercantum",
  "tanggal_event": "2016-01-01",
  "kontak_event": {
    "Instagram": [],
    "WhatsApp": "0812 119 911",
    "Email": "kontak@indonesiamarathon.com",
    "Website": "www.indonesiamarathon.com"
  },
  "biaya_registrasi": "Tidak tercantum",
  "kategori": [
    "2.5K",
    "5K",
    "10K"
  ],
  "jenis_event": "road run"
}