{
  "image": "-",
  "judul": "Balloon Fun Run 2016",
  "isi_informasi": "Balloon Fun Run 5K adalah acara lari dengan membawa balon sejauh 5 km di kawasan Blok M dan sekitarnya, dalam rangka merayakan ulang tahun ke-5 AMOS COZY HOTEL. Peserta yang menyelesaikan lomba akan berkesempatan memenangkan hadiah Grand Prize dan Door Prize.",
  "benefit_peserta": [
    "Kesempatan memenangkan hadiah Grand Prize",
    "Kesempatan memenangkan Door Prize"
  ],
  "lokasi": "Kawasan Blok M, Jakarta",
  "kota": "Jakarta",
  "tanggal_event": "2016-11-20",
  "kontak_event": {
    "Instagram": [],
    "WhatsApp": "0812 119 911",
    "Email": "kontak@indonesiamarathon.com",
    "Website": "www.indonesiamarathon.com"
  },
  "biaya_registrasi": "Tidak tercantum",
  "kategori": [
    "5K"
  ],
  "jenis_event": "road run"
}