{
  "image": "-",
  "judul": "Bandung Great Run 10K",
  "isi_informasi": "Bandung Great Run adalah acara lari yang juga berfungsi sebagai kegiatan amal. Dengan berpartisipasi, Anda turut mendukung mantan atlet Indonesia yang membutuhkan bantuan setelah pensiun.",
  "benefit_peserta": [
    "Donasi kepada mantan atlet",
    "Kegiatan bersama keluarga dan orang tersayang",
    "Menikmati keindahan kota Bandung dan wisata kulinernya"
  ],
  "lokasi": "Tidak tercantum",
  "kota": "Bandung",
  "tanggal_event": "2025-01-19",
  "kontak_event": {
    "Instagram": [],
    "WhatsApp": "0812 119 911",
    "Email": "kontak@indonesiamarathon.com",
    "Website": "www.indonesiamarathon.com"
  },
  "biaya_registrasi": "Tidak tercantum",
  "kategori": [
    "10K"
  ],
  "jenis_event": "road run"
}