{
  "image": "-",
  "judul": "Banyuwangi Ijen Green Run 2016",
  "isi_informasi": "Banyuwangi Ijen Green Run 2016 adalah acara olahraga wisata Trail Run yang menawarkan rute menarik dengan pemandangan alam perkebunan, sungai, dan lereng Gunung Ijen di Banyuwangi.",
  "benefit_peserta": [
    "Menikmati keindahan alam",
    "Meningkatkan kebugaran",
    "Pengalaman berlari di jalur yang unik"
  ],
  "lokasi": "Perkebunan Kalibendo dan Lijen, Lereng Gunung Ijen",
  "kota": "Banyuwangi",
  "tanggal_event": "2016-01-01",
  "kontak_event": {
    "Instagram": [],
    "WhatsApp": "0812 119 911",
    "Email": "kontak@indonesiamarathon.com",
    "Website": "www.indonesiamarathon.com"
  },
  "biaya_registrasi": "Tidak tercantum",
  "kategori": [
    "6K",
    "12K",
    "25K"
  ],
  "jenis_event": "trail run"
}