{
  "image": "-",
  "judul": "Banyuwangi International Run 2016",
  "isi_informasi": "Banyuwangi International Run adalah kompetisi lari dengan catatan waktu sejauh 10 dan 5 kilometer di sekitar kota Banyuwangi.",
  "benefit_peserta": [
    "Kesempatan untuk berkompetisi",
    "Meningkatkan kebugaran",
    "Mendapatkan pengalaman berlari di lingkungan kota"
  ],
  "lokasi": "Tidak tercantum",
  "kota": "Banyuwangi",
  "tanggal_event": "2016-01-01",
  "kontak_event": {
    "Instagram": [],
    "WhatsApp": "0812 119 911",
    "Email": "kontak@indonesiamarathon.com",
    "Website": "www.indonesiamarathon.com"
  },
  "biaya_registrasi": "Tidak tercantum",
  "kategori": [
    "5K",
    "10K"
  ],
  "jenis_event": "road run"
}