{
  "image": "-",
  "judul": "Barelang Bridge International Marathon",
  "isi_informasi": "Barelang Bridge International Marathon menawarkan kategori lomba 10K, 21K, dan 42K. Untuk informasi lebih lanjut dan pendaftaran, kunjungi situs resmi.",
  "benefit_peserta": [
    "Kesempatan berkompetisi di berbagai kategori",
    "Pengalaman berlari di jembatan Barelang yang ikonik"
  ],
  "lokasi": "Tidak tercantum",
  "kota": "Batam",
  "tanggal_event": "Tidak tercantum",
  "kontak_event": {
    "Instagram": [],
    "WhatsApp": "0812 119 911",
    "Email": "kontak@indonesiamarathon.com",
    "Website": "www.indonesiamarathon.com"
  },
  "biaya_registrasi": "Tidak tercantum",
  "kategori": [
    "10K",
    "21K",
    "42K"
  ],
  "jenis_event": "road run"
}