{
  "image": "-",
  "judul": "BCA SURABAYA RUN 2016",
  "isi_informasi": "BCA SURABAYA RUN 2016 adalah lomba lari yang diselenggarakan oleh PT Bank Central Asia Tbk sebagai dukungan terhadap gaya hidup sehat masyarakat Indonesia. Lomba ini bertujuan untuk meningkatkan kualitas hidup, produktivitas, dan kehidupan sosial yang lebih baik. Terdapat dua kategori yang dilombakan, yaitu 5K dan 10K, yang terbuka untuk warga negara Indonesia berusia 17 tahun ke atas.",
  "benefit_peserta": [
    "Mendukung gaya hidup sehat",
    "Kesempatan mencatatkan waktu tercepat",
    "Meningkatkan kualitas hidup"
  ],
  "lokasi": "Tidak tercantum",
  "kota": "Surabaya",
  "tanggal_event": "2016-01-01",
  "kontak_event": {
    "Instagram": [],
    "WhatsApp": "0812 119 911",
    "Email": "kontak@indonesiamarathon.com",
    "Website": "www.indonesiamarathon.com"
  },
  "biaya_registrasi": "Tidak tercantum",
  "kategori": [
    "5K",
    "10K"
  ],
  "jenis_event": "road run"
}