{
  "image": "-",
  "judul": "BFI Run",
  "isi_informasi": "BFI Run menawarkan kategori jarak 5K dan 10K yang akan diadakan di BSD.",
  "benefit_peserta": [
    "Kesempatan berlari di acara resmi",
    "Mendapatkan pengalaman berkompetisi",
    "Meningkatkan kebugaran"
  ],
  "lokasi": "BSD",
  "kota": "Tangerang Selatan",
  "tanggal_event": "Tidak tercantum",
  "kontak_event": {
    "Instagram": [],
    "WhatsApp": "0812 119 911",
    "Email": "kontak@indonesiamarathon.com",
    "Website": "www.indonesiamarathon.com"
  },
  "biaya_registrasi": "Tidak tercantum",
  "kategori": [
    "5K",
    "10K"
  ],
  "jenis_event": "road run"
}