{
  "image": "-",
  "judul": "Bogor Heritage Run 2016",
  "isi_informasi": "Bogor Heritage Run 2016 menawarkan kategori jarak 5K dengan berbagai jenis lomba, termasuk kompetisi individu, kompetisi beregu (10 peserta), dan fun run kelompok (3-5 peserta) yang juga terbuka untuk anak usia 12-18 tahun.",
  "benefit_peserta": [
    "Kesempatan berkompetisi di berbagai kategori",
    "Aktivitas fisik yang menyenangkan",
    "Mendukung kampanye #LARIkarenakitaPEDULI"
  ],
  "lokasi": "Hotel THE 1O1 Bogor Suryakencana, Jl. Suryakencana No. 179-181, Bogor Tengah, Jawa Barat.",
  "kota": "Bogor",
  "tanggal_event": "2016-01-01",
  "kontak_event": {
    "Instagram": [],
    "WhatsApp": "085342044441",
    "Email": "kontak@indonesiamarathon.com",
    "Website": "www.indonesiamarathon.com"
  },
  "biaya_registrasi": "Tidak tercantum",
  "kategori": [
    "5K"
  ],
  "jenis_event": "road run"
}