{
  "image": "-",
  "judul": "Borobudur Marathon 2016",
  "isi_informasi": "Borobudur Marathon 2016 menawarkan kesempatan untuk berkompetisi sambil menikmati keindahan Candi Borobudur dan udara segar pedesaan. Acara ini diikuti oleh pelari dari seluruh Indonesia dan dunia. Jangan lewatkan tanggalnya!",
  "benefit_peserta": [
    "Berkompetisi dengan pelari dari berbagai daerah",
    "Menikmati pemandangan indah pegunungan",
    "Menghirup udara segar khas pedesaan"
  ],
  "lokasi": "Candi Borobudur, Magelang, Jawa Tengah",
  "kota": "Magelang",
  "tanggal_event": "2016-11-20",
  "kontak_event": {
    "Instagram": [],
    "WhatsApp": "0812 119 911",
    "Email": "kontak@indonesiamarathon.com",
    "Website": "www.indonesiamarathon.com"
  },
  "biaya_registrasi": "Tidak tercantum",
  "kategori": [
    "3K",
    "10K",
    "21K",
    "42K",
    "116K"
  ],
  "jenis_event": "road run"
}