{
  "image": "-",
  "judul": "Braga Shoperun",
  "isi_informasi": "Braga Shoperun adalah lomba lari dengan kategori jarak 5K.",
  "benefit_peserta": [
    "Kesempatan untuk berkompetisi",
    "Meningkatkan kebugaran",
    "Bertemu dengan komunitas lari"
  ],
  "lokasi": "Tidak tercantum",
  "kota": "Tidak tercantum",
  "tanggal_event": "Tidak tercantum",
  "kontak_event": {
    "Instagram": [],
    "WhatsApp": "0812 119 911",
    "Email": "kontak@indonesiamarathon.com",
    "Website": "www.indonesiamarathon.com"
  },
  "biaya_registrasi": "Tidak tercantum",
  "kategori": [
    "5K"
  ],
  "jenis_event": "road run"
}