{
  "image": "-",
  "judul": "BRI Run 2016",
  "isi_informasi": "BRI RUN adalah acara lari yang diselenggarakan oleh Bank BRI untuk merayakan Hari Ulang Tahun ke-121 pada 16 Desember 2016. Acara ini terbuka untuk masyarakat umum, khususnya penggemar lari, dengan dua kategori: fun run 5K dan olympic run 10K. Terdapat 4.500 kuota peserta dan pendaftaran gratis. Peserta akan mendapatkan racepack yang berisi kaos lari, tas ransel, dan kartu BRIZZI. Acara ini juga dilengkapi dengan aplikasi BRI RUN yang dapat diunduh mulai 27 November 2016, serta hiburan dari GIGI BAND dan bazaar kuliner di area finish.",
  "benefit_peserta": [
    "Racepack menarik",
    "Akses aplikasi BRI RUN",
    "Hiburan dari GIGI BAND",
    "Bazaar kuliner",
    "Promo belanja dengan BRIZZI"
  ],
  "lokasi": "Plasa Senayan Gelora Bung Karno, Jakarta",
  "kota": "Jakarta",
  "tanggal_event": "2016-12-04",
  "kontak_event": {
    "Instagram": [],
    "WhatsApp": "0812 119 911",
    "Email": "kontak@indonesiamarathon.com",
    "Website": "www.indonesiamarathon.com"
  },
  "biaya_registrasi": "Gratis",
  "kategori": [
    "5K",
    "10K"
  ],
  "jenis_event": "road run"
}