{
  "image": "-",
  "judul": "Bromo Marathon 2016",
  "isi_informasi": "Bromo Marathon merupakan acara lari yang melibatkan komunitas untuk meningkatkan pendidikan, kesehatan, dan kesejahteraan ekonomi di daerah dengan sumber daya terbatas. Selain menawarkan rute yang indah dan menantang, acara ini juga memperkenalkan peserta pada kehidupan desa dan budaya unik Tengger, mendorong interaksi lintas budaya dan perdamaian melalui pemahaman.",
  "benefit_peserta": [
    "Pengalaman budaya yang kaya",
    "Rute lari yang menantang dan indah",
    "Dukungan untuk komunitas lokal"
  ],
  "lokasi": "Bromo Tengger Semeru National Park, Pasuruan - Jawa Timur",
  "kota": "Pasuruan",
  "tanggal_event": "2016-10-02",
  "kontak_event": {
    "Instagram": [],
    "WhatsApp": "+62 857 8500 4700",
    "Email": "kontak@indonesiamarathon.com",
    "Website": "www.indonesiamarathon.com"
  },
  "biaya_registrasi": "Tidak tercantum",
  "kategori": [
    "10KM",
    "21KM",
    "42KM"
  ],
  "jenis_event": "trail run"
}