{
  "image": "-",
  "judul": "Bromo Tengger Semeru 100 Ultra 2016",
  "isi_informasi": "Bromo Tengger Semeru 100 Ultra 2016 menawarkan kategori jarak 170KM, 102KM, 70KM, dan 30KM. Untuk informasi lebih lanjut dan pendaftaran, kunjungi situs resmi.",
  "benefit_peserta": [
    "Kesempatan untuk berlari di jalur yang menantang",
    "Pengalaman berlari di alam terbuka",
    "Kompetisi dengan pelari lain"
  ],
  "lokasi": "Tidak tercantum",
  "kota": "Tidak tercantum",
  "tanggal_event": "2016-01-01",
  "kontak_event": {
    "Instagram": [],
    "WhatsApp": "0812 119 911",
    "Email": "kontak@indonesiamarathon.com",
    "Website": "www.indonesiamarathon.com"
  },
  "biaya_registrasi": "Tidak tercantum",
  "kategori": [
    "30KM",
    "70KM",
    "102KM",
    "170KM"
  ],
  "jenis_event": "trail run"
}