{
  "image": "-",
  "judul": "BTN Homerun In Harmony",
  "isi_informasi": "BTN Homerun In Harmony adalah perlombaan lari sejauh 5 kilometer (5K) yang diselenggarakan oleh Bank BTN dalam rangka memperingati HUT BTN ke-66. Event ini terbuka untuk umum dan gratis, mengajak masyarakat untuk berpartisipasi demi menjaga kesehatan.",
  "benefit_peserta": [
    "Menjaga kesehatan",
    "Partisipasi dalam perayaan HUT BTN"
  ],
  "lokasi": "Plaza Barat, Gelora Bung Karno Senayan",
  "kota": "Jakarta",
  "tanggal_event": "2025-01-19",
  "kontak_event": {
    "Instagram": [],
    "WhatsApp": "0812 119 911",
    "Email": "kontak@indonesiamarathon.com",
    "Website": "www.indonesiamarathon.com"
  },
  "biaya_registrasi": "Gratis",
  "kategori": [
    "5K"
  ],
  "jenis_event": "fun run"
}