{
  "image": "-",
  "judul": "Buyan Jungle Run 10K",
  "isi_informasi": "Balai Konservasi Sumber Daya Alam Bali akan menyelenggarakan Buyan Jungle Run 10K di TWA Danau Buyan-Danau Tamblingan untuk merayakan Hari Konservasi Alam Nasional 2016. Jarak tempuh lomba adalah 10 KM.",
  "benefit_peserta": [
    "Kaos peserta",
    "Konsumsi (makan siang)",
    "Kesempatan memenangkan hadiah uang tunai dan trophy"
  ],
  "lokasi": "TWA Danau Buyan-Danau Tamblingan, Desa Pancasari, Kec. Sukasada, Kab. Buleleng, Prov. Bali",
  "kota": "Buleleng",
  "tanggal_event": "2016-08-07",
  "kontak_event": {
    "Instagram": [],
    "WhatsApp": "085858738063",
    "Email": "kontak@indonesiamarathon.com",
    "Website": "www.indonesiamarathon.com"
  },
  "biaya_registrasi": "Rp 50.000,-",
  "kategori": [],
  "jenis_event": "road run"
}