{
  "image": "-",
  "judul": "Capital Market Run 2016",
  "isi_informasi": "Capital Market Run 2016 menawarkan kategori jarak 5K, 10K, dan 21K yang akan diadakan di The Breeze, BSD.",
  "benefit_peserta": [
    "Kesempatan berlari di acara bergengsi",
    "Mendapatkan pengalaman berkompetisi",
    "Mendukung gaya hidup sehat"
  ],
  "lokasi": "The Breeze, BSD",
  "kota": "Tangerang",
  "tanggal_event": "2016-01-01",
  "kontak_event": {
    "Instagram": [],
    "WhatsApp": "0812 119 911",
    "Email": "kontak@indonesiamarathon.com",
    "Website": "www.indonesiamarathon.com"
  },
  "biaya_registrasi": "Tidak tercantum",
  "kategori": [
    "5K",
    "10K",
    "21K"
  ],
  "jenis_event": "road run"
}