{
  "image": "-",
  "judul": "CC5K Almamaterun 2016",
  "isi_informasi": "CC5K Almamaterun 2016 adalah lomba lari dengan kategori jarak 5K yang akan berlangsung di Kolese Kanisius, Menteng Raya 64. Pendaftaran dibuka mulai 26 Februari 2016.",
  "benefit_peserta": [
    "Kesempatan berkompetisi dalam lomba lari",
    "Mendapatkan pengalaman berlari di lingkungan yang menyenangkan"
  ],
  "lokasi": "Kolese Kanisius Menteng Raya 64",
  "kota": "Jakarta",
  "tanggal_event": "2016-02-26",
  "kontak_event": {
    "Instagram": [],
    "WhatsApp": "0812 119 911",
    "Email": "kontak@indonesiamarathon.com",
    "Website": "www.indonesiamarathon.com"
  },
  "biaya_registrasi": "Tidak tercantum",
  "kategori": [
    "5K"
  ],
  "jenis_event": "road run"
}