{
  "image": "-",
  "judul": "Circle K Run 2016",
  "isi_informasi": "Circle K Run 2016 menawarkan kategori jarak 5K dan 10K yang berlangsung di Balai Kota Bandung. Pendaftaran dapat dilakukan secara offline di seluruh outlet Circle K di Bandung dan Jakarta. Untuk informasi lebih lanjut dan registrasi, kunjungi www.circlekindonesia.com dan www.garamproductions.com.",
  "benefit_peserta": [
    "Kesempatan berlari di kategori 5K dan 10K",
    "Pendaftaran mudah di outlet Circle K"
  ],
  "lokasi": "Balai Kota Bandung",
  "kota": "Bandung",
  "tanggal_event": "2016-01-01",
  "kontak_event": {
    "Instagram": [],
    "WhatsApp": "0812 119 911",
    "Email": "kontak@indonesiamarathon.com",
    "Website": "www.indonesiamarathon.com"
  },
  "biaya_registrasi": "Tidak tercantum",
  "kategori": [
    "5K",
    "10K"
  ],
  "jenis_event": "road run"
}