{
  "image": "-",
  "judul": "Ciremai Trail Run",
  "isi_informasi": "Ciremai Trail Run menawarkan kategori jarak 10KM dan 25KM yang berlangsung di Monkey Forest Cibeureum, Cilimus - Kuningan.",
  "benefit_peserta": [
    "Kesempatan berlari di alam terbuka",
    "Meningkatkan kebugaran",
    "Bertemu dengan komunitas lari"
  ],
  "lokasi": "Monkey Forest Cibeureum, Cilimus - Kuningan",
  "kota": "Kuningan",
  "tanggal_event": "Tidak tercantum",
  "kontak_event": {
    "Instagram": [],
    "WhatsApp": "0812 119 911",
    "Email": "kontak@indonesiamarathon.com",
    "Website": "www.indonesiamarathon.com"
  },
  "biaya_registrasi": "Tidak tercantum",
  "kategori": [
    "10K",
    "25K"
  ],
  "jenis_event": "trail run"
}