{
  "image": "-",
  "judul": "Cleo Smart Run 2016",
  "isi_informasi": "Cleo Smart Run 2016 akan diadakan pada 9 Oktober 2016 di Graha Fairground, Surabaya, mulai pukul 05.00 hingga 10.00. Acara ini menampilkan Daniel Mananta sebagai bintang tamu dan DJ Yasmin sebagai pengisi acara. Terdapat kategori lari 5K dan 10K dengan biaya pendaftaran masing-masing Rp 75.000 dan Rp 100.000. Peserta akan mendapatkan T-Shirt, tas, wristband, nomor BIB, medali finisher, dan Moorlife. Total hadiah mencapai Rp 100.000.000, termasuk doorprize berupa motor dan gadget.",
  "benefit_peserta": [
    "Running T-Shirt",
    "Tas",
    "Wristband",
    "Nomor BIB",
    "Medali Finisher",
    "Moorlife"
  ],
  "lokasi": "Graha Fairground, Surabaya",
  "kota": "Surabaya",
  "tanggal_event": "2016-10-09",
  "kontak_event": {
    "Instagram": [],
    "WhatsApp": "0812 119 911",
    "Email": "kontak@indonesiamarathon.com",
    "Website": "www.indonesiamarathon.com"
  },
  "biaya_registrasi": {
    "5K": "Rp 75.000",
    "10K": "Rp 100.000"
  },
  "kategori": [
    "5K",
    "10K"
  ],
  "jenis_event": "road run"
}