{
  "image": "-",
  "judul": "Coast to Coast Night Trail Ultra 2016",
  "isi_informasi": "\"COAST TO COAST NIGHT TRAIL ULTRA 2016\" adalah acara lari yang diadakan oleh Komunitas Trail Runners Yogyakarta. Event ini merupakan kelanjutan dari \"COAST TO COAST NIGHT TRAIL MARATHON\" yang berlangsung pada awal tahun 2015. Peserta akan berlari sejauh 50 Kilometer di alam, menyusuri perbukitan dan pesisir pantai selatan Yogyakarta pada malam hari. Start dan finish berada di Pantai selatan Yogyakarta, dengan rute melalui perbukitan Gunung Kidul, termasuk Gua Langse, Gua Ciremai, area persawahan, Hutan Wisata Panggang, hingga Gumuk Pasir Parangkusumo.",
  "benefit_peserta": [
    "Pengalaman berlari di alam malam hari",
    "Menikmati pemandangan perbukitan dan pantai",
    "Kesempatan berinteraksi dengan komunitas lari"
  ],
  "lokasi": "Pantai selatan Yogyakarta",
  "kota": "Yogyakarta",
  "tanggal_event": "2016-01-01",
  "kontak_event": {
    "Instagram": [],
    "WhatsApp": "0812 119 911",
    "Email": "kontak@indonesiamarathon.com",
    "Website": "www.indonesiamarathon.com"
  },
  "biaya_registrasi": "Tidak tercantum",
  "kategori": [],
  "jenis_event": "trail run"
}