{
  "image": "-",
  "judul": "Combi Run 2016",
  "isi_informasi": "Combi Run 2016 mengajak masyarakat Indonesia untuk merayakan kesehatan melalui lomba lari, sebagai bagian dari komitmen Combiphar dalam mempromosikan gaya hidup sehat. Acara ini akan berlangsung pada 13 November 2016.",
  "benefit_peserta": [
    "Meningkatkan kesadaran akan kesehatan",
    "Kesempatan berpartisipasi dalam lomba lari",
    "Mendapatkan pengalaman berlari bersama komunitas"
  ],
  "lokasi": "Tidak tercantum",
  "kota": "Tidak tercantum",
  "tanggal_event": "2016-11-13",
  "kontak_event": {
    "Instagram": [],
    "WhatsApp": "0812 119 911",
    "Email": "kontak@indonesiamarathon.com",
    "Website": "www.indonesiamarathon.com"
  },
  "biaya_registrasi": "Tidak tercantum",
  "kategori": [
    "10K",
    "5K",
    "Ekiden",
    "Kid Dash"
  ],
  "jenis_event": "road run"
}