{
  "image": "-",
  "judul": "Compressport Heritage Run 2016",
  "isi_informasi": "Compressport Heritage Run 2016 adalah acara lari yang mengajak peserta untuk merasakan budaya dan warisan Indonesia melalui miniatur yang indah di Taman Mini Indonesia Indah (TMII) Jakarta Timur. Acara ini menawarkan jarak lari 5K dan 10K di dalam area TMII, di mana peserta dapat melihat arsitektur unik dari setiap provinsi di Indonesia.",
  "benefit_peserta": [
    "Pengalaman budaya Indonesia",
    "Melihat arsitektur unik dari berbagai provinsi",
    "Kesempatan berlari di lokasi yang indah"
  ],
  "lokasi": "Taman Mini Indonesia Indah (TMII), Jakarta Timur",
  "kota": "Jakarta",
  "tanggal_event": "2016-09-18",
  "kontak_event": {
    "Instagram": [
      "@compressportrunindo"
    ],
    "WhatsApp": "0812 119 911",
    "Email": "kontak@indonesiamarathon.com",
    "Website": "www.indonesiamarathon.com"
  },
  "biaya_registrasi": "Tidak tercantum",
  "kategori": [
    "5K",
    "10K"
  ],
  "jenis_event": "road run"
}