{
  "image": "-",
  "judul": "Crizal Cinema Jam 2016",
  "isi_informasi": "Crizal Cinema Jam 2016 adalah lomba lari dengan kategori jarak 5K yang akan dilaksanakan pada pukul 16:00 WIB di Epicentrum Walk, Kuningan, Jakarta.",
  "benefit_peserta": [
    "Kesempatan untuk berkompetisi",
    "Mendapatkan pengalaman berlari di lokasi menarik"
  ],
  "lokasi": "Epicentrum Walk, Kuningan, Jakarta",
  "kota": "Jakarta",
  "tanggal_event": "2016-01-01",
  "kontak_event": {
    "Instagram": [],
    "WhatsApp": "0812 119 911",
    "Email": "kontak@indonesiamarathon.com",
    "Website": "www.indonesiamarathon.com"
  },
  "biaya_registrasi": "Tidak tercantum",
  "kategori": [
    "5K"
  ],
  "jenis_event": "road run"
}