{
  "image": "-",
  "judul": "Double Road Race (Bali Series) 2016",
  "isi_informasi": "Event ini menawarkan kategori jarak Double 15KM, Double 5KM, dan Double 2.4KM yang akan berlangsung di Kawasan Parkir Tirta Empul, Tampaksiring, Gianyar, Bali. Pendaftaran dapat dilakukan di Triplo Coffee Bali.",
  "benefit_peserta": [
    "Kesempatan untuk berkompetisi di berbagai kategori jarak",
    "Pengalaman berlari di lokasi yang indah"
  ],
  "lokasi": "Kawasan Parkir Tirta Empul, Tampaksiring Gianyar Bali",
  "kota": "Gianyar",
  "tanggal_event": "2016-01-01",
  "kontak_event": {
    "Instagram": [],
    "WhatsApp": "0812 119 911",
    "Email": "kontak@indonesiamarathon.com",
    "Website": "www.indonesiamarathon.com"
  },
  "biaya_registrasi": "Tidak tercantum",
  "kategori": [
    "15KM",
    "5KM",
    "2.4KM"
  ],
  "jenis_event": "road run"
}