{
  "image": "-",
  "judul": "DV Run 2016",
  "isi_informasi": "DV Run 2016 adalah lomba lari dengan kategori jarak 5K yang akan berlangsung pada hari Minggu, 4 Desember 2016 di Taman Impian Jaya Ancol.",
  "benefit_peserta": [
    "Kesempatan berolahraga",
    "Meningkatkan kesehatan",
    "Bertemu komunitas lari"
  ],
  "lokasi": "Taman Impian Jaya Ancol, Jakarta",
  "kota": "Jakarta",
  "tanggal_event": "2016-12-04",
  "kontak_event": {
    "Instagram": [],
    "WhatsApp": "0812 119 911",
    "Email": "kontak@indonesiamarathon.com",
    "Website": "www.indonesiamarathon.com"
  },
  "biaya_registrasi": "Tidak tercantum",
  "kategori": [
    "5K"
  ],
  "jenis_event": "road run"
}