{
  "image": "-",
  "judul": "Eco-Friendly Run",
  "isi_informasi": "Event ini menawarkan jersey finisher, penyegaran, dan doorprizes. Terdapat juga akses gratis ke INDOFEST khusus pada hari Minggu, 10 April.",
  "benefit_peserta": [
    "Jersey finisher",
    "Penyegaran",
    "Doorprizes",
    "Akses gratis ke INDOFEST"
  ],
  "lokasi": "Tidak tercantum",
  "kota": "Tidak tercantum",
  "tanggal_event": "2025-04-10",
  "kontak_event": {
    "Instagram": [],
    "WhatsApp": "0812 119 911",
    "Email": "kontak@indonesiamarathon.com",
    "Website": "www.indonesiamarathon.com"
  },
  "biaya_registrasi": "Tidak tercantum",
  "kategori": [],
  "jenis_event": "fun run"
}