{
  "image": "-",
  "judul": "Explorun",
  "isi_informasi": "Ikuti tantangan lari yang menyenangkan dan menantang dengan hadiah menarik senilai jutaan rupiah. Tukarkan 2 kaleng Cap Panda Cincau & Aloe Vera untuk mendapatkan Free Race Pack yang terdiri dari T Shirt Runner, Kupon Makanan & Doorprize, Tas Soft, Nomor Dada, Formulir Registrasi, dan Medali Finisher.",
  "benefit_peserta": [
    "T Shirt Runner",
    "Kupon Makanan & Doorprize",
    "Tas Soft",
    "Nomor Dada",
    "Formulir Registrasi",
    "Medali Finisher"
  ],
  "lokasi": "Plaza Selatan Senayan",
  "kota": "Jakarta",
  "tanggal_event": "2025-01-19",
  "kontak_event": {
    "Instagram": [],
    "WhatsApp": "0812 119 911",
    "Email": "kontak@indonesiamarathon.com",
    "Website": "www.indonesiamarathon.com"
  },
  "biaya_registrasi": "Tidak tercantum",
  "kategori": [
    "6K"
  ],
  "jenis_event": "road run"
}