{
  "image": "-",
  "judul": "Extreme Jungle Run 3",
  "isi_informasi": "Extreme Jungle Run 3 kembali diadakan pada 17 April 2016, ditujukan bagi para penggemar trail running di Indonesia yang ingin merasakan tantangan di hutan Samarinda. Event ini menawarkan rute yang berbukit, licin, dan penuh rintangan alami. Terdapat dua kategori lomba, yaitu 10K dan 21K, dengan batas waktu (COT) 5 jam dan 10 jam, yang ditingkatkan berdasarkan masukan peserta sebelumnya. Banyak yang menyebut EJR sebagai 'THE TOUGHEST TRAIL RUNNING RACE IN BORNEO'.",
  "benefit_peserta": [
    "Pengalaman menantang di alam",
    "Kesempatan untuk berkompetisi di rute yang unik",
    "Meningkatkan ketahanan fisik dan mental"
  ],
  "lokasi": "Tidak tercantum",
  "kota": "Samarinda",
  "tanggal_event": "2016-04-17",
  "kontak_event": {
    "Instagram": [],
    "WhatsApp": "0812 119 911",
    "Email": "kontak@indonesiamarathon.com",
    "Website": "www.indonesiamarathon.com"
  },
  "biaya_registrasi": "Tidak tercantum",
  "kategori": [
    "10K",
    "21K"
  ],
  "jenis_event": "trail run"
}