{
  "image": "-",
  "judul": "Forest Run",
  "isi_informasi": "Forest Run adalah lomba lari dengan kategori jarak 8KM yang berlangsung di Citraland BSB City.",
  "benefit_peserta": [
    "Kesempatan berkompetisi di alam terbuka",
    "Meningkatkan kebugaran",
    "Bertemu dengan komunitas lari"
  ],
  "lokasi": "Citraland BSB City",
  "kota": "Citraland BSB City",
  "tanggal_event": "Tidak tercantum",
  "kontak_event": {
    "Instagram": [],
    "WhatsApp": "0812 119 911",
    "Email": "kontak@indonesiamarathon.com",
    "Website": "www.indonesiamarathon.com"
  },
  "biaya_registrasi": "Tidak tercantum",
  "kategori": [
    "8KM"
  ],
  "jenis_event": "trail run"
}