{
  "image": "-",
  "judul": "Galesong Trail Run 2016",
  "isi_informasi": "Galesong Trail Run 2016 diselenggarakan oleh Galesong Group untuk mempromosikan olahraga lari, dengan tema trail dan tagline 'Focus, Believe and Breathe'. Event ini menawarkan dua kategori lomba, yaitu 5K dan 12K, yang berlangsung di kawasan perbukitan lapangan golf internasional Padivalley.",
  "benefit_peserta": [
    "Pengalaman berlari di pemandangan yang indah",
    "Tantangan berlari di perbukitan",
    "Kesempatan untuk berpartisipasi dalam acara komunitas"
  ],
  "lokasi": "Galesong Building Lt.1 (Showroom Sepeda Motor Suzuki), Jl. A.P. Pettarani No.55, Makassar",
  "kota": "Makassar",
  "tanggal_event": "2016-10-01",
  "kontak_event": {
    "Instagram": [],
    "WhatsApp": "0812 119 911",
    "Email": "kontak@indonesiamarathon.com",
    "Website": "www.indonesiamarathon.com"
  },
  "biaya_registrasi": "Tidak tercantum",
  "kategori": [
    "5K",
    "12K"
  ],
  "jenis_event": "trail run"
}