{
  "image": "-",
  "judul": "Gede Vertical Trail Run",
  "isi_informasi": "Gede Vertical Trail Run yang pertama akan dimulai dari GUNUNG PUTRI GATE (CIPANAS) pada pagi hari Sabtu, 3 September 2016, pukul 04.00 WIB. Para peserta akan berlari di jalur Gunung Putri dengan penerangan headlamp di awal perlombaan. Mereka akan menikmati keindahan alam Mt. Gede, jalur Gunung Putri, savana, dan kawah Gede saat matahari terbit. Peserta diharapkan menyelesaikan perlombaan dalam waktu 3 jam untuk kategori individu dan 3,5 jam untuk kategori pasangan, yang juga akan mengikuti kontes foto pasangan romantis di puncak.",
  "benefit_peserta": [
    "Pengalaman berlari di alam yang indah",
    "Kesempatan menikmati sunrise di puncak Mt. Gede",
    "Kontes foto untuk kategori pasangan"
  ],
  "lokasi": "GUNUNG PUTRI GATE, CIPANAS",
  "kota": "Cipanas",
  "tanggal_event": "2016-09-03",
  "kontak_event": {
    "Instagram": [],
    "WhatsApp": "0812 119 911",
    "Email": "kontak@indonesiamarathon.com",
    "Website": "www.indonesiamarathon.com"
  },
  "biaya_registrasi": {
    "Individual": "Tidak tercantum",
    "Romantic Couple": "Tidak tercantum"
  },
  "kategori": [
    "7,5KM"
  ],
  "jenis_event": "trail run"
}