{
  "image": "-",
  "judul": "Gelora Run 2016",
  "isi_informasi": "Gelora Run 2016 merupakan acara lari yang diadakan di Gelora Bung Karno sebagai bagian dari semangat renovasi untuk Asian Games XVIII. Peserta akan berlari di lintasan stadion utama dan menyaksikan renovasi terbesar dalam sejarah GBK. Acara ini akan diadakan kembali setelah renovasi selesai.",
  "benefit_peserta": [
    "Pengalaman berlari di stadion bersejarah",
    "Kesempatan menyaksikan renovasi Gelora Bung Karno"
  ],
  "lokasi": "Plaza Selatan, Gelora Bung Karno",
  "kota": "Jakarta",
  "tanggal_event": "2016-01-01",
  "kontak_event": {
    "Instagram": [],
    "WhatsApp": "0818-741-438",
    "Email": "kontak@indonesiamarathon.com",
    "Website": "www.indonesiamarathon.com"
  },
  "biaya_registrasi": "Rp.150.000,-",
  "kategori": [
    "6KM",
    "5KM"
  ],
  "jenis_event": "road run"
}