{
  "image": "-",
  "judul": "Goat Run Trail Running Series #1",
  "isi_informasi": "Daftarkan diri Anda untuk Goat Run Trail Running Race Series yang dibuka mulai 1 Januari 2016.",
  "benefit_peserta": [
    "Pengalaman baru",
    "Kesempatan berkompetisi di lintasan trail"
  ],
  "lokasi": "Tidak tercantum",
  "kota": "Tidak tercantum",
  "tanggal_event": "2016-01-01",
  "kontak_event": {
    "Instagram": [],
    "WhatsApp": "0812 119 911",
    "Email": "kontak@indonesiamarathon.com",
    "Website": "www.indonesiamarathon.com"
  },
  "biaya_registrasi": "Tidak tercantum",
  "kategori": [],
  "jenis_event": "trail run"
}