{
  "image": "-",
  "judul": "Goat Run Trail Running Series #2",
  "isi_informasi": "Goat Run Trail Running Series #2 akan diadakan di Gunung Merapi, Sleman, Yogyakarta. Untuk informasi lebih lanjut dan pendaftaran, kunjungi http://www.goatrun.id/.",
  "benefit_peserta": [
    "Kesempatan berlari di lokasi yang indah",
    "Meningkatkan kebugaran",
    "Bertemu dengan komunitas lari"
  ],
  "lokasi": "Gunung Merapi, Sleman, Yogyakarta",
  "kota": "Sleman",
  "tanggal_event": "Tidak tercantum",
  "kontak_event": {
    "Instagram": [],
    "WhatsApp": "0812 119 911",
    "Email": "kontak@indonesiamarathon.com",
    "Website": "www.indonesiamarathon.com"
  },
  "biaya_registrasi": "Tidak tercantum",
  "kategori": [],
  "jenis_event": "trail run"
}