{
  "image": "-",
  "judul": "Goat Run Trail Running Series #3",
  "isi_informasi": "Goat Run Trail Running Series #3 akan berlangsung di Gunung Raung, Bondowoso, Jawa Timur. Untuk informasi lebih lanjut dan pendaftaran, kunjungi http://www.goatrun.id/.",
  "benefit_peserta": [
    "Kesempatan berlari di lokasi yang menantang",
    "Meningkatkan kebugaran",
    "Bertemu dengan komunitas lari"
  ],
  "lokasi": "Gunung Raung, Bondowoso, Jawa Timur",
  "kota": "Bondowoso",
  "tanggal_event": "Tidak tercantum",
  "kontak_event": {
    "Instagram": [],
    "WhatsApp": "0812 119 911",
    "Email": "kontak@indonesiamarathon.com",
    "Website": "www.indonesiamarathon.com"
  },
  "biaya_registrasi": "Tidak tercantum",
  "kategori": [],
  "jenis_event": "trail run"
}