{
  "image": "-",
  "judul": "Goat Run Trail Running Series #4",
  "isi_informasi": "Event Goat Run Trail Running Series #4 akan diselenggarakan di Gunung Agung, Karangasem, Bali. Untuk informasi lebih lanjut dan pendaftaran, kunjungi situs resmi.",
  "benefit_peserta": [
    "Kesempatan berlari di jalur alam yang menantang",
    "Meningkatkan kebugaran fisik",
    "Bertemu dengan komunitas pelari"
  ],
  "lokasi": "Gunung Agung, Karangasem, Bali",
  "kota": "Karangasem",
  "tanggal_event": "Tidak tercantum",
  "kontak_event": {
    "Instagram": [],
    "WhatsApp": "0812 119 911",
    "Email": "kontak@indonesiamarathon.com",
    "Website": "www.indonesiamarathon.com"
  },
  "biaya_registrasi": "Tidak tercantum",
  "kategori": [],
  "jenis_event": "trail run"
}