{
  "image": "-",
  "judul": "Grage Run 5 K & 10 K",
  "isi_informasi": "Dalam rangka merayakan 20 tahun Grage Mall, Grage Mall dan Cirebon Runners menyelenggarakan Grage Run 5 K & 10 K. Tiket seharga Rp 50.000 mencakup kaos dan kesempatan untuk memenangkan hadiah uang tunai total Rp 40.000.000, serta undian 20 motor dan hadiah menarik lainnya. Medali finisher akan diberikan kepada 300 pelari. Untuk komunitas, ada penawaran bayar 5 tiket dapat 6. Pendaftaran komunitas dapat dilakukan melalui email.",
  "benefit_peserta": [
    "Kaos",
    "Kesempatan memenangkan hadiah uang tunai",
    "Undian motor",
    "Medali finisher"
  ],
  "lokasi": "Grage Mall, Cirebon",
  "kota": "Cirebon",
  "tanggal_event": "2016-12-03",
  "kontak_event": {
    "Instagram": [],
    "WhatsApp": "087729403357",
    "Email": "kontak@indonesiamarathon.com",
    "Website": "www.indonesiamarathon.com"
  },
  "biaya_registrasi": "Rp 50.000",
  "kategori": [
    "5K",
    "10K"
  ],
  "jenis_event": "road run"
}