{
  "image": "-",
  "judul": "Gramedia Fun Run 5k",
  "isi_informasi": "Daftarkan diri Anda untuk menjalani hidup sehat bersama #GramediaFunRun. Biaya pendaftaran sebesar Rp 50.000, termasuk racepack yang terdiri dari kaos, BIB, snack, doorprize, dan medali untuk 100 finisher pertama. Terdapat doorprize senilai puluhan juta rupiah, termasuk iPhone 6, iPad mini 3, sepeda, kamera DSLR 700D, voucher belanja, dan banyak lagi. Ikuti lomba foto dan video saat berlari untuk memenangkan voucher Gramedia dan total uang tunai 2 juta untuk 3 pemenang. Diskon khusus juga tersedia dengan menunjukkan BIB di Cozyfield Cafe dan Milors. Pendaftaran dapat dilakukan secara offline di Gramedia Jabodetabek atau secara online melalui form yang disediakan.",
  "benefit_peserta": [
    "Medali untuk 100 finisher pertama",
    "Kesempatan memenangkan doorprize",
    "Diskon di Cozyfield Cafe dan Milors",
    "Hadiah voucher Gramedia dan uang tunai"
  ],
  "lokasi": "Jl. BSD Raya Utama no 22, Pagedangan, Tangerang",
  "kota": "Tangerang",
  "tanggal_event": "2016-11-25",
  "kontak_event": {
    "Instagram": [],
    "WhatsApp": "08562630733",
    "Email": "kontak@indonesiamarathon.com",
    "Website": "www.indonesiamarathon.com"
  },
  "biaya_registrasi": "Rp 50.000",
  "kategori": [],
  "jenis_event": "fun run"
}