{
  "image": "-",
  "judul": "Gunung Mas Fun Trail",
  "isi_informasi": "Gunung Mas Fun Trail menawarkan berbagai kategori lomba lari, termasuk Fun Trail Run 3K, 5K, 10K, dan 21K. Setiap peserta akan mendapatkan racepack yang berisi goodie bag, jersey, nomor BIB, refreshment, medali finisher, snack box, dan doorprizes.",
  "benefit_peserta": [
    "Goodie Bag",
    "Jersey",
    "BIB Number",
    "Refreshment",
    "Medali Finisher",
    "Snack Box",
    "Doorprizes"
  ],
  "lokasi": "Tidak tercantum",
  "kota": "Tidak tercantum",
  "tanggal_event": "Tidak tercantum",
  "kontak_event": {
    "Instagram": [],
    "WhatsApp": "0812 119 911",
    "Email": "kontak@indonesiamarathon.com",
    "Website": "www.indonesiamarathon.com"
  },
  "biaya_registrasi": "Tidak tercantum",
  "kategori": [
    "3K",
    "5K",
    "10K",
    "21K"
  ],
  "jenis_event": "trail run"
}