{
  "image": "-",
  "judul": "Halloween Fun Run Surabaya 2016",
  "isi_informasi": "Ajak seluruh keluarga dan pasangan untuk berlari atau berjalan di Fun Halloween 5K dengan suasana luar ruangan yang menyenangkan. Akan ada musik live, kupon makanan dan minuman, penampilan DJ, serta hadiah untuk kostum paling kreatif. Anak-anak di bawah 10 tahun dapat menikmati Kids Corner untuk Trick or Treat dan berbagai permainan. Kategori keluarga dan pasangan harus menyelesaikan lomba bersama.",
  "benefit_peserta": [
    "Musik live",
    "Kupon makanan dan minuman",
    "Hadiah untuk kostum kreatif",
    "Kids Corner untuk anak-anak"
  ],
  "lokasi": "Tidak tercantum",
  "kota": "Surabaya",
  "tanggal_event": "2016-10-31",
  "kontak_event": {
    "Instagram": [],
    "WhatsApp": "0812 119 911",
    "Email": "kontak@indonesiamarathon.com",
    "Website": "www.indonesiamarathon.com"
  },
  "biaya_registrasi": "Tidak tercantum",
  "kategori": [
    "5K"
  ],
  "jenis_event": "fun run"
}