{
  "image": "-",
  "judul": "Hash Challenge Jakarta 2016",
  "isi_informasi": "Hash Challenge Jakarta 2016 mengundang Anda untuk bergabung kembali setelah sukses acara pertama pada tahun 2014. Ini adalah acara tim dengan empat anggota yang harus terdiri dari campuran jenis kelamin. Waktu tim dihitung berdasarkan penyelesaian anggota terakhir. Setiap 10 km terdapat Check Point (CP) dengan fasilitas air. Tim harus menyelesaikan acara bersama dan akan ada batas waktu di setiap CP. Acara utama berlangsung pada 26 Maret 2016 dengan jarak sekitar 42 km dan elevasi 2.000-3.000 m. Rata-rata peserta yang fit diperkirakan menyelesaikan dalam waktu 10 jam, sementara pelari cepat dalam 8-9 jam.",
  "benefit_peserta": [
    "Pengalaman berlari di jalur terbaik Indonesia",
    "Kesempatan untuk berkolaborasi dalam tim",
    "Fasilitas air di setiap Check Point"
  ],
  "lokasi": "Tidak tercantum",
  "kota": "Jakarta",
  "tanggal_event": "2016-03-26",
  "kontak_event": {
    "Instagram": [],
    "WhatsApp": "0812 119 911",
    "Email": "kontak@indonesiamarathon.com",
    "Website": "www.indonesiamarathon.com"
  },
  "biaya_registrasi": "Tidak tercantum",
  "kategori": [
    "42K"
  ],
  "jenis_event": "trail run"
}