{
  "image": "-",
  "judul": "Healthy Run",
  "isi_informasi": "Healthy Run adalah lomba lari dengan kategori jarak 10KM yang diadakan di EastCoast Centre Pakuwon City.",
  "benefit_peserta": [
    "Kesempatan untuk berolahraga",
    "Meningkatkan kesehatan",
    "Bertemu dengan komunitas lari"
  ],
  "lokasi": "EastCoast Centre Pakuwon City",
  "kota": "Surabaya",
  "tanggal_event": "2025-01-19",
  "kontak_event": {
    "Instagram": [],
    "WhatsApp": "08113325728",
    "Email": "kontak@indonesiamarathon.com",
    "Website": "www.indonesiamarathon.com"
  },
  "biaya_registrasi": "Tidak tercantum",
  "kategori": [
    "10K"
  ],
  "jenis_event": "road run"
}