{
  "image": "-",
  "judul": "Hello Kitty Run 2016",
  "isi_informasi": "Hello Kitty Run 2016 akan diadakan di Indonesia, menawarkan rute lari 5K yang menyenangkan, pesta setelah lari, serta kesempatan untuk bertemu Hello Kitty. Acara ini berlangsung di AEON Mall, BSD City pada 6 November 2016.",
  "benefit_peserta": [
    "Rute lari 5K yang menyenangkan",
    "Pesta setelah lari",
    "Kesempatan bertemu Hello Kitty"
  ],
  "lokasi": "AEON Mall, BSD City, Tangerang Selatan",
  "kota": "Tangerang Selatan",
  "tanggal_event": "2016-11-06",
  "kontak_event": {
    "Instagram": [],
    "WhatsApp": "0812 119 911",
    "Email": "kontak@indonesiamarathon.com",
    "Website": "www.indonesiamarathon.com"
  },
  "biaya_registrasi": "Tidak tercantum",
  "kategori": [
    "5K"
  ],
  "jenis_event": "road run"
}