{
  "image": "-",
  "judul": "Herbalife Run 2016",
  "isi_informasi": "Herbalife Run adalah lomba lari bagi mereka yang mengedepankan gaya hidup sehat dan aktif. Dengan dukungan nutrisi dari Herbalife, peserta dapat meningkatkan performa lari dan mempercepat pemulihan setelah perlombaan. Acara ini akan berlangsung untuk ketiga kalinya pada 9 Oktober 2016.",
  "benefit_peserta": [
    "Meningkatkan performa lari",
    "Pemulihan cepat setelah perlombaan",
    "Pengalaman beraktivitas dengan nutrisi tambahan"
  ],
  "lokasi": "Tidak tercantum",
  "kota": "Tidak tercantum",
  "tanggal_event": "2016-10-09",
  "kontak_event": {
    "Instagram": [],
    "WhatsApp": "0812 119 911",
    "Email": "kontak@indonesiamarathon.com",
    "Website": "www.indonesiamarathon.com"
  },
  "biaya_registrasi": "Tidak tercantum",
  "kategori": [],
  "jenis_event": "road run"
}