{
  "image": "-",
  "judul": "Hermina 5K Run For The Earth",
  "isi_informasi": "Dalam rangka merayakan Hari Bumi 2016 dan ulang tahun ke-31 Grup Rumah Sakit Hermina, Rumah Sakit Hermina Pasteur Bandung melalui komunitas lari Hermirunners mempersembahkan 'Hermina 5K Run For The Earth' pada hari Minggu, 24 April 2016. Acara dibuka mulai pukul 5 pagi di KOHARMATAU Lanud Husein Sastranegara Bandung. Biaya pendaftaran early bird hingga 31 Maret 2016 adalah Rp 125.000, harga reguler mulai 1 April 2016 adalah Rp 150.000, dan harga khusus untuk pelajar (dengan menunjukkan kartu pelajar, pendaftaran offline) adalah Rp 100.000. Peserta yang mendaftar akan mendapatkan racepack yang terdiri dari tas lari eksklusif, jersey lari, BIB, kartu masuk Rumah Sakit Hermina Pasteur Bandung, voucher fisioterapi gratis senilai Rp 110.000, serta pohon yang akan ditanam. Semua finisher juga akan mendapatkan medali dan checkpoint slayer. Acara ini juga akan dimeriahkan dengan festival foodtruck, bazaar, stasiun anak, gerakan penanaman 1000 pohon, kontes foto lari, photobooth, penampilan DJ spesial, penampilan akustik dan band, perayaan ulang tahun grup rumah sakit Hermina, banyak doorprize dan permainan, serta banyak lagi. Terdapat juga hadiah spesial untuk pendaftaran keluarga.",
  "benefit_peserta": [
    "Racepack eksklusif",
    "Medali untuk finisher",
    "Voucher fisioterapi gratis",
    "Pohon yang akan ditanam",
    "Kesempatan memenangkan doorprize"
  ],
  "lokasi": "KOHARMATAU Lanud Husein Sastranegara Bandung",
  "kota": "Bandung",
  "tanggal_event": "2016-04-24",
  "kontak_event": {
    "Instagram": [
      "@hermina_5krun4theeart"
    ],
    "WhatsApp": "0812 119 911",
    "Email": "kontak@indonesiamarathon.com",
    "Website": "www.indonesiamarathon.com"
  },
  "biaya_registrasi": {
    "early_bird": 125000,
    "regular": 150000,
    "student": 100000
  },
  "kategori": [
    "5K"
  ],
  "jenis_event": "road run"
}