{
  "image": "-",
  "judul": "HMTI Splash Run",
  "isi_informasi": "Pendaftaran HMTI Splash Run kini dibuka! Ikuti lomba lari 5K yang penuh keseruan dan persiapkan diri Anda untuk basah-basahan. Setiap lima peserta yang mendaftar, satu pohon akan ditanam. Ayo daftarkan diri Anda dan berkontribusi untuk lingkungan!",
  "benefit_peserta": [
    "Keseruan dalam lomba lari",
    "Kesempatan untuk berkontribusi pada penanaman pohon",
    "Mendapatkan pengalaman yang menyenangkan"
  ],
  "lokasi": "AEON Mall BSD CITY",
  "kota": "Tangerang",
  "tanggal_event": "2016-05-14",
  "kontak_event": {
    "Instagram": [
      "eficnuph"
    ],
    "WhatsApp": "0812 7100 7233",
    "Email": "kontak@indonesiamarathon.com",
    "Website": "www.indonesiamarathon.com"
  },
  "biaya_registrasi": "Tidak tercantum",
  "kategori": [
    "5K"
  ],
  "jenis_event": "road run"
}