{
  "image": "-",
  "judul": "Ijen Trail Running",
  "isi_informasi": "Ijen Trail Running adalah lomba lari yang terdiri dari 4 kategori yang diadakan di dataran tinggi Ijen, Sempol, Kabupaten Bondowoso. Rute lomba melewati keindahan Kawah Ijen, danau asam terbesar di dunia, serta area pertambangan belerang. Peserta akan menikmati pemandangan menakjubkan, termasuk api biru dari belerang yang mengalir di bawah kawah.",
  "benefit_peserta": [
    "Menikmati pemandangan alam yang indah",
    "Pengalaman unik berlari di kawasan vulkanik",
    "Kesempatan untuk berpartisipasi dalam lomba lari yang menantang"
  ],
  "lokasi": "Dataran Tinggi Ijen, Sempol, Kabupaten Bondowoso",
  "kota": "Bondowoso",
  "tanggal_event": "2016-05-21",
  "kontak_event": {
    "Instagram": [],
    "WhatsApp": "0812 119 911",
    "Email": "kontak@indonesiamarathon.com",
    "Website": "www.indonesiamarathon.com"
  },
  "biaya_registrasi": "Tidak tercantum",
  "kategori": [
    "70K",
    "42K",
    "21K",
    "10K"
  ],
  "jenis_event": "trail run"
}