{
  "image": "-",
  "judul": "IndiHome Run - Surabaya",
  "isi_informasi": "IndiHome Run diadakan di Plasa Telkom Surabaya dengan kategori jarak 10KM, 5KM, dan 3KM Family.",
  "benefit_peserta": [
    "Kesempatan berlari di event resmi",
    "Mendapatkan pengalaman berkompetisi",
    "Meningkatkan kebugaran"
  ],
  "lokasi": "Plasa Telkom Surabaya",
  "kota": "Surabaya",
  "tanggal_event": "2025-01-19",
  "kontak_event": {
    "Instagram": [],
    "WhatsApp": "0812 119 911",
    "Email": "kontak@indonesiamarathon.com",
    "Website": "www.indonesiamarathon.com"
  },
  "biaya_registrasi": "Tidak tercantum",
  "kategori": [
    "10K",
    "5K",
    "3KM Family"
  ],
  "jenis_event": "road run"
}