{
  "image": "-",
  "judul": "IndiHome Run - Bandung",
  "isi_informasi": "IndiHome Run diadakan di Plasa Telkom Bandung dengan kategori jarak 10KM, 5KM, dan 3KM Family.",
  "benefit_peserta": [
    "Kesempatan berlari di acara bergengsi",
    "Mendapatkan pengalaman berlari yang menyenangkan",
    "Berpartisipasi dalam kegiatan komunitas"
  ],
  "lokasi": "Plasa Telkom Bandung",
  "kota": "Bandung",
  "tanggal_event": "2025-01-19",
  "kontak_event": {
    "Instagram": [],
    "WhatsApp": "0812 119 911",
    "Email": "kontak@indonesiamarathon.com",
    "Website": "www.indonesiamarathon.com"
  },
  "biaya_registrasi": "Tidak tercantum",
  "kategori": [
    "10K",
    "5K",
    "3KM Family"
  ],
  "jenis_event": "road run"
}