{
  "image": "-",
  "judul": "Indonesia Cepat 10K",
  "isi_informasi": "Lomba Lari Jalan Raya 10K INDONESIA CEPAT bertujuan untuk meningkatkan kesadaran akan pentingnya olahraga dalam membentuk karakter dan kepribadian masyarakat.",
  "benefit_peserta": [
    "Meningkatkan kesehatan",
    "Membangun karakter",
    "Meningkatkan kebersamaan"
  ],
  "lokasi": "Tidak tercantum",
  "kota": "Tidak tercantum",
  "tanggal_event": "2025-01-19",
  "kontak_event": {
    "Instagram": [],
    "WhatsApp": "0812 119 911",
    "Email": "kontak@indonesiamarathon.com",
    "Website": "www.indonesiamarathon.com"
  },
  "biaya_registrasi": "Tidak tercantum",
  "kategori": [
    "10K"
  ],
  "jenis_event": "road run"
}