{
  "image": "-",
  "judul": "INKA 10K",
  "isi_informasi": "PT Industri Kereta Api (Persero) bekerja sama dengan Pemkot Madiun dan PASI Kota Madiun akan mengadakan INKA 10K di Kota Madiun untuk merayakan 35 tahun PT Industri Kereta Api (Persero). Lomba ini memiliki jarak tempuh 10 km dan terbuka untuk kategori Umum dan Pelajar. Pendaftaran gratis dibuka dari 25 Juli hingga 14 Agustus 2016. Peserta harus melampirkan fotokopi identitas dan mengirimkan berkas pendaftaran ke email atau langsung ke panitia. Fasilitas yang diberikan termasuk jersey lari dan medali untuk 500 finisher pertama. Lomba akan dilaksanakan pada 21 Agustus 2016 mulai pukul 06.00 WIB di Balai Kota Madiun.",
  "benefit_peserta": [
    "Run Jersey untuk semua peserta",
    "Medali untuk 500 Finisher pertama kategori Umum",
    "Sertifikat dari PASI Kota Madiun untuk 500 Finisher pertama kategori Pelajar"
  ],
  "lokasi": "Balai Kota Madiun, Jl. Pahlawan No. 37 Madiun",
  "kota": "Madiun",
  "tanggal_event": "2016-08-21",
  "kontak_event": {
    "Instagram": [],
    "WhatsApp": "0812 119 911",
    "Email": "info@inka.co.id",
    "Website": "www.indonesiamarathon.com"
  },
  "biaya_registrasi": "GRATIS",
  "kategori": [
    "Umum",
    "Pelajar"
  ],
  "jenis_event": "road run"
}