{
  "image": "-",
  "judul": "Inspilari UI 2016",
  "isi_informasi": "Inspilari adalah acara lari Fun Run sejauh 7,5 KM yang diadakan oleh Departemen Olahraga BEM UI 2016. Acara ini bertujuan untuk menginspirasi dan menyebarkan nilai positif melalui kegiatan berlari.",
  "benefit_peserta": [
    "Mendapatkan pengalaman berlari yang menyenangkan",
    "Meningkatkan kebugaran fisik",
    "Berpartisipasi dalam kegiatan yang menginspirasi"
  ],
  "lokasi": "Balairung Universitas Indonesia, Depok, Jawa Barat",
  "kota": "Depok",
  "tanggal_event": "2016-12-04",
  "kontak_event": {
    "Instagram": [],
    "WhatsApp": "0812 119 911",
    "Email": "kontak@indonesiamarathon.com",
    "Website": "www.indonesiamarathon.com"
  },
  "biaya_registrasi": "Tidak tercantum",
  "kategori": [
    "Fun Run"
  ],
  "jenis_event": "fun run"
}