{
  "image": "-",
  "judul": "Ironman 70.3 Bintan 2016",
  "isi_informasi": "Ironman 70.3 Bintan 2016 terdiri dari kategori jarak: renang 1.9K, bersepeda 90K, dan lari 21.1K. Event ini akan berlangsung di Lagoi Bay.",
  "benefit_peserta": [
    "Kesempatan untuk berpartisipasi dalam event multisport",
    "Meningkatkan kebugaran dan stamina",
    "Pengalaman berkompetisi di lokasi yang indah"
  ],
  "lokasi": "Lagoi Bay",
  "kota": "Bintan",
  "tanggal_event": "2016-00-00",
  "kontak_event": {
    "Instagram": [],
    "WhatsApp": "0812 119 911",
    "Email": "kontak@indonesiamarathon.com",
    "Website": "www.indonesiamarathon.com"
  },
  "biaya_registrasi": "Tidak tercantum",
  "kategori": [
    "Swim 1.9K",
    "Bike 90K",
    "Run 21.1K"
  ],
  "jenis_event": "road run"
}