{
  "image": "-",
  "judul": "Jakarta Marathon 2016",
  "isi_informasi": "Jakarta Marathon 2016 menawarkan berbagai kategori lomba, termasuk Full Marathon (FM), Half Marathon (HM), 10KM, 5KM, dan Maratoonz (1KM). Untuk informasi lebih lanjut dan pendaftaran, kunjungi situs resmi.",
  "benefit_peserta": [
    "Kesempatan berkompetisi di berbagai kategori",
    "Meningkatkan kebugaran dan kesehatan",
    "Pengalaman berlari di kota Jakarta"
  ],
  "lokasi": "Tidak tercantum",
  "kota": "Jakarta",
  "tanggal_event": "2016-10-23",
  "kontak_event": {
    "Instagram": [],
    "WhatsApp": "0812 119 911",
    "Email": "kontak@indonesiamarathon.com",
    "Website": "www.indonesiamarathon.com"
  },
  "biaya_registrasi": "Tidak tercantum",
  "kategori": [
    "FM",
    "HM",
    "10KM",
    "5KM",
    "Maratoonz"
  ],
  "jenis_event": "road run"
}