{
  "image": "-",
  "judul": "Jakarta Kids Dash 2016",
  "isi_informasi": "Jakarta Kids Dash 2016 adalah acara lari yang bertujuan untuk memperkenalkan anak-anak pada olahraga, meningkatkan keterampilan fisik, dan membangun kepercayaan diri. Terdapat beberapa kategori lomba dengan jarak yang berbeda.",
  "benefit_peserta": [
    "Pengenalan pengalaman berolahraga",
    "Meningkatkan keterampilan fisik",
    "Membangun kepercayaan diri"
  ],
  "lokasi": "Tidak tercantum",
  "kota": "Jakarta",
  "tanggal_event": "2016-01-01",
  "kontak_event": {
    "Instagram": [],
    "WhatsApp": "0812 119 911",
    "Email": "kontak@indonesiamarathon.com",
    "Website": "www.indonesiamarathon.com"
  },
  "biaya_registrasi": "Tidak tercantum",
  "kategori": [
    "ANOA Dash with Parent",
    "KOMODO DASH with Parent",
    "BADAK DASH without parent",
    "HARIMAU DASH without Parent"
  ],
  "jenis_event": "road run"
}