{
  "image": "-",
  "judul": "Jakarta Campus Run 2016",
  "isi_informasi": "Jakarta Campus Run 2016 merupakan acara yang bertujuan untuk menunjukkan kualitas pendidikan di Jakarta dan sekitarnya, serta menggalang dana untuk membantu pendidikan bagi kalangan kurang mampu. Acara ini juga menjadi ajang promosi bagi kampus-kampus di daerah tersebut.",
  "benefit_peserta": [
    "Mendukung pendidikan bagi yang kurang mampu",
    "Menunjukkan kualitas pendidikan di Jakarta",
    "Kesempatan untuk mendapatkan beasiswa"
  ],
  "lokasi": "Taman Mini Indonesia Indah",
  "kota": "Jakarta",
  "tanggal_event": "2016-01-01",
  "kontak_event": {
    "Instagram": [],
    "WhatsApp": "0812 119 911",
    "Email": "kontak@indonesiamarathon.com",
    "Website": "www.indonesiamarathon.com"
  },
  "biaya_registrasi": "Tidak tercantum",
  "kategori": [
    "5K",
    "10K"
  ],
  "jenis_event": "road run"
}