{
  "image": "-",
  "judul": "Jakarta Kids Triathlon 2016",
  "isi_informasi": "Jakarta Kids Triathlon 2016 akan diadakan pada 25 September di Deutsche Schule Jakarta, BSD. Event ini ditujukan untuk anak-anak berusia 5 hingga 15 tahun, dibagi dalam beberapa kategori umur. Setiap peserta harus menyelesaikan lomba secara individu yang terdiri dari renang, sepeda, dan lari. Jarak yang ditempuh bervariasi tergantung kategori. Terdapat juga kategori baru Family Relay. Peserta akan mendapatkan timing chip, race bib, finisher shirt, dan medal. Pemenang akan mendapatkan piala dan hadiah dari sponsor.",
  "benefit_peserta": [
    "Timing chip",
    "Race bib",
    "Finisher shirt",
    "Finisher medal"
  ],
  "lokasi": "Jl. Puspa Widya No. 8, BSD, Jakarta",
  "kota": "Jakarta",
  "tanggal_event": "2016-09-25",
  "kontak_event": {
    "Instagram": [],
    "WhatsApp": "0812 119 911",
    "Email": "kontak@indonesiamarathon.com",
    "Website": "www.indonesiamarathon.com"
  },
  "biaya_registrasi": "Tidak tercantum",
  "kategori": [
    "Age Group A",
    "Age Group B",
    "Age Group C",
    "Age Group D",
    "Family Relay"
  ],
  "jenis_event": "road run"
}