{
  "image": "-",
  "judul": "Jakarta Ultra 100 2016",
  "isi_informasi": "Jakarta Ultra 100 2016 menawarkan kategori jarak 100KM untuk pria dan wanita, serta 50K dan 25K Relay untuk pria, wanita, dan campuran. Acara ini berlangsung di FX Sudirman.",
  "benefit_peserta": [
    "Kesempatan berkompetisi di berbagai kategori",
    "Pengalaman lari di lingkungan yang menantang"
  ],
  "lokasi": "FX Sudirman, Jakarta",
  "kota": "Jakarta",
  "tanggal_event": "2016-01-01",
  "kontak_event": {
    "Instagram": [],
    "WhatsApp": "0812 119 911",
    "Email": "kontak@indonesiamarathon.com",
    "Website": "www.indonesiamarathon.com"
  },
  "biaya_registrasi": "Tidak tercantum",
  "kategori": [
    "100K",
    "50K Relay",
    "25K Relay"
  ],
  "jenis_event": "trail run"
}