{
  "image": "-",
  "judul": "Jakarta Wine & Cheese Run 2016",
  "isi_informasi": "Jakarta Wine & Cheese Run 2016 menawarkan kategori lomba 10K, 5K, dan 1.2K.",
  "benefit_peserta": [
    "Kesempatan berlari di acara unik",
    "Pengalaman berinteraksi dengan komunitas lari",
    "Mendapatkan merchandise acara"
  ],
  "lokasi": "Kelapa Gading, Jakarta Utara",
  "kota": "Jakarta Utara",
  "tanggal_event": "2016-01-01",
  "kontak_event": {
    "Instagram": [],
    "WhatsApp": "0812 119 911",
    "Email": "kontak@indonesiamarathon.com",
    "Website": "www.indonesiamarathon.com"
  },
  "biaya_registrasi": "Tidak tercantum",
  "kategori": [
    "10K",
    "5K",
    "1.2K"
  ],
  "jenis_event": "road run"
}