{
  "image": "-",
  "judul": "Jatiluhur Dam Marathon",
  "isi_informasi": "Jatiluhur Dam Marathon adalah tantangan menarik dan pertama di Indonesia, yang berlangsung di Bendungan Jatiluhur dan menyusuri tepi danau dengan pemandangan pegunungan di sekitarnya. Acara ini berlokasi kurang dari 2 jam perjalanan dari Jakarta melalui Jalan Tol Cipularang.",
  "benefit_peserta": [
    "Pemandangan alam yang indah",
    "Pengalaman lari yang unik",
    "Kesempatan untuk berkompetisi di kategori berbeda"
  ],
  "lokasi": "Bendungan Jatiluhur",
  "kota": "Purwakarta",
  "tanggal_event": "2025-01-19",
  "kontak_event": {
    "Instagram": [],
    "WhatsApp": "0812 119 911",
    "Email": "kontak@indonesiamarathon.com",
    "Website": "www.indonesiamarathon.com"
  },
  "biaya_registrasi": "Tidak tercantum",
  "kategori": [
    "42KM",
    "25KM",
    "15KM"
  ],
  "jenis_event": "road run"
}