{
  "image": "-",
  "judul": "Jawa Pos Fit East Java Half Marathon 2016",
  "isi_informasi": "Jawa Pos Fit East Java Half Marathon 2016 menawarkan kategori jarak HM, 10K, dan 5K yang akan diadakan di Citraland Surabaya.",
  "benefit_peserta": [
    "Kesempatan berlari di event bergengsi",
    "Mendapatkan pengalaman berlari yang menyenangkan",
    "Berinteraksi dengan komunitas lari"
  ],
  "lokasi": "Citraland Surabaya",
  "kota": "Surabaya",
  "tanggal_event": "2016-01-01",
  "kontak_event": {
    "Instagram": [],
    "WhatsApp": "0812 119 911",
    "Email": "kontak@indonesiamarathon.com",
    "Website": "www.indonesiamarathon.com"
  },
  "biaya_registrasi": "Tidak tercantum",
  "kategori": [
    "HM",
    "10K",
    "5K"
  ],
  "jenis_event": "road run"
}