{
  "image": "-",
  "judul": "Jayagiri Fun Trail Camp",
  "isi_informasi": "Jayagiri Fun Trail Camp (JTC) adalah acara lari lintas alam yang diadakan di Cikole, Lembang, Jawa Barat. Kegiatan ini menggabungkan olahraga lari gunung dengan keindahan alam, menawarkan trek yang luas dan camping ground. Diselenggarakan oleh SEMBUR Trail Runners dan Bandung Explorer, JTC dirancang untuk individu dan keluarga, memberikan pengalaman berlari di pegunungan dan berkemah dengan suasana kekeluargaan. Terdapat dua kegiatan utama: berkemah dengan Tenda Dome dan Fun Trail dengan tiga kategori jarak.",
  "benefit_peserta": [
    "Menikmati pemandangan alam yang indah",
    "Berlari di trek pegunungan",
    "Berkemah dengan suasana kekeluargaan",
    "Merasakan udara pegunungan yang segar",
    "Menikmati api unggun"
  ],
  "lokasi": "Cikole, Lembang, Jawa Barat",
  "kota": "Lembang",
  "tanggal_event": "2025-01-19",
  "kontak_event": {
    "Instagram": [],
    "WhatsApp": "0812 119 911",
    "Email": "kontak@indonesiamarathon.com",
    "Website": "www.indonesiamarathon.com"
  },
  "biaya_registrasi": {
    "3K Kids": "Tidak tercantum",
    "10K": "Tidak tercantum",
    "21K": "Tidak tercantum"
  },
  "kategori": [
    "3K Kids",
    "10K",
    "21K"
  ],
  "jenis_event": "trail run"
}