{
  "image": "-",
  "judul": "JCO Run 2016",
  "isi_informasi": "J.CO Indonesia merayakan ulang tahun ke-10 dengan menyelenggarakan JCO RUN 2016 5K FUN RUN. Acara ini menawarkan pengalaman berlari bersama keluarga di pagi hari dengan berbagai tantangan, rintangan, doorprize, festival booth, dan konser di Alam Sutera.",
  "benefit_peserta": [
    "Race Pack senilai Rp 350.000",
    "T-Shirt JCO FUN RUN",
    "Nomor peserta",
    "J.CO Signature Tumbler",
    "JCO Voucher",
    "Kupon Doorprize",
    "Refreshment products",
    "Hadiah jutaan Rupiah untuk pemenang",
    "1000 Medali untuk 1000 finisher pertama"
  ],
  "lokasi": "LOBBY UTAMA, MALL @ALAM SUTERA",
  "kota": "Tangerang",
  "tanggal_event": "2016-05-15",
  "kontak_event": {
    "Instagram": [],
    "WhatsApp": "0812 119 911",
    "Email": "kontak@indonesiamarathon.com",
    "Website": "www.indonesiamarathon.com"
  },
  "biaya_registrasi": "Rp 200.000 per orang",
  "kategori": [
    "5K"
  ],
  "jenis_event": "fun run"
}