{
  "image": "-",
  "judul": "Jungle Book Marathon Ujung Kulon",
  "isi_informasi": "Jungle Book Marathon Ujung Kulon National Park (JMBUK) akan menguji ketahanan Anda melalui hutan hujan tropis yang menakjubkan di ujung barat Pulau Jawa. Rute ini menawarkan pengalaman balapan yang luar biasa. Selain itu, penyelenggara JBMUK akan menyumbangkan perpustakaan dengan 1000 buku untuk anak-anak di Desa Taman Jaya, dan peserta diharapkan dapat menyumbangkan minimal 3 buku anak, baik baru maupun bekas.",
  "benefit_peserta": [
    "Pengalaman berlari di hutan hujan tropis",
    "Partisipasi dalam program sumbangan buku untuk anak-anak"
  ],
  "lokasi": "Ujung Kulon National Park, koordinat 6° 44'48\"S 105° 20'1\"E",
  "kota": "Pandeglang",
  "tanggal_event": "2025-01-19",
  "kontak_event": {
    "Instagram": [],
    "WhatsApp": "0812 119 911",
    "Email": "kontak@indonesiamarathon.com",
    "Website": "www.indonesiamarathon.com"
  },
  "biaya_registrasi": "Tidak tercantum",
  "kategori": [
    "42KM",
    "25KM",
    "15KM"
  ],
  "jenis_event": "trail run"
}