{
  "image": "-",
  "judul": "Jungle Marathon Mt. Salak",
  "isi_informasi": "Jungle Marathon Mt. Salak akan diselenggarakan di Gunung Salak, Jawa Barat, Indonesia, pada 30 Juli 2016. Rute yang dipilih untuk lomba ini adalah Kawah Ratu, yang merupakan salah satu dari beberapa jalur trekking di Gunung Salak.",
  "benefit_peserta": [
    "Kesempatan untuk berlari di jalur trekking yang indah",
    "Pengalaman berlari di lingkungan pegunungan"
  ],
  "lokasi": "Gunung Salak",
  "kota": "Jawa Barat",
  "tanggal_event": "2016-07-30",
  "kontak_event": {
    "Instagram": [],
    "WhatsApp": "0812 119 911",
    "Email": "kontak@indonesiamarathon.com",
    "Website": "www.indonesiamarathon.com"
  },
  "biaya_registrasi": "Tidak tercantum",
  "kategori": [
    "42KM",
    "15KM"
  ],
  "jenis_event": "trail run"
}