{
  "image": "-",
  "judul": "KAI Run 2016",
  "isi_informasi": "KAI Run 2016 menawarkan kategori jarak sejauh 7.1K. Jika terdapat informasi yang tidak akurat atau perubahan terkait lomba, mohon untuk menginformasikan kepada kami.",
  "benefit_peserta": [
    "Kesempatan untuk berpartisipasi dalam event lari",
    "Mendapatkan pengalaman berlari yang menyenangkan"
  ],
  "lokasi": "Tidak tercantum",
  "kota": "Tidak tercantum",
  "tanggal_event": "2025-01-01",
  "kontak_event": {
    "Instagram": [],
    "WhatsApp": "0812 119 911",
    "Email": "kontak@indonesiamarathon.com",
    "Website": "www.indonesiamarathon.com"
  },
  "biaya_registrasi": "Tidak tercantum",
  "kategori": [
    "7.1K"
  ],
  "jenis_event": "road run"
}