{
  "image": "-",
  "judul": "Kelud Volcano Road Run 2016",
  "isi_informasi": "Acara ini berlangsung di Area Wisata Gunung Kelud, Kabupaten Kediri, dengan jarak lari sejauh 10K. Start dimulai pada pukul 06.00 pagi.",
  "benefit_peserta": [
    "Kesempatan untuk berlari di lokasi yang indah",
    "Mendapatkan pengalaman berlari yang menantang"
  ],
  "lokasi": "Area Wisata Gunung Kelud, Kabupaten Kediri",
  "kota": "Kediri",
  "tanggal_event": "2016-01-01",
  "kontak_event": {
    "Instagram": [],
    "WhatsApp": "0812 119 911",
    "Email": "kontak@indonesiamarathon.com",
    "Website": "www.indonesiamarathon.com"
  },
  "biaya_registrasi": "Tidak tercantum",
  "kategori": [
    "10K"
  ],
  "jenis_event": "road run"
}