{
  "image": "-",
  "judul": "Komando Run",
  "isi_informasi": "Komando Run adalah lomba lari dengan kategori jarak 64KM, 10KM, dan 5KM. Acara ini akan berlangsung pada tanggal 9 dan 10 April 2016.",
  "benefit_peserta": [
    "Kesempatan berlari di suasana militer",
    "Mendapatkan pengalaman berkompetisi",
    "Menjaga kebugaran"
  ],
  "lokasi": "Tidak tercantum",
  "kota": "Tidak tercantum",
  "tanggal_event": "2016-04-09",
  "kontak_event": {
    "Instagram": [],
    "WhatsApp": "081280200100",
    "Email": "kontak@indonesiamarathon.com",
    "Website": "www.indonesiamarathon.com"
  },
  "biaya_registrasi": {
    "64K": "Rp. 500,000",
    "10K": "Rp. 200,000",
    "5K": "Rp. 150,000"
  },
  "kategori": [
    "64KM",
    "10KM",
    "5KM"
  ],
  "jenis_event": "road run"
}