{
  "image": "-",
  "judul": "KPB Colour Run",
  "isi_informasi": "KPB Colour Run adalah acara lari dengan kategori jarak 5KM yang berlangsung di Parkir Timur Senayan. Pendaftaran dapat dilakukan secara online melalui www.kpbcolourrun.com atau secara offline di booth Kopi Pak Belalang yang tersedia di berbagai lokasi.",
  "benefit_peserta": [
    "Kesempatan untuk berpartisipasi dalam acara lari",
    "Pengalaman berlari di lingkungan yang menyenangkan"
  ],
  "lokasi": "Parkir Timur Senayan",
  "kota": "Jakarta",
  "tanggal_event": "Tidak tercantum",
  "kontak_event": {
    "Instagram": [],
    "WhatsApp": "0812 119 911",
    "Email": "kontak@indonesiamarathon.com",
    "Website": "www.indonesiamarathon.com"
  },
  "biaya_registrasi": "Tidak tercantum",
  "kategori": [
    "5K"
  ],
  "jenis_event": "road run"
}