{
  "image": "-",
  "judul": "Laborun 2016",
  "isi_informasi": "Laborun 2016 akan diadakan di SMAK Ora et Labora, Bumi Serpong Damai Anggrek Loka sektor 2.1 dengan kategori jarak 5K. Biaya registrasi sebesar 185 ribu, sudah termasuk racepack dan tiket penutupan labrakadabra.",
  "benefit_peserta": [
    "Racepack",
    "Tiket penutupan labrakadabra"
  ],
  "lokasi": "SMAK Ora et Labora, Bumi Serpong Damai Anggrek Loka sektor 2.1",
  "kota": "Tangerang Selatan",
  "tanggal_event": "2016-01-01",
  "kontak_event": {
    "Instagram": [],
    "WhatsApp": "087808873394",
    "Email": "kontak@indonesiamarathon.com",
    "Website": "www.indonesiamarathon.com"
  },
  "biaya_registrasi": "185000",
  "kategori": [
    "5K"
  ],
  "jenis_event": "road run"
}