{
  "image": "-",
  "judul": "Lari Masuk Desa 2016 Ubud Half Marathon",
  "isi_informasi": "Lari Masuk Desa 2016 Ubud Half Marathon menawarkan kategori lomba 21.1K (Half Marathon), 12K, dan Fun Run. Acara ini akan berlangsung di Tegallalang, Ubud, Bali, dengan pendaftaran dibuka mulai 14 Februari 2016.",
  "benefit_peserta": [
    "Kesempatan berlari di lokasi yang indah",
    "Partisipasi dalam berbagai kategori lomba",
    "Pengalaman berlari yang menyenangkan"
  ],
  "lokasi": "Tegallalang, Ubud, Bali",
  "kota": "Ubud",
  "tanggal_event": "2016-02-14",
  "kontak_event": {
    "Instagram": [],
    "WhatsApp": "0812 119 911",
    "Email": "info@jimat.id",
    "Website": "www.indonesiamarathon.com"
  },
  "biaya_registrasi": "Tidak tercantum",
  "kategori": [
    "21K",
    "12K",
    "Fun Run"
  ],
  "jenis_event": "road run"
}