{
  "image": "-",
  "judul": "Laskar Pelangi Open 2016",
  "isi_informasi": "Event ini diselenggarakan oleh Pemerintah Daerah Kabupaten Belitung Timur melalui Dinas Pemuda dan Olahraga, bekerja sama dengan KONI Beltim dan PASI, untuk meningkatkan prestasi olahraga atletik dan menjaring atlet potensial lokal. Tujuannya adalah untuk memperkuat pencanangan Kabupaten Belitung Timur sebagai Kota Atletik.",
  "benefit_peserta": [
    "Meningkatkan prestasi olahraga",
    "Menjaring bibit atlet potensial",
    "Kesempatan berkompetisi di tingkat nasional dan internasional"
  ],
  "lokasi": "Kompleks Stadion Utama Belitung Timur-Damar Manggar, Kabupaten Belitung Timur",
  "kota": "Belitung Timur",
  "tanggal_event": "2016-03-19",
  "kontak_event": {
    "Instagram": [],
    "WhatsApp": "0819 2956 6677",
    "Email": "kontak@indonesiamarathon.com",
    "Website": "www.indonesiamarathon.com"
  },
  "biaya_registrasi": "Tidak tercantum",
  "kategori": [
    "10K"
  ],
  "jenis_event": "road run"
}