{
  "image": "-",
  "judul": "Lawu Trail Run 2016",
  "isi_informasi": "Lawu Trail Run 2016 akan berlangsung di Tahura KGPAA Mangkunegoro I Ngargoyoso, Karanganyar pada 21 Februari 2016. Acara ini merupakan lari alam bebas dengan rute yang meliputi bukit, jalan setapak, dan jalan berbatu, dikelilingi oleh panorama Gunung Lawu. Tahura ini memiliki luas 231,3 Ha dan terletak pada ketinggian 1000-1600 mdpl, serta kaya akan flora dan fauna. Kompetisi terbuka untuk umum, termasuk mahasiswa dan penggemar lari alam bebas, dengan jarak 12 km dan 21 km untuk kategori putra dan putri. Rute 21 km melewati spot menarik seperti hutan pinus, air terjun, dan telaga mardido.",
  "benefit_peserta": [
    "Pengalaman lari di alam terbuka",
    "Pemandangan indah Gunung Lawu",
    "Kesempatan menjelajahi flora dan fauna lokal"
  ],
  "lokasi": "Dusun Sukuh, Desa Berjo, Kecamatan Ngargoyoso, Kabupaten Karanganyar",
  "kota": "Karanganyar",
  "tanggal_event": "2016-02-21",
  "kontak_event": {
    "Instagram": [],
    "WhatsApp": "0812 119 911",
    "Email": "kontak@indonesiamarathon.com",
    "Website": "www.indonesiamarathon.com"
  },
  "biaya_registrasi": "Tidak tercantum",
  "kategori": [
    "12K",
    "21K"
  ],
  "jenis_event": "trail run"
}