{
  "image": "-",
  "judul": "League Grip The Road 2016 Surabaya",
  "isi_informasi": "Event lari ini menawarkan kategori jarak 10KM. Pendaftaran dapat dilakukan secara offline di League & Sportindo Store Surabaya atau secara online melalui situs resmi.",
  "benefit_peserta": [
    "Kesempatan berkompetisi dalam kategori 10KM",
    "Pendaftaran mudah baik secara offline maupun online"
  ],
  "lokasi": "League & Sportindo Store Surabaya",
  "kota": "Surabaya",
  "tanggal_event": "2016-01-01",
  "kontak_event": {
    "Instagram": [],
    "WhatsApp": "0812 119 911",
    "Email": "kontak@indonesiamarathon.com",
    "Website": "www.indonesiamarathon.com"
  },
  "biaya_registrasi": "Tidak tercantum",
  "kategori": [
    "10K"
  ],
  "jenis_event": "road run"
}