{
  "image": "-",
  "judul": "League Grip The Road 2016 Bali",
  "isi_informasi": "Ikuti lomba pertama kami di Bali pada 11 Desember 2016, dengan kategori lari 12K atau 5K di Baturiti, Tabanan, pada ketinggian hampir 900 m dpl. Acara dimulai dan berakhir di The Royal Tulip Saranam Resort & Spa Bali, diikuti sesi Yoga untuk pendinginan.",
  "benefit_peserta": [
    "Uji daya tahan",
    "Pengalaman baru",
    "Sesi Yoga setelah lomba"
  ],
  "lokasi": "The Royal Tulip Saranam Resort & Spa Bali, Baturiti, Tabanan",
  "kota": "Tabanan",
  "tanggal_event": "2016-12-11",
  "kontak_event": {
    "Instagram": [],
    "WhatsApp": "0812 119 911",
    "Email": "kontak@indonesiamarathon.com",
    "Website": "www.indonesiamarathon.com"
  },
  "biaya_registrasi": "Tidak tercantum",
  "kategori": [
    "5K",
    "12K"
  ],
  "jenis_event": "trail run"
}