{
  "image": "-",
  "judul": "Lebarun 2016",
  "isi_informasi": "Lebarun 2016 menawarkan kategori jarak 5K dan 9K yang berlangsung di Al Azhar Jakarta.",
  "benefit_peserta": [
    "Kesempatan berkompetisi",
    "Meningkatkan kebugaran",
    "Bertemu komunitas lari"
  ],
  "lokasi": "Al Azhar Jakarta",
  "kota": "Jakarta",
  "tanggal_event": "2016-01-01",
  "kontak_event": {
    "Instagram": [],
    "WhatsApp": "0812 119 911",
    "Email": "kontak@indonesiamarathon.com",
    "Website": "www.indonesiamarathon.com"
  },
  "biaya_registrasi": "Tidak tercantum",
  "kategori": [
    "5K",
    "9K"
  ],
  "jenis_event": "road run"
}