{
  "image": "-",
  "judul": "Lintas Sumbawa (Tambora Challenge)",
  "isi_informasi": "Lintas Sumbawa adalah acara Ultra Marathon yang berlangsung di Pulau Sumbawa, Indonesia, dengan batas waktu 72 jam. Event ini melintasi tiga daerah: Sumbawa Barat, Sumbawa Besar, dan Dompu, menawarkan pemandangan indah di sepanjang jalur yang sebagian besar berada di pesisir pantai dengan elevasi rata-rata di bawah 80m. Perlombaan dimulai di Kabupaten Sumbawa Barat dan berakhir di Doro Ncanga, yang dikelilingi padang savana dengan kerbau dan kuda.",
  "benefit_peserta": [
    "Pengalaman lari yang menantang",
    "Pemandangan alam yang indah",
    "Kesempatan untuk berkompetisi dalam kategori Ultra Marathon"
  ],
  "lokasi": "Kabupaten Sumbawa Barat, Pulau Sumbawa, Indonesia",
  "kota": "Sumbawa Barat",
  "tanggal_event": "2025-01-19",
  "kontak_event": {
    "Instagram": [],
    "WhatsApp": "0812 119 911",
    "Email": "kontak@indonesiamarathon.com",
    "Website": "www.indonesiamarathon.com"
  },
  "biaya_registrasi": {
    "320K": "Tidak tercantum",
    "100K": "Tidak tercantum"
  },
  "kategori": [
    "320K",
    "100K"
  ],
  "jenis_event": "road run"
}