{
  "image": "-",
  "judul": "Lombok Marathon 2016",
  "isi_informasi": "Lombok Marathon 2016 menawarkan kategori jarak HM, 10K, dan 5K. Untuk informasi lebih lanjut dan pendaftaran, kunjungi http://lombokmarathon.com/.",
  "benefit_peserta": [
    "Kesempatan berkompetisi di berbagai kategori",
    "Pengalaman berlari di Lombok"
  ],
  "lokasi": "Tidak tercantum",
  "kota": "Lombok",
  "tanggal_event": "2016-01-01",
  "kontak_event": {
    "Instagram": [],
    "WhatsApp": "0812 119 911",
    "Email": "kontak@indonesiamarathon.com",
    "Website": "www.indonesiamarathon.com"
  },
  "biaya_registrasi": "Tidak tercantum",
  "kategori": [
    "HM",
    "10K",
    "5K"
  ],
  "jenis_event": "road run"
}