{
  "image": "-",
  "judul": "Lomba Lari Silangit Danau Toba 10K",
  "isi_informasi": "Lomba ini merupakan ajang lari dengan jarak 10KM yang berlangsung di Siborongborong, dekat Bandara Silangit, Tapanuli Utara, Sumatera Utara.",
  "benefit_peserta": [
    "Kesempatan untuk berkompetisi",
    "Meningkatkan kebugaran",
    "Pengalaman berlari di lokasi yang indah"
  ],
  "lokasi": "Siborongborong - Bandara Silangit, Tapanuli Utara, Sumatera Utara",
  "kota": "Tapanuli Utara",
  "tanggal_event": "Tidak tercantum",
  "kontak_event": {
    "Instagram": [],
    "WhatsApp": "0813-8624-3610",
    "Email": "kontak@indonesiamarathon.com",
    "Website": "www.indonesiamarathon.com"
  },
  "biaya_registrasi": "Tidak tercantum",
  "kategori": [
    "10K"
  ],
  "jenis_event": "road run"
}