{
  "image": "-",
  "judul": "Magetan City Run 2016",
  "isi_informasi": "Magetan City Run 2016 adalah acara lari bergengsi yang terbuka untuk semua kalangan, termasuk pelajar, mahasiswa, TNI/POLRI, komunitas, dan masyarakat umum. Event ini menawarkan pengalaman unik dengan kombinasi kawasan perkotaan dan pemandangan Gunung Lawu yang sejuk. MCR 2016 merupakan agenda tahunan dengan perubahan venue setiap tahun. Terdapat dua kategori jarak, yaitu 5K dan 10K, dengan pembagian peserta pelajar dan umum. Finisher akan mendapatkan reward yang berbeda untuk peserta laki-laki dan perempuan. Pendaftaran dibuka hingga 15 Juli 2016 dengan biaya terjangkau dan fasilitas menarik, termasuk promo untuk pendaftaran rombongan.",
  "benefit_peserta": [
    "Pengalaman lari di lokasi yang indah",
    "Reward finisher untuk peserta laki-laki dan perempuan",
    "Promo pendaftaran rombongan"
  ],
  "lokasi": "Tidak tercantum",
  "kota": "Magetan",
  "tanggal_event": "2016-07-15",
  "kontak_event": {
    "Instagram": [],
    "WhatsApp": "0812 119 911",
    "Email": "kontak@indonesiamarathon.com",
    "Website": "www.indonesiamarathon.com"
  },
  "biaya_registrasi": "Tidak tercantum",
  "kategori": [
    "5K",
    "10K"
  ],
  "jenis_event": "road run"
}