{
  "image": "-",
  "judul": "Makassar Half Marathon 2016 (Bosowa Half Marathon)",
  "isi_informasi": "Makassar Half Marathon 2016 menawarkan kategori lomba 21K, 10K, dan 5K. Informasi lebih lanjut dan pendaftaran dapat diakses di situs resmi.",
  "benefit_peserta": [
    "Kesempatan untuk berkompetisi di berbagai kategori",
    "Meningkatkan kebugaran dan kesehatan",
    "Bertemu dengan komunitas pelari"
  ],
  "lokasi": "Tidak tercantum",
  "kota": "Makassar",
  "tanggal_event": "2016-01-01",
  "kontak_event": {
    "Instagram": [],
    "WhatsApp": "0812 119 911",
    "Email": "kontak@indonesiamarathon.com",
    "Website": "www.indonesiamarathon.com"
  },
  "biaya_registrasi": "Tidak tercantum",
  "kategori": [
    "21K",
    "10K",
    "5K"
  ],
  "jenis_event": "road run"
}