{
  "image": "-",
  "judul": "Manglayang Trail Running 2016",
  "isi_informasi": "Manglayang Trail Running 2016 diadakan di Gunung Manglayang, yang terletak di perbatasan Kabupaten Sumedang dan Bandung, Jawa Barat. Dengan ketinggian 1.818 mdpl, gunung ini menawarkan pemandangan indah dari dua puncaknya, Puncak Manglayang dan Puncak Bayangan. Lomba ini akan mengambil rute dari Kampus Universitas Padjadjaran Jatinangor menuju Baru Beureum, melalui Bumi Perkemahan Kiara Payung, dengan trek yang menantang dan aman bagi para pelari trail.",
  "benefit_peserta": [
    "Menikmati pemandangan alam yang indah",
    "Trek yang nyaman dan aman",
    "Kesempatan berinteraksi dengan penggiat alam lainnya"
  ],
  "lokasi": "Kampus Universitas Padjadjaran Jatinangor, Kabupaten Sumedang, Jawa Barat",
  "kota": "Sumedang",
  "tanggal_event": "2016-01-01",
  "kontak_event": {
    "Instagram": [],
    "WhatsApp": "0812 119 911",
    "Email": "kontak@indonesiamarathon.com",
    "Website": "www.indonesiamarathon.com"
  },
  "biaya_registrasi": "Tidak tercantum",
  "kategori": [
    "trail run"
  ],
  "jenis_event": "trail run"
}