{
  "image": "-",
  "judul": "Marine Customs Run",
  "isi_informasi": "Marine Customs Run adalah lomba lari dengan kategori 10KM yang berlangsung di Tanjung Balai Karimun.",
  "benefit_peserta": [
    "Kesempatan untuk berkompetisi",
    "Meningkatkan kebugaran",
    "Mendapatkan pengalaman berlari di acara resmi"
  ],
  "lokasi": "Tanjung Balai Karimun",
  "kota": "Tanjung Balai Karimun",
  "tanggal_event": "Tidak tercantum",
  "kontak_event": {
    "Instagram": [],
    "WhatsApp": "0812 119 911",
    "Email": "kontak@indonesiamarathon.com",
    "Website": "www.indonesiamarathon.com"
  },
  "biaya_registrasi": "Tidak tercantum",
  "kategori": [
    "10K"
  ],
  "jenis_event": "road run"
}