{
  "image": "-",
  "judul": "May Trail Run 2",
  "isi_informasi": "May Trail Run 2 adalah lomba lari dengan kategori 12KM yang akan diadakan di Camping Ground Finna Golf Pandaan.",
  "benefit_peserta": [
    "Kesempatan berlari di alam terbuka",
    "Meningkatkan kebugaran",
    "Bertemu dengan komunitas lari"
  ],
  "lokasi": "Camping Ground Finna Golf Pandaan",
  "kota": "Pandaan",
  "tanggal_event": "2025-01-19",
  "kontak_event": {
    "Instagram": [],
    "WhatsApp": "081 131 1373 (Eva), 0822 4502 8748 (Junaedy)",
    "Email": "kontak@indonesiamarathon.com",
    "Website": "www.indonesiamarathon.com"
  },
  "biaya_registrasi": "Tidak tercantum",
  "kategori": [
    "12KM"
  ],
  "jenis_event": "trail run"
}