{
  "image": "-",
  "judul": "Maybank Bali Marathon 2016",
  "isi_informasi": "Maybank Bali Marathon 2016 akan diadakan dengan kategori Full Marathon (FM), Half Marathon (HM), 10K, dan Children Sprint. Pendaftaran dibuka mulai 15 April 2016.",
  "benefit_peserta": [
    "Kesempatan berlari di Bali",
    "Pengalaman berkompetisi di berbagai kategori",
    "Mendapatkan medali dan sertifikat"
  ],
  "lokasi": "Gianyar, Bali",
  "kota": "Gianyar",
  "tanggal_event": "2016-00-00",
  "kontak_event": {
    "Instagram": [],
    "WhatsApp": "0812 119 911",
    "Email": "kontak@indonesiamarathon.com",
    "Website": "www.indonesiamarathon.com"
  },
  "biaya_registrasi": "Tidak tercantum",
  "kategori": [
    "FM",
    "HM",
    "10K",
    "Children Sprint"
  ],
  "jenis_event": "road run"
}