{
  "image": "-",
  "judul": "MCP Independence 10K RUN 2016 #AyoMlayu",
  "isi_informasi": "Lomba lari ini diadakan di Parkiran Malang City Point (MCP) dengan kategori jarak 10K.",
  "benefit_peserta": [
    "Kesempatan untuk berpartisipasi dalam lomba lari",
    "Mendapatkan pengalaman berlari di lingkungan yang menyenangkan"
  ],
  "lokasi": "Parkiran Malang City Point (MCP)",
  "kota": "Malang",
  "tanggal_event": "2016-01-01",
  "kontak_event": {
    "Instagram": [],
    "WhatsApp": "0812 119 911",
    "Email": "kontak@indonesiamarathon.com",
    "Website": "www.indonesiamarathon.com"
  },
  "biaya_registrasi": "Tidak tercantum",
  "kategori": [
    "10K"
  ],
  "jenis_event": "road run"
}