{
  "image": "-",
  "judul": "Medan Heritage 10K",
  "isi_informasi": "Medan Heritage 10K adalah acara Sport Tourism yang menggabungkan lari marathon dengan wisata, mengambil rute 10K di kota Medan yang kaya akan sejarah. Lomba dimulai dan diakhiri di Hotel Inna Dharma Deli, dengan berbagai kegiatan menarik terkait Hari Pahlawan dan bazaar yang menjual perlengkapan lari serta minuman berenergi.",
  "benefit_peserta": [
    "Menggabungkan olahraga dan pariwisata",
    "Kesempatan menikmati sejarah kota Medan",
    "Akses ke bazaar perlengkapan lari"
  ],
  "lokasi": "Hotel Inna Dharma Deli, Medan",
  "kota": "Medan",
  "tanggal_event": "2025-01-19",
  "kontak_event": {
    "Instagram": [],
    "WhatsApp": "0812 119 911",
    "Email": "kontak@indonesiamarathon.com",
    "Website": "www.indonesiamarathon.com"
  },
  "biaya_registrasi": "Tidak tercantum",
  "kategori": [
    "10K"
  ],
  "jenis_event": "road run"
}