{
  "image": "-",
  "judul": "Men's Health Urbanathlon Sundown 2016",
  "isi_informasi": "Ikuti tantangan lari dan rintangan di Men's Health Urbanathlon Sundown pada 28 Mei 2016 di pantai Jakarta. Peserta akan menempuh sekitar 8 kilometer melalui berbagai medan dan rintangan yang menguji kekuatan, kelenturan, daya tahan, dan strategi. Nikmati pemandangan sunset di teluk Jakarta sambil berkolaborasi dengan orang terkasih.",
  "benefit_peserta": [
    "Menguji kemampuan fisik dan mental",
    "Pemandangan sunset yang indah",
    "Kesempatan berkolaborasi dengan orang terkasih"
  ],
  "lokasi": "Pantai Jakarta",
  "kota": "Jakarta",
  "tanggal_event": "2016-05-28",
  "kontak_event": {
    "Instagram": [],
    "WhatsApp": "0812 119 911",
    "Email": "kontak@indonesiamarathon.com",
    "Website": "www.indonesiamarathon.com"
  },
  "biaya_registrasi": "Tidak tercantum",
  "kategori": [],
  "jenis_event": "road run"
}