{
  "image": "-",
  "judul": "MesaStila Peaks Challenge",
  "isi_informasi": "MesaStila Peaks Challenge adalah acara lari trail yang unik dan ekstrem, dirancang untuk menguji semangat dan kondisi fisik peserta di jantung Pulau Jawa. Tahun ini, lomba akan lebih menantang dengan pemandangan Jawa yang indah, menawarkan lima kategori: 100K, 65K, 42K, 21K, dan 11K. Rute akan melewati jalur yang belum terpakai, hutan lebat, jalan desa kecil, dan sawah, serta melintasi dan mendaki lima gunung di Jawa Tengah: Gunung Andong (1726m), Gunung Merbabu (3145m), Gunung Merapi (2930m), Gunung Telomoyo (1894m), dan Gunung Gilipetung (1400m) dengan total elevasi mencapai 7758m, berakhir di retret MesaStila.",
  "benefit_peserta": [
    "Menantang diri dalam lintasan yang ekstrem",
    "Menikmati pemandangan alam Jawa yang indah",
    "Kesempatan untuk berlari di jalur yang belum terpakai"
  ],
  "lokasi": "MesaStila, Central Java, Indonesia",
  "kota": "Magelang",
  "tanggal_event": "2016-10-08",
  "kontak_event": {
    "Instagram": [],
    "WhatsApp": "0812 119 911",
    "Email": "kontak@indonesiamarathon.com",
    "Website": "www.indonesiamarathon.com"
  },
  "biaya_registrasi": "Tidak tercantum",
  "kategori": [
    "100K",
    "65K",
    "42K",
    "21K",
    "11K"
  ],
  "jenis_event": "trail run"
}