{
  "image": "-",
  "judul": "Nutrition Fun Jogging & Running 2016",
  "isi_informasi": "Persatuan Ahli Gizi Indonesia akan mengadakan acara menarik di IPB Baranangsiang, Bogor pada Minggu, 30 Oktober 2016.",
  "benefit_peserta": [
    "Kesempatan untuk berolahraga",
    "Bertemu dengan ahli gizi",
    "Mendapatkan pengalaman baru"
  ],
  "lokasi": "IPB Baranangsiang, Bogor",
  "kota": "Bogor",
  "tanggal_event": "2016-10-30",
  "kontak_event": {
    "Instagram": [],
    "WhatsApp": "0812 8051 0256",
    "Email": "kontak@indonesiamarathon.com",
    "Website": "www.indonesiamarathon.com"
  },
  "biaya_registrasi": {
    "metode": [
      "Cash dengan Memey",
      "Transfer ke Bank Mandiri 900-00-3585826-6 atas nama Meidianah"
    ]
  },
  "kategori": [],
  "jenis_event": "road run"
}