{
  "image": "-",
  "judul": "Oppo Selfie Run",
  "isi_informasi": "Oppo Selfie Run akan diadakan di Plaza Selatan GBK. Untuk informasi lebih lanjut dan pendaftaran, kunjungi http://selfie.run/.",
  "benefit_peserta": [
    "Kesempatan berlari di lokasi ikonik",
    "Mendapatkan pengalaman berlari yang menyenangkan"
  ],
  "lokasi": "Plaza Selatan GBK",
  "kota": "Jakarta",
  "tanggal_event": "Tidak tercantum",
  "kontak_event": {
    "Instagram": [],
    "WhatsApp": "0812 119 911",
    "Email": "kontak@indonesiamarathon.com",
    "Website": "www.indonesiamarathon.com"
  },
  "biaya_registrasi": "Tidak tercantum",
  "kategori": [],
  "jenis_event": "road run"
}