{
  "image": "-",
  "judul": "PacaRUN 2016",
  "isi_informasi": "Daftarkan diri Anda segera untuk mengikuti PacaRUN 2016 dengan tema #SatuHatiBerlari! Acara ini akan berlangsung pada Minggu, 13 Maret 2016, dimulai dari Gor Padjajaran, Bogor.",
  "benefit_peserta": [
    "Kesempatan berlari bersama komunitas",
    "Mendapatkan pengalaman berharga",
    "Menjalin persahabatan"
  ],
  "lokasi": "Gor Padjajaran, Bogor",
  "kota": "Bogor",
  "tanggal_event": "2016-03-13",
  "kontak_event": {
    "Instagram": [
      "@pacarun5k"
    ],
    "WhatsApp": "082240595205",
    "Email": "kontak@indonesiamarathon.com",
    "Website": "www.indonesiamarathon.com"
  },
  "biaya_registrasi": {
    "10 Feb - 29 Feb 2016": "Rp. 100.000",
    "1 Mar - 7 Mar 2016": "Rp. 120.000"
  },
  "kategori": [],
  "jenis_event": "road run"
}