{
  "image": "-",
  "judul": "Palu Nomoni International Marathon 2016",
  "isi_informasi": "Palu Nomoni International Marathon adalah lomba lari internasional yang pertama kali diadakan di Palu, Sulawesi Tengah, Indonesia.",
  "benefit_peserta": [
    "Kesempatan berpartisipasi dalam lomba lari bertaraf internasional",
    "Pengalaman berlari di rute yang menarik"
  ],
  "lokasi": "Start - Kantor Walikota Palu, Finish - Anjungan Teluk Palu Pantai Talise",
  "kota": "Palu",
  "tanggal_event": "2016-10-01",
  "kontak_event": {
    "Instagram": [],
    "WhatsApp": "0812 119 911",
    "Email": "kontak@indonesiamarathon.com",
    "Website": "www.indonesiamarathon.com"
  },
  "biaya_registrasi": "Tidak tercantum",
  "kategori": [
    "42K",
    "21K",
    "10K",
    "5K"
  ],
  "jenis_event": "road run"
}