{
  "image": "-",
  "judul": "Paskhas 10K FunRun Pekanbaru",
  "isi_informasi": "Event Paskhas 10K FunRun diadakan pada 9 Oktober 2016, dengan start dan finish di Jl. Gajah Mada Pekanbaru. Pendaftaran berlangsung dari 12 Agustus hingga 2 Oktober 2016, dengan biaya pendaftaran sebesar Rp 100.000, dan peserta akan mendapatkan racepack berupa jersey berbahan dryfit.",
  "benefit_peserta": [
    "Jersey berbahan dryfit"
  ],
  "lokasi": "Jl. Gajah Mada Pekanbaru",
  "kota": "Pekanbaru",
  "tanggal_event": "2016-10-09",
  "kontak_event": {
    "Instagram": [],
    "WhatsApp": "0812 119 911",
    "Email": "kontak@indonesiamarathon.com",
    "Website": "www.indonesiamarathon.com"
  },
  "biaya_registrasi": "Rp 100.000",
  "kategori": [
    "10K"
  ],
  "jenis_event": "road run"
}