{
  "image": "-",
  "judul": "Pekan Raya Atletik Ganesha - Ganesha Runiversity 5K",
  "isi_informasi": "Pekan Raya Atletik Ganesha adalah acara yang diselenggarakan oleh Unit Kegiatan Mahasiswa Atletik Ganesha. Ganesha Runiversity 5K merupakan lomba lari sejauh 5 km yang berlangsung di kampus ITB Ganesha, diikuti dengan talkshow.",
  "benefit_peserta": [
    "Kesempatan berlari di rute kampus yang indah",
    "Partisipasi dalam talkshow setelah lomba"
  ],
  "lokasi": "Kampus ITB Jl. Ganeca No. 10 Bandung",
  "kota": "Bandung",
  "tanggal_event": "2016-03-14",
  "kontak_event": {
    "Instagram": [],
    "WhatsApp": "0812 119 911",
    "Email": "kontak@indonesiamarathon.com",
    "Website": "www.indonesiamarathon.com"
  },
  "biaya_registrasi": "Tidak tercantum",
  "kategori": [
    "5K"
  ],
  "jenis_event": "road run"
}