{
  "image": "-",
  "judul": "Pemuda Pancasila 5K & 10K",
  "isi_informasi": "Event lari Pemuda Pancasila menawarkan kategori jarak 5K dan 10K. Informasi lebih lanjut akan diperbarui jika ada perubahan.",
  "benefit_peserta": [
    "Kesempatan berolahraga",
    "Meningkatkan kebugaran",
    "Berkumpul dengan komunitas"
  ],
  "lokasi": "Tidak tercantum",
  "kota": "Karawang",
  "tanggal_event": "Tidak tercantum",
  "kontak_event": {
    "Instagram": [],
    "WhatsApp": "0812 119 911",
    "Email": "kontak@indonesiamarathon.com",
    "Website": "www.indonesiamarathon.com"
  },
  "biaya_registrasi": "Tidak tercantum",
  "kategori": [
    "5K",
    "10K"
  ],
  "jenis_event": "road run"
}