{
  "image": "-",
  "judul": "Pertamina Eco Run 2016",
  "isi_informasi": "Pertamina Eco Run 2016 adalah event lari tahunan yang diadakan untuk merayakan HUT PERTAMINA 2016, dengan tema 'Berlari Lestarikan Hayati'.",
  "benefit_peserta": [
    "Meningkatkan kesadaran lingkungan",
    "Mendapatkan pengalaman berlari yang menyenangkan"
  ],
  "lokasi": "The Breeze BSD, Tangerang",
  "kota": "Tangerang",
  "tanggal_event": "2016-00-00",
  "kontak_event": {
    "Instagram": [],
    "WhatsApp": "0812 119 911",
    "Email": "kontak@indonesiamarathon.com",
    "Website": "www.indonesiamarathon.com"
  },
  "biaya_registrasi": "Tidak tercantum",
  "kategori": [
    "5K",
    "10K"
  ],
  "jenis_event": "road run"
}