{
  "image": "-",
  "judul": "Pocari Sweat Run Surabaya 2016",
  "isi_informasi": "Pocari Sweat Run Surabaya 2016 menawarkan kategori jarak 5K dan 10K. Untuk informasi lebih lanjut dan registrasi, kunjungi http://pocarisweat.co.id/run/.",
  "benefit_peserta": [],
  "lokasi": "Tidak tercantum",
  "kota": "Surabaya",
  "tanggal_event": "2016-01-01",
  "kontak_event": {
    "Instagram": [],
    "WhatsApp": "0812 119 911",
    "Email": "kontak@indonesiamarathon.com",
    "Website": "www.indonesiamarathon.com"
  },
  "biaya_registrasi": "Tidak tercantum",
  "kategori": [
    "5K",
    "10K"
  ],
  "jenis_event": "road run"
}