{
  "image": "-",
  "judul": "Prasmul Olympics 2016 Prisoners Escape: Rome",
  "isi_informasi": "Prasmul Olympics menyajikan Prisoners Escape, sebuah lomba lari 5K bertema yang merayakan semangat kebebasan. Tahun ini, peserta ditantang untuk melarikan diri dari Kekaisaran Romawi dengan melewati berbagai rintangan yang ada. Setelah berhasil, peserta akan dihibur oleh penampilan DJ Dipha Barus dan March Maythem.",
  "benefit_peserta": [
    "Tantangan unik dengan tema pelarian",
    "Pengalaman lari yang seru",
    "Hiburan dari DJ ternama"
  ],
  "lokasi": "Kampus Prasetiya Mulya BSD",
  "kota": "Tangerang",
  "tanggal_event": "2016-01-01",
  "kontak_event": {
    "Instagram": [],
    "WhatsApp": "0812 119 911",
    "Email": "kontak@indonesiamarathon.com",
    "Website": "www.indonesiamarathon.com"
  },
  "biaya_registrasi": "Tidak tercantum",
  "kategori": [
    "5K"
  ],
  "jenis_event": "road run"
}