{
  "image": "-",
  "judul": "Puri Indah Mall SATHORUN for Education 2016",
  "isi_informasi": "Puri Indah Mall dan Sathora dengan bangga mempersembahkan 'Puri Indah Mall SATHORUN for Education 2016', sebuah acara Fun Run 5K yang akan berlangsung pada hari Minggu, 6 Maret 2016. Pendaftaran dibuka dari 25 Januari hingga 20 Februari 2016. Seluruh hasil dari acara ini akan didonasikan untuk Gerakan 'Ayo Sekolah Ayo Kuliah'.",
  "benefit_peserta": [
    "Mendukung pendidikan di Indonesia",
    "Kesempatan untuk berolahraga",
    "Berkumpul dengan komunitas"
  ],
  "lokasi": "Puri Indah Mall dan sekitarnya",
  "kota": "Jakarta",
  "tanggal_event": "2016-03-06",
  "kontak_event": {
    "Instagram": [],
    "WhatsApp": "0812-1230-0428",
    "Email": "kontak@indonesiamarathon.com",
    "Website": "www.indonesiamarathon.com"
  },
  "biaya_registrasi": "Tidak tercantum",
  "kategori": [
    "5K"
  ],
  "jenis_event": "fun run"
}