{
  "image": "-",
  "judul": "Radana Run 2016",
  "isi_informasi": "Radana Run 2016 menawarkan kategori jarak 5K dan 2K untuk anak-anak. Acara ini berlangsung di Area CFD Bekasi dan Summarecon Mall Bekasi.",
  "benefit_peserta": [
    "Kesempatan berlari di lokasi yang menarik",
    "Partisipasi dalam acara komunitas",
    "Pengalaman berharga bagi anak-anak"
  ],
  "lokasi": "Area CFD Bekasi dan Summarecon Mall Bekasi",
  "kota": "Bekasi",
  "tanggal_event": "2016-01-01",
  "kontak_event": {
    "Instagram": [
      "@radana.run"
    ],
    "WhatsApp": "0812 119 911",
    "Email": "kontak@indonesiamarathon.com",
    "Website": "www.indonesiamarathon.com"
  },
  "biaya_registrasi": "Tidak tercantum",
  "kategori": [
    "5K",
    "2K"
  ],
  "jenis_event": "road run"
}