{
  "image": "-",
  "judul": "Ramadhan Night Run 2016",
  "isi_informasi": "Ramadhan Night Run 2016 akan diadakan dengan kategori jarak 5K dan 10K di Sport Club Kota Wisata Cibubur.",
  "benefit_peserta": [
    "Kesempatan berlari di malam hari",
    "Meningkatkan kebugaran",
    "Berkumpul dengan komunitas lari"
  ],
  "lokasi": "Sport Club Kota Wisata Cibubur",
  "kota": "Cibubur",
  "tanggal_event": "2016-06-01",
  "kontak_event": {
    "Instagram": [],
    "WhatsApp": "0812 119 911",
    "Email": "kontak@indonesiamarathon.com",
    "Website": "www.indonesiamarathon.com"
  },
  "biaya_registrasi": "Tidak tercantum",
  "kategori": [
    "5K",
    "10K"
  ],
  "jenis_event": "road run"
}