{
  "image": "-",
  "judul": "Retro Run 2016",
  "isi_informasi": "Retro Run 2016 adalah acara lari mundur pertama di Indonesia yang bertujuan untuk aksi charity. Peserta diharapkan mengenakan atribut dari tahun 70-an, 80-an, dan 90-an. Jarak yang ditempuh adalah 3,5 km, dan setiap langkah akan dihitung sebagai kontribusi untuk amal.",
  "benefit_peserta": [
    "Mendukung aksi charity",
    "Berpartisipasi dalam acara unik",
    "Mengenakan atribut retro"
  ],
  "lokasi": "RetroRun Booth, FX Sudirman (samping Gambino)",
  "kota": "Jakarta",
  "tanggal_event": "2016-09-07",
  "kontak_event": {
    "Instagram": [],
    "WhatsApp": "0812 119 911",
    "Email": "kontak@indonesiamarathon.com",
    "Website": "www.indonesiamarathon.com"
  },
  "biaya_registrasi": {
    "Early Bird": "Rp100,000",
    "Reguler": "Rp150,000"
  },
  "kategori": [],
  "jenis_event": "road run"
}