{
  "image": "-",
  "judul": "Riau Trailrun Race 2016",
  "isi_informasi": "Riau Trailrun Race 2016 (RTR 2016) adalah lomba lari lintas alam tahunan yang diselenggarakan oleh komunitas Trail Runners Pekanbaru. Ini merupakan edisi kedua setelah sukses di Rumbai pada 2015. Titik Start dan Finish berada di Taman Hutan Raya Sultan Syarif Hasyim Minas, Kabupaten Siak, Riau, sekitar 25 kilometer dari Pekanbaru.",
  "benefit_peserta": [
    "Kesempatan berkompetisi di lomba lari lintas alam",
    "Pengalaman berlari di alam terbuka",
    "Mendapatkan medali dan sertifikat"
  ],
  "lokasi": "Taman Hutan Raya Sultan Syarif Hasyim Minas, Kabupaten Siak, Riau",
  "kota": "Siak",
  "tanggal_event": "2016-10-01",
  "kontak_event": {
    "Instagram": [],
    "WhatsApp": "0812 119 911",
    "Email": "kontak@indonesiamarathon.com",
    "Website": "www.indonesiamarathon.com"
  },
  "biaya_registrasi": "Tidak tercantum",
  "kategori": [
    "10 KM Pelajar",
    "10 KM Umum",
    "21 KM Umum"
  ],
  "jenis_event": "trail run"
}