{
  "image": "-",
  "judul": "Rinjani Vertical Race",
  "isi_informasi": "Rinjani Vertical Race adalah lomba lari dengan jarak 18KM yang berlangsung di Gunung Rinjani, Lombok. Tanggal lomba telah diubah menjadi 23 Juli 2016.",
  "benefit_peserta": [
    "Kesempatan berlari di lokasi yang indah",
    "Tantangan fisik yang menarik",
    "Pengalaman berharga dalam lomba trail"
  ],
  "lokasi": "Gunung Rinjani, Lombok",
  "kota": "Lombok",
  "tanggal_event": "2016-07-23",
  "kontak_event": {
    "Instagram": [],
    "WhatsApp": "0812 119 911",
    "Email": "kontak@indonesiamarathon.com",
    "Website": "www.indonesiamarathon.com"
  },
  "biaya_registrasi": "Tidak tercantum",
  "kategori": [
    "18KM"
  ],
  "jenis_event": "trail run"
}