{
  "image": "-",
  "judul": "Rinjani 100",
  "isi_informasi": "Rinjani 100 menawarkan lomba lari dengan jarak 100km, 60km, 36km, dan 27km. Peserta akan melewati jalur klasik yang terkenal menantang dari Senaru ke Danau Segara Anak, serta jalur baru yang melintasi perbukitan Sembalun, punggungan, lembah, dan padang rumput yang indah, memberikan pemandangan alam yang menakjubkan.",
  "benefit_peserta": [
    "Pengalaman lari di jalur yang menantang",
    "Pemandangan alam yang indah",
    "Kesempatan untuk menjelajahi jalur baru"
  ],
  "lokasi": "Tidak tercantum",
  "kota": "Lombok",
  "tanggal_event": "2016-07-01",
  "kontak_event": {
    "Instagram": [],
    "WhatsApp": "0812 119 911",
    "Email": "kontak@indonesiamarathon.com",
    "Website": "www.indonesiamarathon.com"
  },
  "biaya_registrasi": "Tidak tercantum",
  "kategori": [
    "100KM",
    "60KM",
    "36KM",
    "27KM"
  ],
  "jenis_event": "trail run"
}