{
  "image": "-",
  "judul": "RMR Dash Trail 2016",
  "isi_informasi": "RMR Dash Trail 2016 adalah lomba lari dengan kategori jarak 8 km yang bertipe trail run.",
  "benefit_peserta": [
    "Kesempatan untuk berkompetisi di jalur alam",
    "Meningkatkan kebugaran fisik",
    "Bertemu dengan komunitas lari"
  ],
  "lokasi": "Tidak tercantum",
  "kota": "Tidak tercantum",
  "tanggal_event": "2016-01-01",
  "kontak_event": {
    "Instagram": [],
    "WhatsApp": "0812 119 911",
    "Email": "kontak@indonesiamarathon.com",
    "Website": "www.indonesiamarathon.com"
  },
  "biaya_registrasi": "Tidak tercantum",
  "kategori": [
    "8K"
  ],
  "jenis_event": "trail run"
}