{
  "image": "-",
  "judul": "Romantic Run Pekanbaru",
  "isi_informasi": "Event lari ini akan diadakan di Lapangan Pancasila pada tanggal 14 Februari 2016.",
  "benefit_peserta": [
    "Kesempatan untuk berolahraga",
    "Meningkatkan kebugaran",
    "Menjalin hubungan sosial"
  ],
  "lokasi": "Lapangan Pancasila, Pekanbaru",
  "kota": "Pekanbaru",
  "tanggal_event": "2016-02-14",
  "kontak_event": {
    "Instagram": [
      "@pekanbaruromanticrun"
    ],
    "WhatsApp": "0812 119 911",
    "Email": "kontak@indonesiamarathon.com",
    "Website": "www.indonesiamarathon.com"
  },
  "biaya_registrasi": "Tidak tercantum",
  "kategori": [
    "Tidak tercantum"
  ],
  "jenis_event": "road run"
}