{
  "image": "-",
  "judul": "Roxy Fitness",
  "isi_informasi": "Roxy Fitness akan diadakan di VIP Carpark FX Lifestyle X'nter. Untuk informasi lebih lanjut dan pendaftaran, kunjungi situs resmi Roxy.",
  "benefit_peserta": [
    "Kesempatan berolahraga",
    "Meningkatkan kebugaran",
    "Bertemu komunitas lari"
  ],
  "lokasi": "VIP Carpark FX Lifestyle X'nter",
  "kota": "Jakarta",
  "tanggal_event": "Tidak tercantum",
  "kontak_event": {
    "Instagram": [],
    "WhatsApp": "0812 119 911",
    "Email": "kontak@indonesiamarathon.com",
    "Website": "www.indonesiamarathon.com"
  },
  "biaya_registrasi": "Tidak tercantum",
  "kategori": [],
  "jenis_event": "road run"
}