{
  "image": "-",
  "judul": "Run for Unity",
  "isi_informasi": "Event lari 'Run for Unity' menawarkan kategori jarak 2.5K dan 5K. Untuk informasi lebih lanjut dan pendaftaran, kunjungi situs resmi.",
  "benefit_peserta": [
    "Kesempatan berolahraga",
    "Meningkatkan kebugaran",
    "Berkumpul dengan komunitas"
  ],
  "lokasi": "Tidak tercantum",
  "kota": "Tidak tercantum",
  "tanggal_event": "Tidak tercantum",
  "kontak_event": {
    "Instagram": [],
    "WhatsApp": "0812 119 911",
    "Email": "kontak@indonesiamarathon.com",
    "Website": "www.indonesiamarathon.com"
  },
  "biaya_registrasi": "Tidak tercantum",
  "kategori": [
    "2.5K",
    "5K"
  ],
  "jenis_event": "road run"
}