{
  "image": "-",
  "judul": "Run With Heart Jakarta Race Series 2016 #3",
  "isi_informasi": "Jakarta Race Series yang tertua kembali hadir dengan empat lomba 5km dan Fun Run 2,5km. Tahun ini, acara berlangsung di SPH Kemang, dan puncaknya adalah Wintermar JFS Zoo Race.",
  "benefit_peserta": [
    "Kesempatan berlari di acara lari tertua di Jakarta",
    "Menikmati suasana lomba yang meriah",
    "Mendapatkan pengalaman berlari yang menyenangkan"
  ],
  "lokasi": "Sekolah Pelita Harapan, Kemang",
  "kota": "Jakarta Selatan",
  "tanggal_event": "2016-03-00",
  "kontak_event": {
    "Instagram": [],
    "WhatsApp": "0812 119 911",
    "Email": "kontak@indonesiamarathon.com",
    "Website": "www.indonesiamarathon.com"
  },
  "biaya_registrasi": "Tidak tercantum",
  "kategori": [
    "5K",
    "Fun Run"
  ],
  "jenis_event": "road run"
}