{
  "image": "-",
  "judul": "Run Around The World 5K",
  "isi_informasi": "SGU mempersembahkan Run Around The World, sebuah lomba lari 5K bertema perjalanan yang membawa Anda 'mengunjungi' berbagai negara. Setiap pos akan mewakili negara yang berbeda, dan peserta dapat mengumpulkan souvenir serta merayakan Oktoberfest setelah mencapai garis finish. Tanggal acara adalah Sabtu, 29 Oktober 2016, di Swiss German University - BSD City EduTown pada pukul 16.00.",
  "benefit_peserta": [
    "Kesempatan memenangkan 2 tiket pesawat pulang-pergi",
    "Hadiah uang tunai"
  ],
  "lokasi": "Swiss German University - BSD City EduTown",
  "kota": "Tangerang",
  "tanggal_event": "2016-10-29",
  "kontak_event": {
    "Instagram": [],
    "WhatsApp": "0812 119 911",
    "Email": "kontak@indonesiamarathon.com",
    "Website": "www.indonesiamarathon.com"
  },
  "biaya_registrasi": "Tidak tercantum",
  "kategori": [],
  "jenis_event": "road run"
}