{
  "image": "-",
  "judul": "Run For Education Into The Galaxy",
  "isi_informasi": "Run For Education adalah acara lari yang mendukung pendidikan di Indonesia, telah diselenggarakan sejak 2015 oleh Mahasiswa Universitas Pembangunan Jaya di Kawasan Bintaro Jaya. Acara ini lahir dari mata kuliah Event Organizing dan bertujuan untuk menggalang dukungan bagi kemajuan pendidikan di Indonesia.",
  "benefit_peserta": [
    "Mendukung pendidikan Indonesia",
    "Berpartisipasi dalam acara lari",
    "Mendapatkan pengalaman berharga"
  ],
  "lokasi": "Kawasan Bintaro Jaya",
  "kota": "Tangerang Selatan",
  "tanggal_event": "2016-05-15",
  "kontak_event": {
    "Instagram": [],
    "WhatsApp": "0812 119 911",
    "Email": "info@runforeduupj.com",
    "Website": "www.indonesiamarathon.com"
  },
  "biaya_registrasi": "Tidak tercantum",
  "kategori": [
    "5K SMA",
    "5K Open",
    "10K Open"
  ],
  "jenis_event": "road run"
}