{
  "image": "-",
  "judul": "Run With Heart Jakarta Race Series 2016 #4",
  "isi_informasi": "Jakarta Race Series yang tertua kembali hadir dengan empat lomba 5km dan Fun Run 2.5km. Tahun ini, acara berlangsung di SPH Kemang, dengan puncaknya di Wintermar JFS Zoo Race.",
  "benefit_peserta": [
    "Kesempatan berlari di acara lari tertua di Jakarta",
    "Menikmati suasana lomba yang meriah",
    "Mendapatkan pengalaman berlari di lokasi baru"
  ],
  "lokasi": "Wintermar JFS, Kebun Binatang Ragunan, Jakarta Selatan",
  "kota": "Jakarta",
  "tanggal_event": "2016-12-10",
  "kontak_event": {
    "Instagram": [],
    "WhatsApp": "0812 119 911",
    "Email": "kontak@indonesiamarathon.com",
    "Website": "www.indonesiamarathon.com"
  },
  "biaya_registrasi": "Tidak tercantum",
  "kategori": [
    "5K",
    "Fun Run"
  ],
  "jenis_event": "road run"
}