{
  "image": "-",
  "judul": "Run 7K HUT Yonif 7 Marinir ke 13",
  "isi_informasi": "Event lari 7K dalam rangka HUT Yonif 7 Marinir ke-13 akan diadakan di PKOR Way Halim. Biaya registrasi sebesar 50.000 IDR, peserta akan mendapatkan kaos, nomor dada, dan kupon undian. Medali akan diberikan kepada 100 finisher pertama, serta hadiah uang tunai untuk 3 pemenang putra dan putri.",
  "benefit_peserta": [
    "Kaos",
    "Nomor dada",
    "Kupon undian",
    "Medali untuk 100 finisher pertama",
    "Hadiah uang tunai untuk 3 besar putra/i"
  ],
  "lokasi": "PKOR Way Halim, Lampung",
  "kota": "Lampung",
  "tanggal_event": "2025-01-19",
  "kontak_event": {
    "Instagram": [],
    "WhatsApp": "+6281287029967",
    "Email": "kontak@indonesiamarathon.com",
    "Website": "www.indonesiamarathon.com"
  },
  "biaya_registrasi": "50.000 IDR",
  "kategori": [
    "7K"
  ],
  "jenis_event": "road run"
}