{
  "image": "-",
  "judul": "Run With Heart Jakarta Race Series 2016 #1",
  "isi_informasi": "Jakarta Race Series yang tertua kembali hadir dengan empat lomba 5km dan Fun Run 2.5km. Tahun ini, acara berlangsung di SPH Kemang, dengan puncak acara di Wintermar JFS Zoo Race.",
  "benefit_peserta": [
    "Kesempatan berlari di acara lari tertua di Jakarta",
    "Partisipasi dalam lomba 5km dan Fun Run 2.5km",
    "Pengalaman berlari di lokasi baru"
  ],
  "lokasi": "British School of Jakarta, Bintaro",
  "kota": "Jakarta Selatan",
  "tanggal_event": "2016-01-01",
  "kontak_event": {
    "Instagram": [],
    "WhatsApp": "0812 119 911",
    "Email": "info@jakartafreespirit.org",
    "Website": "www.indonesiamarathon.com"
  },
  "biaya_registrasi": "Tidak tercantum",
  "kategori": [
    "5K",
    "Fun Run"
  ],
  "jenis_event": "road run"
}