{
  "image": "-",
  "judul": "Run To Mosque",
  "isi_informasi": "Lomba lari Run To Mosque akan diadakan dengan kategori jarak 4K di Masjid Cut Meutia. Untuk informasi lebih lanjut dan pendaftaran, hubungi Rini di 0811-1480-400 atau Amira di 0858-8197-6581.",
  "benefit_peserta": [
    "Kesempatan berolahraga",
    "Meningkatkan kebugaran",
    "Berkumpul dengan komunitas"
  ],
  "lokasi": "Masjid Cut Meutia",
  "kota": "Masjid Cut Meutia",
  "tanggal_event": "Tidak tercantum",
  "kontak_event": {
    "Instagram": [],
    "WhatsApp": "0812 119 911",
    "Email": "kontak@indonesiamarathon.com",
    "Website": "www.indonesiamarathon.com"
  },
  "biaya_registrasi": "Tidak tercantum",
  "kategori": [
    "4K"
  ],
  "jenis_event": "road run"
}