{
  "image": "-",
  "judul": "Run With Heart Jakarta Race Series 2016 #2",
  "isi_informasi": "Jakarta Race Series, yang merupakan lomba lari tertua di Jakarta, kembali dengan empat kategori lomba 5km dan Fun Run 2,5km. Tahun ini, acara berlangsung di SPH Kemang, dengan puncaknya adalah Wintermar JFS Zoo Race.",
  "benefit_peserta": [
    "Kesempatan berkompetisi di lomba lari tertua di Jakarta",
    "Menikmati suasana lomba yang meriah",
    "Mendapatkan pengalaman berlari di lokasi baru"
  ],
  "lokasi": "Jakarta Intercultural School",
  "kota": "Jakarta Selatan",
  "tanggal_event": "2016-01-19",
  "kontak_event": {
    "Instagram": [],
    "WhatsApp": "0812 119 911",
    "Email": "kontak@indonesiamarathon.com",
    "Website": "www.indonesiamarathon.com"
  },
  "biaya_registrasi": "Tidak tercantum",
  "kategori": [
    "5K",
    "Fun Run"
  ],
  "jenis_event": "road run"
}