{
  "image": "-",
  "judul": "Run to Give Surabaya 2016",
  "isi_informasi": "Event lari ini menawarkan kategori jarak 5K dan 10K. Jika terdapat informasi yang tidak akurat atau perubahan terkait lomba, peserta diharapkan untuk menginformasikannya.",
  "benefit_peserta": [
    "Kesempatan berlari untuk tujuan amal",
    "Mendapatkan pengalaman berlari yang menyenangkan"
  ],
  "lokasi": "Tidak tercantum",
  "kota": "Surabaya",
  "tanggal_event": "2016-01-01",
  "kontak_event": {
    "Instagram": [],
    "WhatsApp": "0812 119 911",
    "Email": "kontak@indonesiamarathon.com",
    "Website": "www.indonesiamarathon.com"
  },
  "biaya_registrasi": "Tidak tercantum",
  "kategori": [
    "5K",
    "10K"
  ],
  "jenis_event": "road run"
}