{
  "image": "-",
  "judul": "Run For Hopes",
  "isi_informasi": "Event lari 'Run For Hopes' akan diadakan dengan kategori jarak 5KM di Balai Kota Surabaya. Untuk informasi dan registrasi, hubungi Willy di nomor 0856-4575-8637.",
  "benefit_peserta": [
    "Kesempatan berpartisipasi dalam acara lari",
    "Mendapatkan pengalaman berlari di lokasi yang menarik"
  ],
  "lokasi": "Balai Kota Surabaya",
  "kota": "Surabaya",
  "tanggal_event": "Tidak tercantum",
  "kontak_event": {
    "Instagram": [],
    "WhatsApp": "0856-4575-8637",
    "Email": "kontak@indonesiamarathon.com",
    "Website": "www.indonesiamarathon.com"
  },
  "biaya_registrasi": "Tidak tercantum",
  "kategori": [
    "5K"
  ],
  "jenis_event": "road run"
}