{
  "image": "-",
  "judul": "Runsolution 2016",
  "isi_informasi": "Informasi lebih lanjut dapat diperoleh melalui Oppie di 0878-5115-3257 atau Yonas di 0822-3090-7788. Jika terdapat informasi yang tidak akurat atau perubahan terkait lomba, mohon untuk menghubungi kami.",
  "benefit_peserta": [],
  "lokasi": "Tidak tercantum",
  "kota": "Tidak tercantum",
  "tanggal_event": "Tidak tercantum",
  "kontak_event": {
    "Instagram": [],
    "WhatsApp": "0812 119 911",
    "Email": "kontak@indonesiamarathon.com",
    "Website": "www.indonesiamarathon.com"
  },
  "biaya_registrasi": "Tidak tercantum",
  "kategori": [],
  "jenis_event": "road run"
}