{
  "image": "-",
  "judul": "Safari Run 2016",
  "isi_informasi": "Safari Run 2016 adalah lomba lari dengan kategori jarak 5KM yang berlangsung di Safari Prigen, Pasuruan, Jawa Timur.",
  "benefit_peserta": [
    "Kesempatan untuk berpartisipasi dalam acara lari",
    "Mendapatkan pengalaman berlari di lokasi yang menarik"
  ],
  "lokasi": "Safari Prigen, Pasuruan, Jawa Timur",
  "kota": "Pasuruan",
  "tanggal_event": "2016-01-01",
  "kontak_event": {
    "Instagram": [],
    "WhatsApp": "082 232 717 891",
    "Email": "kontak@indonesiamarathon.com",
    "Website": "www.indonesiamarathon.com"
  },
  "biaya_registrasi": "Tidak tercantum",
  "kategori": [
    "5K"
  ],
  "jenis_event": "road run"
}