{
  "image": "-",
  "judul": "Salatiga Trail Run 2016",
  "isi_informasi": "Salatiga Trail Run 2016 akan berlangsung dengan kategori jarak 12KM Trail. Acara ini diadakan di Halaman Bank Jateng, Salatiga.",
  "benefit_peserta": [
    "Kesempatan berlari di jalur trail yang menantang",
    "Meningkatkan kebugaran fisik",
    "Bertemu dengan komunitas lari"
  ],
  "lokasi": "Halaman Bank Jateng - Salatiga",
  "kota": "Salatiga",
  "tanggal_event": "2016-01-01",
  "kontak_event": {
    "Instagram": [],
    "WhatsApp": "0818-297-282",
    "Email": "kontak@indonesiamarathon.com",
    "Website": "www.indonesiamarathon.com"
  },
  "biaya_registrasi": "Tidak tercantum",
  "kategori": [
    "12KM"
  ],
  "jenis_event": "trail run"
}