{
  "image": "-",
  "judul": "Samosir Lake Toba Ultra 2016",
  "isi_informasi": "Samosir Lake Toba Ultra 2016 menawarkan kategori jarak 5KM, 10KM, 25KM, dan 50KM. Untuk informasi lebih lanjut dan pendaftaran, kunjungi situs resmi.",
  "benefit_peserta": [
    "Kesempatan berlari di lokasi yang indah",
    "Meningkatkan kebugaran",
    "Bertemu dengan komunitas lari"
  ],
  "lokasi": "Tidak tercantum",
  "kota": "Samosir",
  "tanggal_event": "2016-01-01",
  "kontak_event": {
    "Instagram": [],
    "WhatsApp": "0812 119 911",
    "Email": "kontak@indonesiamarathon.com",
    "Website": "www.indonesiamarathon.com"
  },
  "biaya_registrasi": "Tidak tercantum",
  "kategori": [
    "5K",
    "10K",
    "25K",
    "50K"
  ],
  "jenis_event": "trail run"
}