{
  "image": "-",
  "judul": "Semen Indonesia Green Industry Trail Run 2016",
  "isi_informasi": "Semen Indonesia Green Industry Trail Run 2016 akan berlangsung pada hari Minggu, 13 November 2016, dengan kategori jarak 10 KM.",
  "benefit_peserta": [
    "Kesempatan berlari di kawasan pabrik",
    "Meningkatkan kebugaran",
    "Mendapatkan pengalaman berlari di jalur trail"
  ],
  "lokasi": "Kawasan Pabrik Gresik, Semen Indonesia, Jl. Veteran, Gresik Jawa Timur",
  "kota": "Gresik",
  "tanggal_event": "2016-11-13",
  "kontak_event": {
    "Instagram": [],
    "WhatsApp": "0812 119 911",
    "Email": "kontak@indonesiamarathon.com",
    "Website": "www.indonesiamarathon.com"
  },
  "biaya_registrasi": "Tidak tercantum",
  "kategori": [
    "10K"
  ],
  "jenis_event": "trail run"
}