{
  "image": "-",
  "judul": "Sentul Half Marathon (Semar)",
  "isi_informasi": "Sentul Half Marathon (Semar) adalah event lari yang diadakan di Sentul. Untuk registrasi, kunjungi www.mesarace.com/register/sentul-half-marathon/.",
  "benefit_peserta": [
    "Kesempatan untuk berkompetisi dalam lomba lari",
    "Mendapatkan pengalaman berlari di jalur yang menantang"
  ],
  "lokasi": "Sentul, Bogor, Jawa Barat",
  "kota": "Bogor",
  "tanggal_event": "2025-01-19",
  "kontak_event": {
    "Instagram": [],
    "WhatsApp": "0812 119 911",
    "Email": "kontak@indonesiamarathon.com",
    "Website": "www.indonesiamarathon.com"
  },
  "biaya_registrasi": "Tidak tercantum",
  "kategori": [],
  "jenis_event": "road run"
}