{
  "image": "-",
  "judul": "Serpong Green Warrior Run 2016",
  "isi_informasi": "Serpong Green Warrior Run 2016 (#SGWR2016) adalah lomba rintangan yang diadakan oleh Summarecon Mal Serpong sebagai bagian dari Festival Kuliner Serpong. Acara ini merupakan adaptasi dari Jakarta Wine & Cheese Run dan menawarkan tantangan unik bagi pelari. Lomba ini melibatkan pelari nasional dan internasional dengan kategori 10K, 5K, dan 1,2K, serta kategori Obstacle Run dan Speed. Event ini akan berlangsung pada 11 September 2016.",
  "benefit_peserta": [
    "Kesempatan memenangkan perjalanan ke Jepang untuk mengikuti Fujisan Marathon",
    "Hadiah menarik lainnya"
  ],
  "lokasi": "Summarecon Mal Serpong",
  "kota": "Tangerang",
  "tanggal_event": "2016-09-11",
  "kontak_event": {
    "Instagram": [],
    "WhatsApp": "0812 119 911",
    "Email": "kontak@indonesiamarathon.com",
    "Website": "www.indonesiamarathon.com"
  },
  "biaya_registrasi": "Tidak tercantum",
  "kategori": [
    "10K",
    "5K",
    "1,2K",
    "Obstacle Run",
    "Speed"
  ],
  "jenis_event": "road run"
}