{
  "image": "-",
  "judul": "Sibayak Altitude Run",
  "isi_informasi": "Sibayak Altitude Run akan dimulai dari RAJA BERNEH, HOT SPRING SIBAYAK NCOLE, DOULU, BERASTAGI pada pagi hari Sabtu, 30 April 2016, pukul 05.00 WIB. Peserta akan menggunakan headlamp untuk menerangi jalur lari di pagi hari. Lomba ini akan melintasi lokasi-lokasi menakjubkan seperti Hot Spring Ncole, perkebunan sayur, dan keindahan Kawah Sibayak. Peserta diharapkan menyelesaikan lomba sejauh 11 km dalam waktu 3 jam dan 18 km dalam waktu 5 jam.",
  "benefit_peserta": [
    "Pengalaman lari di lokasi yang indah",
    "Kesempatan untuk berkompetisi dengan peserta lain",
    "Mendapatkan medali penyelesaian"
  ],
  "lokasi": "RAJA BERNEH, HOT SPRING SIBAYAK NCOLE, DOULU, BERASTAGI",
  "kota": "Berastagi",
  "tanggal_event": "2016-04-30",
  "kontak_event": {
    "Instagram": [],
    "WhatsApp": "0812 119 911",
    "Email": "kontak@indonesiamarathon.com",
    "Website": "www.indonesiamarathon.com"
  },
  "biaya_registrasi": "Tidak tercantum",
  "kategori": [
    "11K",
    "18K"
  ],
  "jenis_event": "trail run"
}