{
  "image": "-",
  "judul": "Skechers Walk and Run for Pink Ribbon 2016",
  "isi_informasi": "Dukung perjuangan melawan kanker payudara dengan mengikuti acara lari yang sehat dan menyenangkan ini. Hasil pendaftaran akan disumbangkan ke Yayasan Kanker Payudara Indonesia. Pink Ribbon adalah simbol kesadaran kanker payudara yang diperingati setiap bulan Oktober. Skechers Global berkomitmen untuk meningkatkan kesadaran tentang kanker payudara dan bekerja sama dengan American Cancer Society dalam gerakan ini. Setiap pembelian sepatu Skechers GO Walk dan GO Run akan menyumbang Rp 25.000 kepada YKPI untuk mendukung pengobatan dan program deteksi dini, berlaku dari 7 September hingga 7 November 2016.",
  "benefit_peserta": [
    "Mendukung Yayasan Kanker Payudara Indonesia",
    "Meningkatkan kesadaran tentang kanker payudara",
    "Kesempatan untuk berolahraga dengan cara yang menyenangkan"
  ],
  "lokasi": "Tidak tercantum",
  "kota": "Tidak tercantum",
  "tanggal_event": "2016-10-01",
  "kontak_event": {
    "Instagram": [],
    "WhatsApp": "0812 119 911",
    "Email": "kontak@indonesiamarathon.com",
    "Website": "www.indonesiamarathon.com"
  },
  "biaya_registrasi": "Tidak tercantum",
  "kategori": [],
  "jenis_event": "road run"
}