{
  "image": "-",
  "judul": "Sky Run 2016",
  "isi_informasi": "Sky Run 2016 adalah lomba lari 5 Km dengan tema 'Urban' yang berlangsung pada 10 Januari 2016. Ini adalah edisi ketiga dari acara ini, yang terbagi menjadi dua kategori: umum dan pelajar, berdasarkan jenis kelamin. Tiga peserta tercepat di setiap kategori akan mendapatkan hadiah utama, dan semua peserta yang menyelesaikan lomba dalam waktu kurang dari 1 jam 30 menit akan menerima medali. Acara ini juga akan diakhiri dengan penampilan dari SMA Labschool Kebayoran.",
  "benefit_peserta": [
    "Hadiah untuk pemenang",
    "Medali untuk penyelesaian di bawah 1 jam 30 menit",
    "Pertunjukan penutup dari SMA Labschool Kebayoran"
  ],
  "lokasi": "SMA Labschool Kebayoran, Jakarta",
  "kota": "Jakarta",
  "tanggal_event": "2016-01-10",
  "kontak_event": {
    "Instagram": [],
    "WhatsApp": "0812 119 911",
    "Email": "kontak@indonesiamarathon.com",
    "Website": "www.indonesiamarathon.com"
  },
  "biaya_registrasi": "Tidak tercantum",
  "kategori": [
    "5K"
  ],
  "jenis_event": "road run"
}