{
  "image": "-",
  "judul": "Sleman Temple Run",
  "isi_informasi": "Ikuti lomba lari dengan latar belakang situs budaya dan alam yang menakjubkan. Siapkan diri Anda dan nikmati keseruan!",
  "benefit_peserta": [
    "Pengalaman berlari di lokasi bersejarah",
    "Pemandangan alam yang indah",
    "Kesempatan untuk bersosialisasi"
  ],
  "lokasi": "TEBING BREKSI PRAMBANAN, Yogyakarta",
  "kota": "Yogyakarta",
  "tanggal_event": "2016-08-28",
  "kontak_event": {
    "Instagram": [
      "eventsleman"
    ],
    "WhatsApp": "0823 1748 6712",
    "Email": "kontak@indonesiamarathon.com",
    "Website": "www.indonesiamarathon.com"
  },
  "biaya_registrasi": "Tidak tercantum",
  "kategori": [
    "8KM"
  ],
  "jenis_event": "trail run"
}