{
  "image": "-",
  "judul": "Sleman Ultra Marathon 100K 2016",
  "isi_informasi": "Sleman Ultra Marathon 100K 2016 menawarkan kategori jarak 100 km, 50 km, 25 km, 13 km, dan 5 km yang akan diadakan di Kaliurang.",
  "benefit_peserta": [
    "Kesempatan untuk berkompetisi di berbagai kategori jarak",
    "Pengalaman berlari di lokasi yang indah"
  ],
  "lokasi": "Kaliurang",
  "kota": "Sleman",
  "tanggal_event": "2016-01-01",
  "kontak_event": {
    "Instagram": [],
    "WhatsApp": "0812 119 911",
    "Email": "kontak@indonesiamarathon.com",
    "Website": "www.indonesiamarathon.com"
  },
  "biaya_registrasi": "Tidak tercantum",
  "kategori": [
    "100K",
    "50K",
    "25K",
    "13K",
    "5K"
  ],
  "jenis_event": "trail run"
}