{
  "image": "-",
  "judul": "SMIS Run",
  "isi_informasi": "SMIS Run adalah lomba lari dengan kategori jarak 5K yang diadakan di Stella Maris School Gading Serpong.",
  "benefit_peserta": [
    "Kesempatan untuk berkompetisi",
    "Meningkatkan kebugaran",
    "Berkumpul dengan komunitas lari"
  ],
  "lokasi": "Stella Maris School Gading Serpong",
  "kota": "Tangerang",
  "tanggal_event": "Tidak tercantum",
  "kontak_event": {
    "Instagram": [],
    "WhatsApp": "0812 119 911",
    "Email": "kontak@indonesiamarathon.com",
    "Website": "www.indonesiamarathon.com"
  },
  "biaya_registrasi": "Tidak tercantum",
  "kategori": [
    "5K"
  ],
  "jenis_event": "road run"
}