{
  "image": "-",
  "judul": "Spark Colorful Bandung",
  "isi_informasi": "Event lari Spark Colorful Bandung akan diadakan dengan jarak 7K di lapangan Parkir Seberang BTC Fashion Mall.",
  "benefit_peserta": [
    "Kesempatan berolahraga",
    "Meningkatkan kebugaran",
    "Berkumpul dengan komunitas"
  ],
  "lokasi": "Lapangan Parkir Seberang BTC Fashion Mall",
  "kota": "Bandung",
  "tanggal_event": "Tidak tercantum",
  "kontak_event": {
    "Instagram": [],
    "WhatsApp": "0812-2469-7493",
    "Email": "kontak@indonesiamarathon.com",
    "Website": "www.indonesiamarathon.com"
  },
  "biaya_registrasi": "Tidak tercantum",
  "kategori": [
    "7K"
  ],
  "jenis_event": "road run"
}