{
  "image": "-",
  "judul": "Splash Run",
  "isi_informasi": "Splash Run adalah lomba lari dengan kategori jarak 5K yang berlangsung di Taman Impian Jaya Ancol.",
  "benefit_peserta": [
    "Kesempatan untuk berolahraga",
    "Meningkatkan kebugaran",
    "Berkumpul dengan komunitas lari"
  ],
  "lokasi": "Taman Impian Jaya Ancol",
  "kota": "Jakarta",
  "tanggal_event": "2025-01-19",
  "kontak_event": {
    "Instagram": [],
    "WhatsApp": "0812 119 911",
    "Email": "kontak@indonesiamarathon.com",
    "Website": "www.indonesiamarathon.com"
  },
  "biaya_registrasi": "Tidak tercantum",
  "kategori": [
    "5K"
  ],
  "jenis_event": "road run"
}