{
  "image": "-",
  "judul": "SRITEX Run",
  "isi_informasi": "SRITEX Run adalah lomba lari jalan raya yang diselenggarakan oleh PT. Sri Rejeki Isman (Sritex) untuk merayakan ulang tahun ke-50 perusahaan. Acara ini berlangsung pada 24 April 2016, dengan tujuan mengajak masyarakat umum untuk hidup sehat melalui olahraga lari. Rute lomba sejauh 10 Km dimulai dan diakhiri di Pabrik Utama Sritex, melewati pemandangan pedesaan yang indah. Terdapat tiga kategori peserta: umum, TNI/Polri, dan karyawan Sritex, serta fun run untuk anak-anak sejauh 1 Km. Hadiah uang tunai mencapai ratusan juta rupiah disediakan untuk para peserta.",
  "benefit_peserta": [
    "Kesempatan untuk hidup sehat melalui olahraga",
    "Pengalaman berlari di rute yang indah",
    "Hadiah uang tunai"
  ],
  "lokasi": "Pabrik Utama Sritex, Sukoharjo, Solo - Jawa Tengah",
  "kota": "Sukoharjo",
  "tanggal_event": "2016-04-24",
  "kontak_event": {
    "Instagram": [],
    "WhatsApp": "0812 119 911",
    "Email": "kontak@indonesiamarathon.com",
    "Website": "www.indonesiamarathon.com"
  },
  "biaya_registrasi": "Tidak tercantum",
  "kategori": [
    "10KM",
    "Kids Fun Run 1KM"
  ],
  "jenis_event": "road run"
}