{
  "image": "-",
  "judul": "Sunset Run 2016",
  "isi_informasi": "Sunset Run 2016 adalah acara lari amal pertama di Seminyak yang diadakan pada 29 Oktober 2016, dengan rute sepanjang 3 Km di pantai Seminyak. Semua hasil dari acara ini akan disumbangkan kepada Suryani Institute for Mental Health dan Yayasan Senyum Bali. Biaya pendaftaran adalah IDR 150,000 (US$ 11.45) per orang, termasuk tiket masuk, tetapi tidak termasuk kaos, air mineral, dan voucher belanja IDR 100,000 yang berlaku di toko 'Our Daily Dose'. Untuk pendaftaran awal hingga 30 September, biaya adalah IDR 125,000 per orang. Tiket dapat dibeli di beberapa lokasi, termasuk Anantara Seminyak Bali Resort dan toko Yayasan Senyum Bali. Hadiah undian termasuk menginap di resor mewah di berbagai lokasi, dengan total nilai lebih dari US$ 8,000.",
  "benefit_peserta": [
    "Sumbangan untuk amal",
    "Voucher belanja",
    "Kesempatan memenangkan hadiah undian"
  ],
  "lokasi": "Seminyak Beach, Seminyak, Bali",
  "kota": "Bali",
  "tanggal_event": "2016-10-29",
  "kontak_event": {
    "Instagram": [],
    "WhatsApp": "+62 361 737773",
    "Email": "info@anantara.com",
    "Website": "www.indonesiamarathon.com"
  },
  "biaya_registrasi": {
    "normal": "IDR 150,000",
    "early_bird": "IDR 125,000"
  },
  "kategori": [],
  "jenis_event": "road run"
}