{
  "image": "-",
  "judul": "SuperBall Run 2016",
  "isi_informasi": "Selamat datang di SuperBall Run 2016, edisi ketiga dari SBRun yang menawarkan pengalaman baru berlari di Flyover. Setelah sukses di tahun sebelumnya, tahun ini kami mengadakan 'First Half Marathon on Flyover' dengan kategori jarak 21KM, 10KM, dan 5K. Acara akan berlangsung di Flyover Antasari.",
  "benefit_peserta": [
    "Pengalaman unik berlari di Flyover",
    "Kesempatan berlari dengan jersey klub bola",
    "Partisipasi dalam acara lari yang semakin besar"
  ],
  "lokasi": "Flyover Antasari",
  "kota": "Jakarta",
  "tanggal_event": "2016-12-13",
  "kontak_event": {
    "Instagram": [],
    "WhatsApp": "0812 119 911",
    "Email": "kontak@indonesiamarathon.com",
    "Website": "www.indonesiamarathon.com"
  },
  "biaya_registrasi": "Tidak tercantum",
  "kategori": [
    "21K",
    "10K",
    "5K"
  ],
  "jenis_event": "road run"
}