{
  "image": "-",
  "judul": "Synergetic Run 2016",
  "isi_informasi": "Synergetic Run 2016 adalah acara lari yang diselenggarakan oleh IATMI SM-TRISAKTI pada 18 September 2016 di Plaza Selatan Senayan, Jakarta, sebagai bagian dari PETROTECH 2016. Selain lomba lari, acara ini juga menawarkan pemeriksaan kesehatan umum, bazaar, penampilan band, dan pembagian bibit tanaman gratis kepada peserta. Tujuan acara ini adalah untuk meningkatkan kesadaran akan lingkungan.",
  "benefit_peserta": [
    "Pemeriksaan kesehatan umum",
    "Bazaar",
    "Penampilan band",
    "Bibit tanaman gratis"
  ],
  "lokasi": "Plaza Selatan Senayan",
  "kota": "Jakarta",
  "tanggal_event": "2016-09-18",
  "kontak_event": {
    "Instagram": [],
    "WhatsApp": "0812 119 911",
    "Email": "kontak@indonesiamarathon.com",
    "Website": "www.indonesiamarathon.com"
  },
  "biaya_registrasi": "Rp 125.000,-",
  "kategori": [
    "5K"
  ],
  "jenis_event": "road run"
}