{
  "image": "-",
  "judul": "Tahura Trail Running Race 2016",
  "isi_informasi": "Tahura Trail Running Race 2016 akan diadakan di Taman Hutan Raya Ir. H. Djuanda, Bandung, Jawa Barat. Terdapat beberapa kategori lari, yaitu Marathon Trail 42 km, Half Marathon Trail 21 km, Long Course 17 km, Short Course 10 km, dan kelas Family yang terdiri dari 3 anggota keluarga.",
  "benefit_peserta": [
    "Kesempatan berkompetisi di berbagai kategori",
    "Diskon loyalitas bagi peserta tahun sebelumnya",
    "Pengalaman berlari di alam terbuka"
  ],
  "lokasi": "Taman Hutan Raya Ir. H. Djuanda, Bandung, Jawa Barat",
  "kota": "Bandung",
  "tanggal_event": "2016-01-19",
  "kontak_event": {
    "Instagram": [],
    "WhatsApp": "0812 119 911",
    "Email": "kontak@indonesiamarathon.com",
    "Website": "www.indonesiamarathon.com"
  },
  "biaya_registrasi": {
    "Short Course": "Rp 250.000",
    "Long Course": "Rp 350.000",
    "Half Marathon Trail": "Rp 400.000",
    "Marathon Trail": "Rp 500.000",
    "Family": "Rp 450.000"
  },
  "kategori": [
    "42K",
    "21K",
    "17K",
    "10K",
    "Family"
  ],
  "jenis_event": "trail run"
}