{
  "image": "-",
  "judul": "Taiwan Excellence Happy Run 2016",
  "isi_informasi": "Taiwan Excellence Happy Run adalah acara Fun Run yang terbuka untuk semua kalangan. 1000 pelari pertama untuk kategori 3K dan 500 pelari pertama untuk kategori 8K yang mencapai Check Point akan menerima Gelang Taiwan Excellence, yang dapat ditukarkan dengan Medali Taiwan Excellence Happy Run 2016 di garis finish. Pendaftaran tidak dipungut biaya dan setiap peserta akan mendapatkan Perlengkapan Lari yang harus dikenakan saat acara. Meskipun bukan kompetisi, hadiah akan diberikan kepada 3 pelari tercepat di kategori 3K dan 8K.",
  "benefit_peserta": [
    "Gelang Taiwan Excellence untuk pelari pertama",
    "Medali Taiwan Excellence Happy Run 2016",
    "Perlengkapan Lari gratis"
  ],
  "lokasi": "Pasar Seni, Taman Impian Jaya Ancol, Jakarta",
  "kota": "Jakarta",
  "tanggal_event": "2016-09-04",
  "kontak_event": {
    "Instagram": [],
    "WhatsApp": "0812 119 911",
    "Email": "kontak@indonesiamarathon.com",
    "Website": "www.indonesiamarathon.com"
  },
  "biaya_registrasi": "Tidak dipungut biaya",
  "kategori": [
    "3K",
    "8K"
  ],
  "jenis_event": "fun run"
}