{
  "image": "-",
  "judul": "Tambora Ultra (Tambora Challenge)",
  "isi_informasi": "Tambora Ultra adalah acara trail run yang berlangsung di Gunung Tambora, Indonesia, dengan batas waktu 10 jam untuk kategori 50K dan 5 jam untuk kategori 25K. Acara ini dimulai dari Doro Ncanga menuju puncak Gunung Tambora dan kembali lagi, menawarkan pemandangan alam yang menakjubkan serta sisa-sisa letusan 200 tahun yang lalu.",
  "benefit_peserta": [
    "Pemandangan alam yang indah",
    "Pengalaman berlari di jalur trail yang menantang",
    "Kesempatan untuk menjelajahi Gunung Tambora"
  ],
  "lokasi": "Doro Ncanga, Gunung Tambora, Indonesia",
  "kota": "Indonesia",
  "tanggal_event": "2025-01-19",
  "kontak_event": {
    "Instagram": [],
    "WhatsApp": "0812 119 911",
    "Email": "kontak@indonesiamarathon.com",
    "Website": "www.indonesiamarathon.com"
  },
  "biaya_registrasi": "Tidak tercantum",
  "kategori": [
    "50K",
    "25K"
  ],
  "jenis_event": "trail run"
}