{
  "image": "-",
  "judul": "Tangerang Color Festival 2016",
  "isi_informasi": "Tangerang Colour Festival 2016 merupakan acara untuk merayakan ulang tahun Kota Tangerang yang ke-23. Acara ini akan berlangsung pada Minggu, 21 Februari 2016, di Alun-Alun Kota Tangerang, Lapangan Ahmad Yani. Kegiatan dimulai dengan Colour Run sejauh 5 KM yang melibatkan penaburan Holy Powder, diakhiri dengan penampilan hiburan dari Naif dan DJ Winky.",
  "benefit_peserta": [
    "Pengalaman berlari yang unik dengan penaburan Holy Powder",
    "Hiburan dari penampilan musisi terkenal"
  ],
  "lokasi": "Alun-Alun Kota Tangerang, Lapangan Ahmad Yani",
  "kota": "Tangerang",
  "tanggal_event": "2016-02-21",
  "kontak_event": {
    "Instagram": [],
    "WhatsApp": "0812 119 911",
    "Email": "kontak@indonesiamarathon.com",
    "Website": "www.indonesiamarathon.com"
  },
  "biaya_registrasi": "Tidak tercantum",
  "kategori": [
    "5KM"
  ],
  "jenis_event": "road run"
}