{
  "image": "-",
  "judul": "Tangsel Run 2016",
  "isi_informasi": "Pendaftaran untuk Tangsel Run 2016 dapat dilakukan secara offline di kantor KONI Tangerang Selatan atau secara online melalui situs resmi.",
  "benefit_peserta": [
    "Kesempatan untuk berpartisipasi dalam lomba lari",
    "Mendapatkan informasi terbaru mengenai lomba"
  ],
  "lokasi": "Kantor KONI Tangerang Selatan",
  "kota": "Tangerang Selatan",
  "tanggal_event": "2016-01-01",
  "kontak_event": {
    "Instagram": [],
    "WhatsApp": "0812 119 911",
    "Email": "kontak@indonesiamarathon.com",
    "Website": "www.indonesiamarathon.com"
  },
  "biaya_registrasi": "Tidak tercantum",
  "kategori": [],
  "jenis_event": "road run"
}