{
  "image": "-",
  "judul": "The Color Run Jakarta 2016",
  "isi_informasi": "The Color Run Jakarta 2016 adalah acara lari dengan jarak 5KM yang berlangsung di Parkir Timur Senayan.",
  "benefit_peserta": [
    "Pengalaman lari yang menyenangkan",
    "Kesempatan untuk berpartisipasi dalam acara komunitas",
    "Mendapatkan kaos acara"
  ],
  "lokasi": "Parkir Timur Senayan",
  "kota": "Jakarta",
  "tanggal_event": "2016-01-01",
  "kontak_event": {
    "Instagram": [],
    "WhatsApp": "0812 119 911",
    "Email": "kontak@indonesiamarathon.com",
    "Website": "www.indonesiamarathon.com"
  },
  "biaya_registrasi": "Tidak tercantum",
  "kategori": [
    "5K"
  ],
  "jenis_event": "road run"
}