{
  "image": "-",
  "judul": "Titan Run 2016",
  "isi_informasi": "Titan Run 2016 akan diadakan di Mall @ Alam Sutera dengan kategori jarak 17.8 KM. Untuk informasi lebih lanjut dan pendaftaran, kunjungi http://titan-run.id/.",
  "benefit_peserta": [],
  "lokasi": "Mall @ Alam Sutera",
  "kota": "Tangerang",
  "tanggal_event": "2016-01-01",
  "kontak_event": {
    "Instagram": [],
    "WhatsApp": "0812 119 911",
    "Email": "kontak@indonesiamarathon.com",
    "Website": "www.indonesiamarathon.com"
  },
  "biaya_registrasi": "Tidak tercantum",
  "kategori": [
    "17.8 KM"
  ],
  "jenis_event": "road run"
}