{
  "image": "-",
  "judul": "Toraja Marathon 2016",
  "isi_informasi": "Toraja Marathon akan diadakan untuk pertama kalinya pada Agustus 2016, menjadi event olahraga tahunan pertama yang menempatkan Toraja dalam agenda lari di Indonesia dan dunia. Ini adalah tantangan bagi para pecinta olahraga lari untuk menikmati keindahan alam Toraja.",
  "benefit_peserta": [
    "Menikmati keindahan alam Toraja",
    "Meningkatkan kesehatan dan kebugaran",
    "Berpartisipasi dalam event olahraga bergengsi"
  ],
  "lokasi": "Tidak tercantum",
  "kota": "Toraja",
  "tanggal_event": "2016-08-01",
  "kontak_event": {
    "Instagram": [],
    "WhatsApp": "0812 119 911",
    "Email": "kontak@indonesiamarathon.com",
    "Website": "www.indonesiamarathon.com"
  },
  "biaya_registrasi": "Tidak tercantum",
  "kategori": [],
  "jenis_event": "road run"
}