{
  "image": "-",
  "judul": "Toraja Ultra Scenic Run",
  "isi_informasi": "Informasi lebih lanjut mengenai Toraja Ultra Scenic Run dapat ditemukan di situs resmi.",
  "benefit_peserta": [
    "Kesempatan untuk berlari di jalur yang indah",
    "Meningkatkan kebugaran fisik",
    "Bertemu dengan komunitas pelari"
  ],
  "lokasi": "Tidak tercantum",
  "kota": "Toraja",
  "tanggal_event": "2025-01-19",
  "kontak_event": {
    "Instagram": [],
    "WhatsApp": "0812 119 911",
    "Email": "kontak@indonesiamarathon.com",
    "Website": "www.indonesiamarathon.com"
  },
  "biaya_registrasi": "Tidak tercantum",
  "kategori": [
    "5K",
    "10K",
    "21K",
    "42K"
  ],
  "jenis_event": "trail run"
}