{
  "image": "-",
  "judul": "Tough Mudder Bali 2016",
  "isi_informasi": "Tough Mudder adalah acara lari halang rintangan yang berasal dari Amerika, dengan rintangan yang terinspirasi dari latihan militer Inggris. Terdapat sekitar 16-20 rintangan sepanjang 16 km. Acara ini menargetkan 8,500 peserta di Bali, dan lebih dari 2.5 juta orang telah berpartisipasi di seluruh dunia. Fokus acara ini adalah pada persahabatan dan pengalaman, bukan pada waktu atau peringkat. Tough Mudder Bali akan diadakan pada 1 & 2 Oktober 2016 di Jimbaran Hijau, Bali, dan pendaftaran dapat dilakukan di situs resmi.",
  "benefit_peserta": [
    "Pengalaman unik dan aman",
    "Kesempatan untuk berkolaborasi dan bersosialisasi",
    "Membuat kenangan berkelas dunia"
  ],
  "lokasi": "Jimbaran Hijau, Bali",
  "kota": "Bali",
  "tanggal_event": "2016-10-01",
  "kontak_event": {
    "Instagram": [],
    "WhatsApp": "0812 119 911",
    "Email": "kontak@indonesiamarathon.com",
    "Website": "www.indonesiamarathon.com"
  },
  "biaya_registrasi": "Tidak tercantum",
  "kategori": [
    "16K"
  ],
  "jenis_event": "road run"
}