{
  "image": "-",
  "judul": "Treasury Run",
  "isi_informasi": "Treasury Run adalah lomba lari dengan kategori 5KM yang berlangsung di Lapangan Upacara Kompleks Kementerian Keuangan, Jakarta Pusat.",
  "benefit_peserta": [
    "Kesempatan berkompetisi di lomba lari",
    "Mendapatkan pengalaman berlari di lokasi yang ikonik"
  ],
  "lokasi": "Lapangan Upacara Kompleks Kementerian Keuangan, Jakarta Pusat",
  "kota": "Jakarta",
  "tanggal_event": "Tidak tercantum",
  "kontak_event": {
    "Instagram": [],
    "WhatsApp": "0812 119 911",
    "Email": "kontak@indonesiamarathon.com",
    "Website": "www.indonesiamarathon.com"
  },
  "biaya_registrasi": "Tidak tercantum",
  "kategori": [
    "5K"
  ],
  "jenis_event": "road run"
}