{
  "image": "-",
  "judul": "Treffent Run 2016",
  "isi_informasi": "Treffent Run 2016 mengajak semua orang untuk berpartisipasi dalam uji lapangan TREFFENTRUN sebagai bagian dari program pemulihan untuk memperkuat otot dan tulang setelah berada di lingkungan mikrogravitasi. Ayo berlari seperti belum pernah sebelumnya!",
  "benefit_peserta": [
    "Meningkatkan kekuatan otot dan tulang",
    "Pengalaman berlari yang unik"
  ],
  "lokasi": "JL.Sisingamangaraja, Kompleks Masjid Agung Al-Azhar, Kebayoran Baru, Daerah Khusus Ibukota Jakarta, Indonesia",
  "kota": "Jakarta",
  "tanggal_event": "2016-09-10",
  "kontak_event": {
    "Instagram": [],
    "WhatsApp": "0818978899",
    "Email": "kontak@indonesiamarathon.com",
    "Website": "www.indonesiamarathon.com"
  },
  "biaya_registrasi": "Tidak tercantum",
  "kategori": [],
  "jenis_event": "road run"
}