{
  "image": "-",
  "judul": "Tretes 10K Night Run 2016",
  "isi_informasi": "Tretes 10K Night Run 2016 adalah lomba lari dengan kategori jarak 10KM. Untuk informasi lebih lanjut dan registrasi, kunjungi situs resmi.",
  "benefit_peserta": [
    "Kesempatan berkompetisi di malam hari",
    "Meningkatkan kebugaran",
    "Bertemu dengan pelari lain"
  ],
  "lokasi": "Tidak tercantum",
  "kota": "Tidak tercantum",
  "tanggal_event": "2016-01-01",
  "kontak_event": {
    "Instagram": [],
    "WhatsApp": "0812 119 911",
    "Email": "kontak@indonesiamarathon.com",
    "Website": "www.indonesiamarathon.com"
  },
  "biaya_registrasi": "Tidak tercantum",
  "kategori": [
    "10K"
  ],
  "jenis_event": "road run"
}