{
  "image": "-",
  "judul": "Triathlon Buddies 4th Anniversary Triathlon",
  "isi_informasi": "Triathlon Buddies mengadakan lomba triathlon dalam rangka ulang tahun keempat. Terdapat beberapa kategori lomba untuk peserta dewasa dan anak-anak dengan berbagai jarak renang, bersepeda, dan berlari.",
  "benefit_peserta": [
    "Kesempatan untuk berkompetisi di berbagai kategori",
    "Meningkatkan kebugaran dan kesehatan",
    "Pengalaman berpartisipasi dalam acara triathlon"
  ],
  "lokasi": "The Springs Club – Summarecon Serpong",
  "kota": "Tangerang",
  "tanggal_event": "2025-01-19",
  "kontak_event": {
    "Instagram": [],
    "WhatsApp": "0812 119 911",
    "Email": "kontak@indonesiamarathon.com",
    "Website": "www.indonesiamarathon.com"
  },
  "biaya_registrasi": "Tidak tercantum",
  "kategori": [
    "Adult",
    "Kids A",
    "Kids B",
    "Kids C"
  ],
  "jenis_event": "road run"
}