{
  "image": "-",
  "judul": "Triathlon Buddies Kids Triathlon 2016",
  "isi_informasi": "Triathlon Buddies Kids Triathlon 2016 terdiri dari dua kategori: Kids A untuk usia 5-7 tahun dengan jarak renang 50m, bersepeda 1.8km, dan lari 1km; serta Kids B untuk usia 8-10 tahun dengan jarak renang 100m, bersepeda 3km, dan lari 1.7km. Event ini berlangsung di Klub Kelapa Gading.",
  "benefit_peserta": [
    "Pengalaman kompetisi triathlon",
    "Meningkatkan keterampilan olahraga",
    "Kesempatan bersosialisasi dengan peserta lain"
  ],
  "lokasi": "Klub Kelapa Gading",
  "kota": "Jakarta",
  "tanggal_event": "2016-01-01",
  "kontak_event": {
    "Instagram": [],
    "WhatsApp": "0812 119 911",
    "Email": "kontak@indonesiamarathon.com",
    "Website": "www.indonesiamarathon.com"
  },
  "biaya_registrasi": "Tidak tercantum",
  "kategori": [
    "Kids A",
    "Kids B"
  ],
  "jenis_event": "road run"
}