{
  "image": "-",
  "judul": "Tugu To Tugu Ultra Marathon Chapter III 2016",
  "isi_informasi": "Tugu To Tugu Ultra Marathon 55K adalah event tahunan yang diselenggarakan oleh Bogor Runners, berlangsung pada malam pergantian tahun baru. Peserta akan berlari sejauh 55 kilometer dari Tugu Monas, Jakarta, menuju Tugu Kujang, Bogor. Event ini menawarkan pengalaman berlari yang unik dan dibagi menjadi dua kategori: Full Ultra Marathon 55K dan Half Ultra Marathon 25K.",
  "benefit_peserta": [
    "Pengalaman berlari yang unik",
    "Kesempatan berlari pada malam pergantian tahun",
    "Mendapatkan medali dan sertifikat"
  ],
  "lokasi": "Tugu Monas, Jakarta - Tugu Kujang, Bogor",
  "kota": "Bogor",
  "tanggal_event": "2016-12-31",
  "kontak_event": {
    "Instagram": [
      "@bogorrunners"
    ],
    "WhatsApp": "0812 119 911",
    "Email": "kontak@indonesiamarathon.com",
    "Website": "www.indonesiamarathon.com"
  },
  "biaya_registrasi": {
    "FULL 55K": {
      "Early Bird": "IDR 200.000",
      "Reguler": "IDR 280.000"
    },
    "HALF 25K": {
      "Early Bird": "IDR 200.000",
      "Reguler": "IDR 280.000"
    }
  },
  "kategori": [
    "55K",
    "25K"
  ],
  "jenis_event": "road run"
}