{
  "image": "-",
  "judul": "TWL Fun Run",
  "isi_informasi": "Informasi lebih lanjut mengenai TWL Fun Run dapat ditemukan di situs resmi. Jika terdapat ketidakakuratan atau perubahan terkait lomba, mohon untuk menghubungi kami.",
  "benefit_peserta": [
    "Kesempatan untuk berpartisipasi dalam acara lari",
    "Mendapatkan informasi terkini tentang lomba",
    "Berinteraksi dengan komunitas lari"
  ],
  "lokasi": "Tidak tercantum",
  "kota": "Tidak tercantum",
  "tanggal_event": "Tidak tercantum",
  "kontak_event": {
    "Instagram": [],
    "WhatsApp": "0812 119 911",
    "Email": "kontak@indonesiamarathon.com",
    "Website": "www.indonesiamarathon.com"
  },
  "biaya_registrasi": "Tidak tercantum",
  "kategori": [],
  "jenis_event": "fun run"
}