{
  "image": "-",
  "judul": "Under Armour Senayan City Charged Run",
  "isi_informasi": "Event lari ini berlangsung di Senayan City. Untuk informasi lebih lanjut, kunjungi halaman Facebook resmi.",
  "benefit_peserta": [
    "Kesempatan berlari di lokasi ikonik",
    "Mendapatkan pengalaman berlari yang menyenangkan",
    "Berinteraksi dengan komunitas lari"
  ],
  "lokasi": "Senayan City, Jakarta",
  "kota": "Jakarta",
  "tanggal_event": "Tidak tercantum",
  "kontak_event": {
    "Instagram": [],
    "WhatsApp": "0812 119 911",
    "Email": "kontak@indonesiamarathon.com",
    "Website": "www.indonesiamarathon.com"
  },
  "biaya_registrasi": "Tidak tercantum",
  "kategori": [],
  "jenis_event": "road run"
}