{
  "image": "-",
  "judul": "UngaRun Trail & Ultra 2016",
  "isi_informasi": "UngaRun Trail & Ultra 2016 diselenggarakan oleh Komunitas Trail Runners Semarang bekerja sama dengan Objek Wisata Umbul Sidomukti. Terdapat dua kategori lomba, yaitu 10K untuk Fun Trail dan 50K untuk Ultra Marathon. Rute Fun Trail 10K dimulai dari kawasan wisata Umbul Sidomukti dan melewati perkebunan teh Promasan dengan pemandangan yang indah. Sementara itu, peserta 50K Ultra Marathon akan berlari dari Kota Semarang menuju kawasan objek wisata Umbul Sidomukti. Peserta yang berhasil menyelesaikan lomba dalam waktu yang ditentukan akan mendapatkan medali finisher.",
  "benefit_peserta": [
    "Medali finisher bagi peserta yang menyelesaikan lomba",
    "Pemandangan indah sepanjang rute"
  ],
  "lokasi": "Objek Wisata Umbul Sidomukti, Semarang",
  "kota": "Semarang",
  "tanggal_event": "2016-10-01",
  "kontak_event": {
    "Instagram": [],
    "WhatsApp": "0812 119 911",
    "Email": "kontak@indonesiamarathon.com",
    "Website": "www.indonesiamarathon.com"
  },
  "biaya_registrasi": "Tidak tercantum",
  "kategori": [
    "10K",
    "50K"
  ],
  "jenis_event": "trail run"
}