{
  "image": "-",
  "judul": "UNS Night Run 2016",
  "isi_informasi": "Ikuti UNS Night Run 2016 dan nikmati suasana malam di UNS dengan penampilan DJ Bryan Agnya. Event ini akan berlangsung di Area Luar Stadion UNS dengan biaya pendaftaran hanya 70 ribu.",
  "benefit_peserta": [
    "Pengalaman lari di malam hari",
    "Musik DJ yang menghibur",
    "Fasilitas yang memadai"
  ],
  "lokasi": "Area Luar Stadion UNS",
  "kota": "Surakarta",
  "tanggal_event": "2016-12-10",
  "kontak_event": {
    "Instagram": [],
    "WhatsApp": "085728995970",
    "Email": "kontak@indonesiamarathon.com",
    "Website": "www.indonesiamarathon.com"
  },
  "biaya_registrasi": "70.000",
  "kategori": [],
  "jenis_event": "road run"
}