{
  "image": "-",
  "judul": "Utopia Run",
  "isi_informasi": "Utopia Run adalah acara lari pertama yang diselenggarakan oleh Regina Pacis Senior High School, sebagai bagian dari PENSI SMA RP 2016. Peserta akan berlari di tengah hujan salju dan foam berwarna, serta melewati rintangan sederhana. Setelah acara, akan ada festival musik.",
  "benefit_peserta": [
    "Drawstring",
    "Nomor bib tahan air",
    "Kaos dryfit",
    "Medali emas untuk semua peserta"
  ],
  "lokasi": "Regina Pacis Senior High School, Bogor",
  "kota": "Bogor",
  "tanggal_event": "2016-08-07",
  "kontak_event": {
    "Instagram": [],
    "WhatsApp": "08111123232",
    "Email": "kontak@indonesiamarathon.com",
    "Website": "www.indonesiamarathon.com"
  },
  "biaya_registrasi": "150000",
  "kategori": [
    "4.67 km"
  ],
  "jenis_event": "fun run"
}