{
  "image": "-",
  "judul": "Valentine Trail Run 2016",
  "isi_informasi": "Valentine Trail Run 2016 adalah lomba lari yang diadakan untuk merayakan hari Valentine pada tahun 2016. Ini merupakan edisi kedua sejak 2015, bertujuan untuk mempererat hubungan pasangan melalui aktivitas berlari di alam yang indah dan bebas polusi. Peserta akan berlari sejauh 18 km dengan total elevasi 610 meter, melewati trek ANACONDA yang menantang. Lomba dimulai dari Taman Budaya, Sentul City, pada pukul 06.00. Peserta diharapkan menyelesaikan lomba dalam waktu maksimum 3 jam. Lomba ini bersifat 'self support' tanpa hadiah, medali, atau kaos, kecuali ada sponsor. Fasilitas yang disediakan termasuk rute dalam format file gpx dan nomor dada.",
  "benefit_peserta": [
    "Meningkatkan kebugaran fisik",
    "Mempererat hubungan pasangan",
    "Menikmati keindahan alam"
  ],
  "lokasi": "Taman Budaya, Sentul City",
  "kota": "Bogor",
  "tanggal_event": "2016-02-14",
  "kontak_event": {
    "Instagram": [],
    "WhatsApp": "0812 119 911",
    "Email": "kontak@indonesiamarathon.com",
    "Website": "www.indonesiamarathon.com"
  },
  "biaya_registrasi": "Tidak tercantum",
  "kategori": [
    "18KM"
  ],
  "jenis_event": "trail run"
}