{
  "image": "-",
  "judul": "Viper Challenge Indonesia",
  "isi_informasi": "Viper Challenge adalah event ‘Obstacle Run’ terbesar di Asia yang pertama kali diadakan pada tahun 2013 di Malaysia. Kini, event ini telah menarik hampir 150.000 peserta dari Malaysia, ASEAN, dan Eropa. Jarak yang ditawarkan adalah 10KM dengan 12-15 rintangan alami dan buatan.",
  "benefit_peserta": [
    "Pengalaman berlari yang menantang",
    "Kesempatan untuk berkompetisi dengan peserta dari berbagai negara",
    "Meningkatkan kebugaran fisik"
  ],
  "lokasi": "Taman Budaya Sentul, Sentul City, Bogor",
  "kota": "Bogor",
  "tanggal_event": "2025-01-19",
  "kontak_event": {
    "Instagram": [],
    "WhatsApp": "0812 119 911",
    "Email": "kontak@indonesiamarathon.com",
    "Website": "www.indonesiamarathon.com"
  },
  "biaya_registrasi": "Tidak tercantum",
  "kategori": [
    "10K"
  ],
  "jenis_event": "road run"
}