{
  "image": "-",
  "judul": "Volcano Run 2016",
  "isi_informasi": "Dalam rangka merayakan Hari Jadi Kota Bandung yang ke-206, acara Fun Run bertema 'Volcano Run' diselenggarakan. Kota Bandung, yang dikelilingi oleh gunung-gunung api, menawarkan daya tarik unik dan menjadi citra wisata sekaligus edukasi. Rute lari akan dihias dengan dekorasi khas gunung api dan keunikan kota. Acara ini juga akan dimeriahkan dengan Happening Art, booth selfie, wahana menarik, serta hiburan dari Bintang Tamu.",
  "benefit_peserta": [
    "Pengalaman lari yang unik",
    "Dekorasi menarik",
    "Hiburan dan edukasi"
  ],
  "lokasi": "Kampus ITB, Bandung, Jawa Barat",
  "kota": "Bandung",
  "tanggal_event": "2016-01-19",
  "kontak_event": {
    "Instagram": [],
    "WhatsApp": "0812 119 911",
    "Email": "kontak@indonesiamarathon.com",
    "Website": "www.indonesiamarathon.com"
  },
  "biaya_registrasi": "Tidak tercantum",
  "kategori": [
    "5K"
  ],
  "jenis_event": "fun run"
}