{
  "image": "-",
  "judul": "VT Run",
  "isi_informasi": "VT Run menawarkan kategori jarak 5K dan 10K. Untuk informasi lebih lanjut dan pendaftaran, kunjungi https://veritrans.co.id/vt-run.",
  "benefit_peserta": [
    "Kesempatan berkompetisi dalam kategori 5K dan 10K",
    "Mendapatkan informasi terbaru tentang lomba",
    "Berpartisipasi dalam komunitas lari"
  ],
  "lokasi": "Tidak tercantum",
  "kota": "Tidak tercantum",
  "tanggal_event": "Tidak tercantum",
  "kontak_event": {
    "Instagram": [],
    "WhatsApp": "0812 119 911",
    "Email": "kontak@indonesiamarathon.com",
    "Website": "www.indonesiamarathon.com"
  },
  "biaya_registrasi": "Tidak tercantum",
  "kategori": [
    "5K",
    "10K"
  ],
  "jenis_event": "road run"
}