{
  "image": "-",
  "judul": "Wipeout Cancer",
  "isi_informasi": "Informasi mengenai lomba lari Wipeout Cancer. Jika terdapat ketidakakuratan atau perubahan terkait lomba, harap beri tahu kami.",
  "benefit_peserta": [
    "Kesempatan untuk berpartisipasi dalam acara lari",
    "Mendukung kampanye kesehatan"
  ],
  "lokasi": "Tidak tercantum",
  "kota": "Tidak tercantum",
  "tanggal_event": "Tidak tercantum",
  "kontak_event": {
    "Instagram": [],
    "WhatsApp": "0812 119 911",
    "Email": "kontak@indonesiamarathon.com",
    "Website": "www.indonesiamarathon.com"
  },
  "biaya_registrasi": "Tidak tercantum",
  "kategori": [],
  "jenis_event": "road run"
}