{
  "image": "-",
  "judul": "X-Quest Challenge",
  "isi_informasi": "X-Quest Challenge adalah perlombaan rintangan yang menguji ketahanan fisik dan mental setiap atlet dalam mengejar gelar juara. Acara ini mengadaptasi permainan rintangan tradisional Indonesia yang populer, seperti 'Panjat Pinang' dan 'Lomba Karung', sambil memenuhi standar internasional OCR. Peserta harus menggabungkan kecerdasan, kekuatan, dan kelincahan untuk menyelesaikan 15 km rintangan yang menantang, termasuk memanjat dinding, membawa beban berat, melintasi air, merangkak di bawah kawat berduri, dan melompati api. Perlombaan terdiri dari tiga putaran yang diadakan setiap 4 bulan, di mana pemenang dari setiap putaran akan mendapatkan poin dan hadiah. Terdapat dua kategori tingkat kesulitan: Extreme dan Novice, dengan jarak 10K dan 15K. Peserta akan dibagi menjadi kelompok berisi 300 hingga 500 atlet.",
  "benefit_peserta": [
    "Mendapatkan pengalaman menantang",
    "Kesempatan untuk memenangkan hadiah",
    "Meningkatkan ketahanan fisik dan mental"
  ],
  "lokasi": "Tidak tercantum",
  "kota": "Tidak tercantum",
  "tanggal_event": "Tidak tercantum",
  "kontak_event": {
    "Instagram": [],
    "WhatsApp": "0812 119 911",
    "Email": "kontak@indonesiamarathon.com",
    "Website": "www.indonesiamarathon.com"
  },
  "biaya_registrasi": "Tidak tercantum",
  "kategori": [
    "10K",
    "15K"
  ],
  "jenis_event": "road run"
}