{
  "image": "-",
  "judul": "Yamaha Night Run 5K",
  "isi_informasi": "Yamaha Night Run 5K akan diadakan di Yamaha Pemuda, Semarang.",
  "benefit_peserta": [
    "Kesempatan berlari di malam hari",
    "Meningkatkan kebugaran",
    "Bertemu dengan komunitas lari"
  ],
  "lokasi": "Yamaha Pemuda, Semarang",
  "kota": "Semarang",
  "tanggal_event": "2025-01-19",
  "kontak_event": {
    "Instagram": [],
    "WhatsApp": "081228390090",
    "Email": "kontak@indonesiamarathon.com",
    "Website": "www.indonesiamarathon.com"
  },
  "biaya_registrasi": "Tidak tercantum",
  "kategori": [
    "5K"
  ],
  "jenis_event": "road run"
}