{
  "image": "-",
  "judul": "Zinc Trail Run 2016",
  "isi_informasi": "Zinc Trail Run 2016 adalah perlombaan lari yang diselenggarakan oleh ZINC Shampoo di The Taman Dayu, Pandaan, Pasuruan, Jawa Timur, pada 3 April 2016. Rute perlombaan sepanjang 12 KM dengan total hadiah sebesar 36 juta rupiah. Peserta akan melewati berbagai medan seperti perkampungan, hutan bambu, padang ilalang, dan jalan berbatu. Perlombaan ini terbuka untuk umum di atas 12 tahun, baik WNI maupun WNA, yang sehat jasmani dan rohani.",
  "benefit_peserta": [
    "Kesempatan memenangkan hadiah total 36 juta rupiah",
    "Pengalaman berlari di alam dengan rute yang bervariasi",
    "Meningkatkan kebugaran fisik"
  ],
  "lokasi": "The Taman Dayu, Pandaan, Pasuruan, Jawa Timur",
  "kota": "Pasuruan",
  "tanggal_event": "2016-04-03",
  "kontak_event": {
    "Instagram": [],
    "WhatsApp": "0812 119 911",
    "Email": "kontak@indonesiamarathon.com",
    "Website": "www.indonesiamarathon.com"
  },
  "biaya_registrasi": "150.000 (online only)",
  "kategori": [],
  "jenis_event": "trail run"
}