{
  "image": "-",
  "judul": "10K Run For Mother 2017",
  "isi_informasi": "Event ini mengajak peserta untuk berlari dalam rangka menghormati sosok ibu. Dengan biaya pendaftaran Rp. 119.000, peserta akan mendapatkan medali, biaya pengiriman, e-BIB, dan e-Certificate. Pendaftaran dibuka dari 1 Desember hingga 24 Desember 2017.",
  "benefit_peserta": [
    "Medali untuk peserta",
    "E-BIB dan E-Certificate",
    "Kesempatan memenangkan Lucky Draw"
  ],
  "lokasi": "Tidak tercantum",
  "kota": "Tidak tercantum",
  "tanggal_event": "2017-12-22",
  "kontak_event": {
    "Instagram": [],
    "WhatsApp": "62 813-2743-5335",
    "Email": "kontak@indonesiamarathon.com",
    "Website": "www.indonesiamarathon.com"
  },
  "biaya_registrasi": "Rp. 119.000",
  "kategori": [
    "10K",
    "5K"
  ],
  "jenis_event": "virtual run"
}