{
  "image": "-",
  "judul": "10K Tiger Challenge 2017",
  "isi_informasi": "Dalam rangka memperingati Global Tiger Day pada 28 Juli 2017, Virtual Run Indonesia bekerja sama dengan WWF-Indonesia mengadakan '10K Tiger Challenge 2017'. Acara ini bertujuan untuk berlari sejauh 10K demi mendukung pelestarian Harimau Sumatera, yang saat ini terancam punah. Peserta dapat berlari di lokasi dan waktu yang mereka pilih antara 28-30 Juli 2017, dan seluruh hasil dari kegiatan ini akan disumbangkan kepada WWF-Indonesia.",
  "benefit_peserta": [
    "Mendukung pelestarian Harimau Sumatera",
    "Berpartisipasi dalam kampanye #DoubleTigers",
    "Menjalankan aktivitas fisik yang sehat"
  ],
  "lokasi": "Tidak tercantum",
  "kota": "Tidak tercantum",
  "tanggal_event": "2017-07-28",
  "kontak_event": {
    "Instagram": [],
    "WhatsApp": "0813-2743-5335",
    "Email": "kontak@indonesiamarathon.com",
    "Website": "www.indonesiamarathon.com"
  },
  "biaya_registrasi": "Tidak tercantum",
  "kategori": [
    "10K"
  ],
  "jenis_event": "virtual run"
}