{
  "image": "-",
  "judul": "11K Solo Open 2017",
  "isi_informasi": "Jika terdapat informasi yang tidak akurat atau ada perubahan terkait lomba, mohon untuk menginformasikannya kepada kami.",
  "benefit_peserta": [],
  "lokasi": "Tidak tercantum",
  "kota": "Solo",
  "tanggal_event": "2017-01-01",
  "kontak_event": {
    "Instagram": [],
    "WhatsApp": "0812 119 911",
    "Email": "kontak@indonesiamarathon.com",
    "Website": "www.indonesiamarathon.com"
  },
  "biaya_registrasi": "Tidak tercantum",
  "kategori": [],
  "jenis_event": "road run"
}