{
  "image": "-",
  "judul": "21Day Challenge Juli 2017",
  "isi_informasi": "21Day Challenge Juli 2017 mengajak Anda untuk menguji semangat dalam berlari. Tantang diri Anda untuk mencapai waktu yang lebih cepat dan jarak yang lebih jauh dalam 21 hari. Bergabunglah dengan 42Race dan buktikan kemampuan Anda. Pendaftaran ditutup pada 7 Juli 2017, tetapi pengiriman hasil lomba diperbolehkan hingga 21 Juli 2017.",
  "benefit_peserta": [
    "Melewati batasan diri dan terkejut dengan kemampuan yang bisa dicapai.",
    "Bergabung dengan ratusan peserta lain untuk menyelesaikan tantangan ini.",
    "Mendapatkan medali penyelesaian eksklusif."
  ],
  "lokasi": "Tidak tercantum",
  "kota": "Tidak tercantum",
  "tanggal_event": "2017-07-07",
  "kontak_event": {
    "Instagram": [],
    "WhatsApp": "+6567744833",
    "Email": "kontak@indonesiamarathon.com",
    "Website": "www.indonesiamarathon.com"
  },
  "biaya_registrasi": "Tidak tercantum",
  "kategori": [
    "20K",
    "50K",
    "100K",
    "200K"
  ],
  "jenis_event": "virtual run"
}