{
  "image": "-",
  "judul": "2XU Compression Run Indonesia 2017",
  "isi_informasi": "Event ini menawarkan kategori jarak 5K, 10K, dan 21K yang akan dilaksanakan di Scientia Square Park Summarecon Serpong.",
  "benefit_peserta": [
    "Kesempatan untuk berkompetisi di berbagai kategori",
    "Pengalaman berlari di lokasi yang menarik"
  ],
  "lokasi": "Scientia Square Park Summarecon Serpong",
  "kota": "Tangerang",
  "tanggal_event": "2017-01-01",
  "kontak_event": {
    "Instagram": [],
    "WhatsApp": "0812 119 911",
    "Email": "kontak@indonesiamarathon.com",
    "Website": "www.indonesiamarathon.com"
  },
  "biaya_registrasi": "Tidak tercantum",
  "kategori": [
    "5K",
    "10K",
    "21K"
  ],
  "jenis_event": "road run"
}