{
  "image": "-",
  "judul": "30 Days Ramadhan Challenge",
  "isi_informasi": "Ikuti event Virtual Run Indonesia yang pertama di Indonesia untuk menyambut Ramadhan 1438H / 2017M. Peserta dapat berlari atau berjalan dengan total minimal 50 KM selama periode 27 Mei – 25 Juni 2017, di lokasi dan waktu yang ditentukan sendiri. Dapatkan medali finisher eksklusif dan kesempatan untuk memenangkan berbagai Lucky Draw. Selain itu, sebagian biaya pendaftaran akan disisihkan untuk program charity.",
  "benefit_peserta": [
    "Medali finisher eksklusif",
    "Kesempatan memenangkan Lucky Draw",
    "Berpartisipasi dalam program charity"
  ],
  "lokasi": "Tidak tercantum",
  "kota": "Tidak tercantum",
  "tanggal_event": "2017-05-27",
  "kontak_event": {
    "Instagram": [],
    "WhatsApp": "0813-2743-5335",
    "Email": "agil@virtualrun.id",
    "Website": "www.indonesiamarathon.com"
  },
  "biaya_registrasi": "Tidak tercantum",
  "kategori": [
    "50K"
  ],
  "jenis_event": "virtual run"
}