{
  "image": "-",
  "judul": "328 Dirgahayu RUN",
  "isi_informasi": "328 Dirgahayu RUN diselenggarakan untuk merayakan Hari Ulang Tahun Yonif Para Raider 328 yang ke-59 dengan tema Dirgahayu Jaya Sepanjang Masa. Acara ini bertujuan untuk mempererat hubungan antara anggota Yonif Para Raider 328, satuan lain, dan masyarakat. Terdapat 4 kategori perlombaan: Umum 5K, Umum 10K, Pelajar 5K, dan Shiwa Yudha 5,9K. Perlombaan akan berlangsung pada 7 Mei 2017 di Markas Yonif Para Raider 328 Kostrad, Cilodong, Depok, Jawa Barat.",
  "benefit_peserta": [
    "Mendapatkan kaos ukuran all size",
    "Mendapatkan nomor dada"
  ],
  "lokasi": "Markas Yonif Para Raider 328 Kostrad, Cilodong, Depok, Jawa Barat",
  "kota": "Depok",
  "tanggal_event": "2017-05-07",
  "kontak_event": {
    "Instagram": [],
    "WhatsApp": "0813 2882 6847",
    "Email": "kontak@indonesiamarathon.com",
    "Website": "www.indonesiamarathon.com"
  },
  "biaya_registrasi": {
    "Umum 10K": "IDR 200.000,-",
    "Umum 5K": "IDR 150.000,-",
    "Pelajar 5K": "IDR 150.000,-",
    "Shiwa Yudha 5,9K": "IDR 500.000,- / tim"
  },
  "kategori": [
    "5K",
    "10K",
    "5,9K"
  ],
  "jenis_event": "road run"
}