{
  "image": "-",
  "judul": "5K Run WRP Active Coco Splash Sportastic Zone 2017",
  "isi_informasi": "Lomba lari 5K ini menawarkan kesempatan bagi peserta untuk berkompetisi dalam kategori jarak 5K. Informasi lebih lanjut dan pendaftaran dapat dilakukan melalui situs resmi.",
  "benefit_peserta": [
    "Kesempatan berkompetisi",
    "Meningkatkan kebugaran",
    "Berkumpul dengan komunitas lari"
  ],
  "lokasi": "Tidak tercantum",
  "kota": "Tidak tercantum",
  "tanggal_event": "2017-01-01",
  "kontak_event": {
    "Instagram": [],
    "WhatsApp": "0812 119 911",
    "Email": "kontak@indonesiamarathon.com",
    "Website": "www.indonesiamarathon.com"
  },
  "biaya_registrasi": "Tidak tercantum",
  "kategori": [
    "5K"
  ],
  "jenis_event": "road run"
}