{
  "image": "-",
  "judul": "5K World Heart Day Run",
  "isi_informasi": "Dalam rangka memperingati Hari Jantung Sedunia pada 29 September 2017, Virtual Run Indonesia mengadakan '5K World Heart Day Run', di mana peserta diundang untuk berlari atau berjalan sejauh minimal 5K. Kegiatan ini bertujuan untuk meningkatkan kesadaran akan pentingnya kesehatan jantung, mengingat penyakit jantung merupakan penyebab kematian utama di dunia. Peserta dapat menyelesaikan tantangan ini antara 29 September hingga 1 Oktober 2017, dan berkesempatan mendapatkan medali finisher, e-Certificate, serta mengikuti lucky draw. Biaya registrasi adalah Rp 119.000,- dan batas pendaftaran hingga 28 September 2017 atau sampai kuota terpenuhi.",
  "benefit_peserta": [
    "Medali Finisher Virtual Run '5K World Heart Day Run'",
    "e-Certificate",
    "Lucky Draw"
  ],
  "lokasi": "Tidak tercantum",
  "kota": "Tidak tercantum",
  "tanggal_event": "2017-09-29",
  "kontak_event": {
    "Instagram": [],
    "WhatsApp": "0812 119 911",
    "Email": "kontak@indonesiamarathon.com",
    "Website": "www.indonesiamarathon.com"
  },
  "biaya_registrasi": "Rp 119.000,-",
  "kategori": [
    "5K"
  ],
  "jenis_event": "virtual run"
}