{
  "image": "-",
  "judul": "5Sila Virtual Run",
  "isi_informasi": "5Sila Virtual Run adalah acara yang diselenggarakan oleh Kilometerun dan klub O3 Runners sebagai penghormatan kepada para Pahlawan Revolusi. Event ini berlangsung dari 1 hingga 15 Oktober 2017, dengan jarak lari 21 Km (Half Marathon). Peserta yang menyelesaikan lomba akan mendapatkan medali dan sertifikat.",
  "benefit_peserta": [
    "Medali penamat",
    "Sertifikat penamat"
  ],
  "lokasi": "Tidak tercantum",
  "kota": "Tidak tercantum",
  "tanggal_event": "2017-10-01",
  "kontak_event": {
    "Instagram": [],
    "WhatsApp": "+6281224659933",
    "Email": "info@kilometerun.id",
    "Website": "www.indonesiamarathon.com"
  },
  "biaya_registrasi": "Rp 99.000,-",
  "kategori": [
    "21K"
  ],
  "jenis_event": "virtual run"
}