{
  "image": "-",
  "judul": "Adira Finance Langkah untuk Negeri Jakarta",
  "isi_informasi": "Event lari ini menawarkan kategori jarak 2K dan 7K. Informasi lebih lanjut dapat diakses melalui situs resmi lomba.",
  "benefit_peserta": [
    "Kesempatan untuk berpartisipasi dalam acara lari",
    "Mendapatkan pengalaman berlari di lingkungan yang menyenangkan"
  ],
  "lokasi": "Tidak tercantum",
  "kota": "Jakarta",
  "tanggal_event": "Tidak tercantum",
  "kontak_event": {
    "Instagram": [],
    "WhatsApp": "0812 119 911",
    "Email": "kontak@indonesiamarathon.com",
    "Website": "www.indonesiamarathon.com"
  },
  "biaya_registrasi": "Tidak tercantum",
  "kategori": [
    "2K",
    "7K"
  ],
  "jenis_event": "road run"
}