{
  "image": "-",
  "judul": "Air Force Run 2017",
  "isi_informasi": "Air Force Run 2017 adalah lomba lari tahunan dengan kategori 5K dan 10K yang berlangsung di Komplek TNI Angkatan Udara Halim Perdanakusuma, Jakarta Timur. Acara ini juga merupakan bagian dari program 'INDONESIA JAYA TNI AU 2017' dan perayaan HUT PIA Ardhya Garini ke-61. Peserta akan berlari di rute yang nyaman dan asri, dengan suasana yang meriah dari pesawat-pesawat TNI Angkatan Udara.",
  "benefit_peserta": [
    "Pengalaman berlari di rute yang nyaman dan hijau",
    "Suasana meriah dengan gemuruh pesawat TNI Angkatan Udara",
    "Kesempatan untuk berpartisipasi dalam acara tahunan"
  ],
  "lokasi": "Komplek TNI Angkatan Udara Halim Perdanakusuma",
  "kota": "Jakarta Timur",
  "tanggal_event": "2017-10-01",
  "kontak_event": {
    "Instagram": [],
    "WhatsApp": "081807357468",
    "Email": "kontak@indonesiamarathon.com",
    "Website": "www.indonesiamarathon.com"
  },
  "biaya_registrasi": "Tidak tercantum",
  "kategori": [
    "5K",
    "10K"
  ],
  "jenis_event": "road run"
}