{
  "image": "-",
  "judul": "Anyo Run 2017",
  "isi_informasi": "Anyo Run 2017 menawarkan kategori jarak 5K, 10K, dan 16.8K. Untuk informasi lebih lanjut dan pendaftaran, kunjungi http://anyorun.com.",
  "benefit_peserta": [
    "Kesempatan berlari di event yang terorganisir",
    "Mendapatkan pengalaman berkompetisi",
    "Meningkatkan kebugaran"
  ],
  "lokasi": "Tidak tercantum",
  "kota": "Tidak tercantum",
  "tanggal_event": "2017-01-01",
  "kontak_event": {
    "Instagram": [],
    "WhatsApp": "0812 119 911",
    "Email": "kontak@indonesiamarathon.com",
    "Website": "www.indonesiamarathon.com"
  },
  "biaya_registrasi": "Tidak tercantum",
  "kategori": [
    "5K",
    "10K",
    "16.8K"
  ],
  "jenis_event": "road run"
}