{
  "image": "-",
  "judul": "Arkheo Run 2017",
  "isi_informasi": "Arkheo Run 2017 adalah edisi kedua dari program lari tahunan Perkantoran Hijau Arkadia yang pertama kali diadakan pada tahun 2015. Acara ini bertujuan untuk mempromosikan olahraga, ekologi, persatuan, gaya hidup sehat, dan keramahan. Tahun ini, acara berlangsung di The Flavor Bliss Alam Sutera dengan tagline: 'Work Hard, Sport Harder!' Kami mengundang seluruh warga Jakarta, penyewa Arkadia, dan mitra untuk berpartisipasi dalam acara lari tahun ini.",
  "benefit_peserta": [
    "Meningkatkan kesehatan dan kebugaran",
    "Kesempatan untuk bersosialisasi",
    "Pengalaman berlari di lingkungan yang menyenangkan"
  ],
  "lokasi": "The Flavor Bliss Alam Sutera",
  "kota": "Tangerang",
  "tanggal_event": "2017-10-01",
  "kontak_event": {
    "Instagram": [
      "perkantoranhijauarkadia"
    ],
    "WhatsApp": "0812 119 911",
    "Email": "kontak@indonesiamarathon.com",
    "Website": "www.indonesiamarathon.com"
  },
  "biaya_registrasi": "Tidak tercantum",
  "kategori": [
    "5K",
    "10K"
  ],
  "jenis_event": "road run"
}