{
  "image": "-",
  "judul": "Arutmin 10 K",
  "isi_informasi": "Arutmin 10K adalah lomba lari sejauh 10 km yang merupakan bagian dari program Pemberdayaan Masyarakat PT Arutmin Indonesia di bidang olahraga dan kepemudaan, yang telah diadakan sejak 2006. Acara ini juga merayakan HUT PT Arutmin Indonesia yang ke-36. Tahun ini, lomba akan berlangsung pada 12 November 2017 di Batulicin, Kabupaten Tanah Bumbu, Kalimantan Selatan. Didukung oleh Pemerintah Kabupaten Tanah Bumbu, KONI, PASI Tanah Bumbu, PT Jhonlin Baratama, RS Marina Permata, dan mitra lainnya. Lomba ini terbagi menjadi tiga kategori: Umum, Pelajar, dan Master (usia 45 tahun ke atas). Start dan finish akan dilakukan di halaman parkir RS Marina Permata Batulicin. Pendaftaran gratis, peserta akan mendapatkan kaos bernomor dada, dan total hadiah lebih dari seratus juta rupiah, medali untuk finisher di bawah 60 menit, serta puluhan doorprize.",
  "benefit_peserta": [
    "Pendaftaran gratis",
    "Kaos bernomor dada",
    "Total hadiah lebih dari seratus juta rupiah",
    "Medali bagi finisher < 60 menit",
    "Puluhan doorprize"
  ],
  "lokasi": "Halaman parkir RS Marina Permata Batulicin, Jalan Raya Sarongga km 3,5 Desa Gunung Besar, Kabupaten Tanah Bumbu, Kalimantan Selatan 72213",
  "kota": "Tanah Bumbu",
  "tanggal_event": "2017-11-12",
  "kontak_event": {
    "Instagram": [],
    "WhatsApp": "0811-519-5225",
    "Email": "kontak@indonesiamarathon.com",
    "Website": "www.indonesiamarathon.com"
  },
  "biaya_registrasi": "Gratis",
  "kategori": [
    "10K"
  ],
  "jenis_event": "road run"
}