{
  "image": "-",
  "judul": "ASEAN-India Family Fun Run 2017",
  "isi_informasi": "ASEAN-India Family Fun Run 2017 akan diadakan pada hari Minggu, 13 Agustus 2017, mulai pukul 06:30 WIB. Acara ini akan dimulai dan diakhiri di Asean Secretariat, Jl. Sisingamangaraja, Kby. Baru, Jakarta. Jarak lomba adalah 7 km dengan biaya registrasi sebesar Rp 125.000 per peserta. Pendaftaran online dibuka dari 20 Juli hingga 9 Agustus 2017, atau sampai kuota terpenuhi.",
  "benefit_peserta": [
    "Kesempatan berolahraga",
    "Meningkatkan kebugaran",
    "Berkumpul dengan komunitas"
  ],
  "lokasi": "Asean Secretariat, Jl. Sisingamangaraja, Kby. Baru, Jakarta",
  "kota": "Jakarta",
  "tanggal_event": "2017-08-13",
  "kontak_event": {
    "Instagram": [],
    "WhatsApp": "+62 812-9751-5089",
    "Email": "kontak@indonesiamarathon.com",
    "Website": "www.indonesiamarathon.com"
  },
  "biaya_registrasi": "Rp 125.000",
  "kategori": [
    "7K"
  ],
  "jenis_event": "fun run"
}