{
  "image": "-",
  "judul": "Asics Relay Jakarta",
  "isi_informasi": "ASICS akan mengadakan ASICS Relay di Jakarta pada 19 Agustus 2017 sebagai bentuk dukungan terhadap olahraga lari dan semangat tim. Acara ini akan berlangsung di Alam Sutera, Tangerang, dan diikuti oleh ribuan tim dari berbagai kota. Formatnya melibatkan tim beranggotakan empat orang yang menyelesaikan jarak maraton penuh 42km atau setengah maraton 21km secara estafet. Pendaftaran dibuka dengan tarif khusus hingga 30 Juni dan normal mulai 1 Juli.",
  "benefit_peserta": [
    "Kesempatan berkompetisi dalam format estafet",
    "Meningkatkan kerja sama tim",
    "Hadiah bagi pendaftar awal"
  ],
  "lokasi": "Alam Sutera Mall, Tangerang, Banten, Indonesia",
  "kota": "Tangerang",
  "tanggal_event": "2017-08-19",
  "kontak_event": {
    "Instagram": [
      "@ASICSRelay"
    ],
    "WhatsApp": "0812 119 911",
    "Email": "kontak@indonesiamarathon.com",
    "Website": "www.indonesiamarathon.com"
  },
  "biaya_registrasi": {
    "Early Bird": {
      "21.1km": "IDR 850,000",
      "42.195km": "IDR 950,000"
    },
    "Normal": {
      "21.1km": "IDR 950,000",
      "42.195km": "IDR 1,050,000"
    }
  },
  "kategori": [
    "21K",
    "42K"
  ],
  "jenis_event": "road run"
}