{
  "image": "-",
  "judul": "Atlan Opor Vrun",
  "isi_informasi": "Event virtual run ini diselenggarakan untuk mendorong masyarakat berlari dan mempopulerkan olahraga lari. Peserta harus berlari sesuai jarak yang ditentukan dan melampirkan bukti lari melalui screenshot atau sistem pelacakan dari Steelytoe. Biaya registrasi adalah Rp150.000, sudah termasuk biaya pengiriman ke seluruh Indonesia. Langkah-langkahnya meliputi pendaftaran, berlari sesuai jarak, menginput waktu tempuh dan bukti lari, serta menerima medali dan baju yang akan dikirim ke alamat terdaftar.",
  "benefit_peserta": [
    "Mendukung gaya hidup sehat",
    "Mendapatkan medali dan baju",
    "Pengiriman gratis ke seluruh Indonesia"
  ],
  "lokasi": "Tidak tercantum",
  "kota": "Tidak tercantum",
  "tanggal_event": "2025-01-19",
  "kontak_event": {
    "Instagram": [],
    "WhatsApp": "0812 119 911",
    "Email": "kontak@indonesiamarathon.com",
    "Website": "www.indonesiamarathon.com"
  },
  "biaya_registrasi": "Rp150.000",
  "kategori": [],
  "jenis_event": "virtual run"
}