{
  "image": "-",
  "judul": "Bandung Ultra 100 2017",
  "isi_informasi": "Bandung Ultra 100k adalah lomba lari trail yang menawarkan beberapa kategori di sepanjang pegunungan utara Bandung, mencakup wilayah kota Bandung, Kabupaten Bandung Barat, dan Subang. Peserta dapat menyelesaikan rute dengan kecepatan masing-masing dalam batas waktu yang ditentukan untuk setiap kategori lomba.",
  "benefit_peserta": [
    "Kesempatan untuk berlari di jalur pegunungan yang menantang",
    "Mendapatkan pengalaman berlari dengan elevasi yang bervariasi",
    "Berkesempatan untuk berkolaborasi dalam tim pada kategori relay"
  ],
  "lokasi": "Tidak tercantum",
  "kota": "Bandung",
  "tanggal_event": "2017-01-01",
  "kontak_event": {
    "Instagram": [],
    "WhatsApp": "0812 119 911",
    "Email": "info@bdg100.id",
    "Website": "www.indonesiamarathon.com"
  },
  "biaya_registrasi": "Tidak tercantum",
  "kategori": [
    "50K",
    "100K Relay",
    "100K"
  ],
  "jenis_event": "trail run"
}