{
  "image": "-",
  "judul": "Banggai Run 2017",
  "isi_informasi": "Banggai Run adalah perlombaan lari pertama yang diselenggarakan di Batui, Banggai, menggunakan Jalan Lingkar Trans Sulawesi. Perlombaan ini menawarkan kategori jarak 5K untuk umum, penduduk lokal Banggai, TNI/POLRI, serta siswa tingkat SMA dan SMP.",
  "benefit_peserta": [
    "Kesempatan berkompetisi di kategori 5K",
    "Mendukung kegiatan olahraga di daerah",
    "Meningkatkan kebugaran dan kesehatan"
  ],
  "lokasi": "Jalan Lingkar Trans Sulawesi, Batui, Kabupaten Banggai",
  "kota": "Banggai",
  "tanggal_event": "2017-01-01",
  "kontak_event": {
    "Instagram": [],
    "WhatsApp": "08873443101",
    "Email": "kontak@indonesiamarathon.com",
    "Website": "www.indonesiamarathon.com"
  },
  "biaya_registrasi": "Tidak tercantum",
  "kategori": [
    "5K"
  ],
  "jenis_event": "road run"
}