{
  "image": "-",
  "judul": "Bank Jateng Borobudur Marathon 2017",
  "isi_informasi": "Pemerintah Provinsi Jawa Tengah dan Bank Jateng bekerja sama dengan Harian Kompas menyelenggarakan Bank Jateng Borobudur Marathon 2017 dengan tema 'Reborn Harmony'.",
  "benefit_peserta": [
    "Kesempatan berlari di lokasi bersejarah",
    "Pengalaman berkompetisi dengan pelari lain",
    "Medali dan sertifikat bagi peserta"
  ],
  "lokasi": "Tidak tercantum",
  "kota": "Magelang",
  "tanggal_event": "2017-11-05",
  "kontak_event": {
    "Instagram": [],
    "WhatsApp": "0812 119 911",
    "Email": "kontak@indonesiamarathon.com",
    "Website": "www.indonesiamarathon.com"
  },
  "biaya_registrasi": "Tidak tercantum",
  "kategori": [
    "10K",
    "HALF MARATHON",
    "FULL MARATHON"
  ],
  "jenis_event": "road run"
}