{
  "image": "-",
  "judul": "Banyuwangi Ijen Green Run 2017",
  "isi_informasi": "Event olahraga trail run ini menawarkan rute menarik yang menampilkan keindahan alam perkebunan, Hutan Pinus, sawah, sungai, dan lereng Gunung Ijen di Banyuwangi.",
  "benefit_peserta": [
    "Menikmati keindahan alam",
    "Meningkatkan kebugaran",
    "Kesempatan berkompetisi"
  ],
  "lokasi": "Jl. Tarumanegara 13, Banyuwangi",
  "kota": "Banyuwangi",
  "tanggal_event": "2017-01-01",
  "kontak_event": {
    "Instagram": [],
    "WhatsApp": "082333377717",
    "Email": "kontak@indonesiamarathon.com",
    "Website": "www.indonesiamarathon.com"
  },
  "biaya_registrasi": "Tidak tercantum",
  "kategori": [
    "5K",
    "15K",
    "27K"
  ],
  "jenis_event": "trail run"
}