{
  "image": "-",
  "judul": "Barelang Marathon 2017",
  "isi_informasi": "Barelang Marathon 2017 akan diselenggarakan pada 10 Desember 2017 di Jembatan Barelang, Batam, Riau. Event ini menawarkan kategori lari 10K, 21K, dan 42K, dengan rute yang melintasi enam jembatan yang menghubungkan Pulau Batam, Rempang, dan Galang, memberikan pemandangan yang indah bagi para pelari. Diperkirakan sekitar 1500 peserta, baik domestik maupun internasional, akan berpartisipasi dalam acara ini.",
  "benefit_peserta": [
    "Pemandangan indah selama lomba",
    "Kesempatan berlari di jembatan ikonik",
    "Partisipasi dari pelari internasional"
  ],
  "lokasi": "Jembatan Barelang, Batam, Riau, Indonesia",
  "kota": "Batam",
  "tanggal_event": "2017-12-10",
  "kontak_event": {
    "Instagram": [],
    "WhatsApp": "0812 119 911",
    "Email": "kontak@indonesiamarathon.com",
    "Website": "www.indonesiamarathon.com"
  },
  "biaya_registrasi": "Tidak tercantum",
  "kategori": [
    "10K",
    "21K",
    "42K"
  ],
  "jenis_event": "road run"
}