{
  "image": "-",
  "judul": "Bark in The Park",
  "isi_informasi": "Bark in The Park adalah acara lari keluarga pertama di Indonesia dengan jarak 2.5K dan 5K. Acara ini akan berlangsung pada hari Minggu, 10 September 2017, di INDO PET EXPO, International Convention Exhibition (ICE) BSD City-Tangerang.",
  "benefit_peserta": [
    "Kesempatan berlari bersama hewan peliharaan",
    "Aktivitas keluarga yang menyenangkan"
  ],
  "lokasi": "INDO PET EXPO, International Convention Exhibition (ICE) BSD City-Tangerang",
  "kota": "Tangerang",
  "tanggal_event": "2017-09-10",
  "kontak_event": {
    "Instagram": [],
    "WhatsApp": "0812 119 911",
    "Email": "info@barkinthepark.id",
    "Website": "www.indonesiamarathon.com"
  },
  "biaya_registrasi": "Tidak tercantum",
  "kategori": [
    "2.5K",
    "5K"
  ],
  "jenis_event": "fun run"
}