{
  "image": "-",
  "judul": "Baron 10K",
  "isi_informasi": "Baron 10K adalah lomba lari dengan kategori jarak 10K. Informasi lebih lanjut dapat ditemukan di Instagram resmi lomba.",
  "benefit_peserta": [
    "Kesempatan untuk berkompetisi",
    "Mendapatkan pengalaman berlari di acara resmi",
    "Meningkatkan kebugaran"
  ],
  "lokasi": "1. Kantor Harian Jogja, Jalan AM Sangaji No. 41, Yogyakarta; 2. Dinas Pendidikan Pemuda dan Olah Raga Kab Gunungkidul, Jalan Pemuda No. 32, Wonosari, Gunungkidul; 3. Dinas Pariwisata Gunungkidul, Jalan KH Agus Salim No. 126, Wonosari, Gunungkidul",
  "kota": "Gunungkidul",
  "tanggal_event": "Tidak tercantum",
  "kontak_event": {
    "Instagram": [
      "https://www.instagram.com/baron10k.official/"
    ],
    "WhatsApp": "0812 119 911",
    "Email": "kontak@indonesiamarathon.com",
    "Website": "www.indonesiamarathon.com"
  },
  "biaya_registrasi": "Tidak tercantum",
  "kategori": [
    "10K"
  ],
  "jenis_event": "road run"
}