{
  "image": "-",
  "judul": "Batu Forest Run 10K",
  "isi_informasi": "Batu Forest Run adalah lomba lari 10K yang berlangsung di area Hutan Gunung Banyak, Kota Wisata Batu, Malang.",
  "benefit_peserta": [
    "Race T-shirt Gulf",
    "Personal BIB Number",
    "Medali Finisher 10K (logam)",
    "Water station - Pocari Sweat",
    "Refreshment (Pocari Sweat, Air Mineral, Buah, Snack)",
    "Sarapan"
  ],
  "lokasi": "Hutan Gunung Banyak, Kota Wisata Batu, Malang",
  "kota": "Malang",
  "tanggal_event": "2017-11-01",
  "kontak_event": {
    "Instagram": [
      "@batuforestrun"
    ],
    "WhatsApp": "082142398252",
    "Email": "kontak@indonesiamarathon.com",
    "Website": "www.indonesiamarathon.com"
  },
  "biaya_registrasi": {
    "Early Bird": "Rp 175.000",
    "Promo": "Rp 250.000",
    "Normal Price": "Rp 300.000",
    "Community Price": "Rp 175.000 (min 10 peserta, free 1 slot)",
    "International Runner": "Rp 400.000"
  },
  "kategori": [
    "10K"
  ],
  "jenis_event": "road run"
}