{
  "image": "-",
  "judul": "BCA Bali Run 2017",
  "isi_informasi": "BCA Bali Run 2017 adalah lomba lari yang mendukung gaya hidup sehat masyarakat Indonesia melalui olahraga. Kegiatan ini bertujuan untuk meningkatkan kualitas hidup, produktivitas, dan keharmonisan sosial. Lomba ini menawarkan kategori Half Marathon, 10K, dan 5K, terbuka untuk warga negara Indonesia berusia 17 tahun ke atas. Peserta dapat mencatatkan waktu tercepat mereka.",
  "benefit_peserta": [
    "Mendukung gaya hidup sehat",
    "Meningkatkan kualitas hidup",
    "Meningkatkan produktivitas",
    "Mendorong kehidupan sosial yang harmonis"
  ],
  "lokasi": "Tidak tercantum",
  "kota": "Bali",
  "tanggal_event": "2017-11-12",
  "kontak_event": {
    "Instagram": [],
    "WhatsApp": "0812 119 911",
    "Email": "kontak@indonesiamarathon.com",
    "Website": "www.indonesiamarathon.com"
  },
  "biaya_registrasi": "Tidak tercantum",
  "kategori": [
    "5K",
    "10K",
    "21K"
  ],
  "jenis_event": "road run"
}