{
  "image": "-",
  "judul": "Bear Trail Challenge II",
  "isi_informasi": "Bear Trail Challenge II menawarkan kategori jarak 10K dan 21K. Untuk informasi lebih lanjut dan pendaftaran, kunjungi situs web resmi.",
  "benefit_peserta": [
    "Kesempatan berkompetisi di lintasan trail",
    "Meningkatkan kebugaran fisik",
    "Mendapatkan pengalaman berlari di alam terbuka"
  ],
  "lokasi": "Tidak tercantum",
  "kota": "Tidak tercantum",
  "tanggal_event": "Tidak tercantum",
  "kontak_event": {
    "Instagram": [],
    "WhatsApp": "0812 119 911",
    "Email": "kontak@indonesiamarathon.com",
    "Website": "www.indonesiamarathon.com"
  },
  "biaya_registrasi": "Tidak tercantum",
  "kategori": [
    "10K",
    "21K"
  ],
  "jenis_event": "trail run"
}