{
  "image": "-",
  "judul": "Belitung Laskar Pelangi 10K",
  "isi_informasi": "Ikuti lomba lari sambil menikmati keindahan pantai di Belitung. Acara ini diselenggarakan untuk memperingati Hari Perjuangan Rakyat Belitung dan mempromosikan pariwisata daerah. Lomba ini merupakan bagian dari kalender rutin Pemerintah Kabupaten Belitung yang bekerja sama dengan Pengkab Pasi Belitung. Terdapat kategori umum dan lokal pelajar.",
  "benefit_peserta": [
    "Medali untuk juara 1 hingga 6 di setiap kategori",
    "Piagam penghargaan",
    "Uang pembinaan total Rp. 75.000.000,00"
  ],
  "lokasi": "Pantai Wisata Tanjungpendam, Belitung",
  "kota": "Belitung",
  "tanggal_event": "2017-11-26",
  "kontak_event": {
    "Instagram": [],
    "WhatsApp": "081949532579",
    "Email": "disporabelitungkab.go.id",
    "Website": "www.indonesiamarathon.com"
  },
  "biaya_registrasi": "Gratis",
  "kategori": [
    "10K"
  ],
  "jenis_event": "road run"
}