{
  "image": "-",
  "judul": "Belitong Triathlon 2017",
  "isi_informasi": "Belitong Beach Triathlon 2017 adalah kompetisi triathlon yang mencakup renang, balap sepeda, dan lari dalam satu waktu, dengan kategori Olympic Distance. Acara ini diselenggarakan oleh KONI Kab. Belitung dan Pemda Kab. Belitung di Tanjung Kelayan, Belitung pada 9 September 2017, dari pukul 06.00 hingga 13.00 WIB. Peserta akan menikmati keindahan alam Belitung yang menawan.",
  "benefit_peserta": [
    "Pengalaman triathlon yang menantang",
    "Keindahan alam Belitung",
    "Kesempatan berkompetisi dalam kategori Olympic Distance"
  ],
  "lokasi": "Tanjung Kelayan, Belitung",
  "kota": "Belitung",
  "tanggal_event": "2017-09-09",
  "kontak_event": {
    "Instagram": [],
    "WhatsApp": "0812 119 911",
    "Email": "info@belitongtriathlon.com",
    "Website": "www.indonesiamarathon.com"
  },
  "biaya_registrasi": "Tidak tercantum",
  "kategori": [
    "Olympic Distance",
    "Sprint Distance"
  ],
  "jenis_event": "road run"
}