{
  "image": "-",
  "judul": "Belvita Indomaret Morning Run - Sidoarjo",
  "isi_informasi": "Dengan biaya pendaftaran sebesar Rp 30.000, peserta dapat mengikuti acara ini dan berkesempatan memenangkan berbagai hadiah menarik. Tiket dapat dibeli di Indomaret terdekat.",
  "benefit_peserta": [
    "Kesempatan memenangkan hadiah",
    "Acara seru"
  ],
  "lokasi": "Gor Sidoarjo, Sidoarjo",
  "kota": "Sidoarjo",
  "tanggal_event": "2017-12-10",
  "kontak_event": {
    "Instagram": [],
    "WhatsApp": "0812 119 911",
    "Email": "kontak@indonesiamarathon.com",
    "Website": "www.indonesiamarathon.com"
  },
  "biaya_registrasi": "Rp 30.000",
  "kategori": [
    "5K"
  ],
  "jenis_event": "road run"
}