{
  "image": "-",
  "judul": "Belvita Indomaret Morning Run - Bandung",
  "isi_informasi": "Dengan biaya pendaftaran sebesar Rp 30.000, peserta dapat mengikuti acara ini dan berkesempatan memenangkan berbagai hadiah menarik. Segera beli tiket di Indomaret terdekat!",
  "benefit_peserta": [
    "Kesempatan memenangkan hadiah menarik",
    "Pengalaman berlari yang seru"
  ],
  "lokasi": "Upakarti Soreang, Soreang, Bandung",
  "kota": "Bandung",
  "tanggal_event": "2017-12-03",
  "kontak_event": {
    "Instagram": [],
    "WhatsApp": "0812 119 911",
    "Email": "kontak@indonesiamarathon.com",
    "Website": "www.indonesiamarathon.com"
  },
  "biaya_registrasi": "Rp 30.000",
  "kategori": [
    "5K"
  ],
  "jenis_event": "road run"
}