{
  "image": "-",
  "judul": "Bengkulu Raflesia Run",
  "isi_informasi": "Bengkulu Raflesia Run menawarkan kategori jarak 5K dan 10K. Informasi lebih lanjut dapat ditemukan di situs resmi lomba.",
  "benefit_peserta": [
    "Kesempatan untuk berpartisipasi dalam lomba lari",
    "Mendapatkan pengalaman berlari di lingkungan yang menarik"
  ],
  "lokasi": "Dispora Provinsi Bengkulu dan Graha Pena Bengkulu Ekspress Jl Jati No 129 Simpang Skip Kota Bengkulu",
  "kota": "Bengkulu",
  "tanggal_event": "Tidak tercantum",
  "kontak_event": {
    "Instagram": [],
    "WhatsApp": "+62 852-7394-1644",
    "Email": "kontak@indonesiamarathon.com",
    "Website": "www.indonesiamarathon.com"
  },
  "biaya_registrasi": "Tidak tercantum",
  "kategori": [
    "5K",
    "10K"
  ],
  "jenis_event": "road run"
}