{
  "image": "-",
  "judul": "Bengkulu Run",
  "isi_informasi": "Bengkulu Run adalah lomba lari profesional yang diadakan pada 26 Maret 2017 di Pantai Panjang, Kota Bengkulu. Acara ini merayakan HUT Kota Bengkulu ke-298, HUT Harian Bengkulu Ekspress ke-12, dan HUT BETV ke-3 dengan total hadiah Rp 217 Juta. Terdapat dua kategori lomba, yaitu Bengkulu RUN 10K dan FUN RUN 5K, yang dibagi menjadi kelas profesional dan umum. Rute lomba melewati objek wisata pantai dan sejarah, dimulai dari Pantai Panjang dan melintasi beberapa lokasi bersejarah.",
  "benefit_peserta": [
    "Kesempatan memenangkan hadiah total Rp 217 Juta",
    "Menikmati keindahan objek wisata di sepanjang rute",
    "Berpartisipasi dalam acara yang merayakan hari jadi kota"
  ],
  "lokasi": "Pantai Panjang, Kota Bengkulu",
  "kota": "Bengkulu",
  "tanggal_event": "2017-03-26",
  "kontak_event": {
    "Instagram": [],
    "WhatsApp": "0852-7394-1644",
    "Email": "kontak@indonesiamarathon.com",
    "Website": "www.indonesiamarathon.com"
  },
  "biaya_registrasi": "Tidak tercantum",
  "kategori": [
    "5K",
    "10K"
  ],
  "jenis_event": "road run"
}