{
  "image": "-",
  "judul": "Betadine Retro Run 2017",
  "isi_informasi": "Betadine Retro Run 2017 adalah event lari mundur pertama di Indonesia yang juga berfungsi sebagai kegiatan amal untuk penderita kanker. Diselenggarakan oleh BETADINE® dan Mundipharma Indonesia, event ini memasuki tahun kedua dengan tambahan aktivitas menyenangkan yang menggabungkan elemen generasi 90-an dan milenial. Semua biaya pendaftaran akan disumbangkan kepada Yayasan Kanker Indonesia. Peserta akan mendapatkan Race Pack yang menarik dan dapat menikmati berbagai aktivitas seru selama event.",
  "benefit_peserta": [
    "Race Pack item lengkap",
    "Kesempatan memenangkan door prize",
    "Aktivitas menyenangkan selama event"
  ],
  "lokasi": "Foundry 8, Lot 8 SCBD",
  "kota": "Jakarta",
  "tanggal_event": "2017-09-14",
  "kontak_event": {
    "Instagram": [],
    "WhatsApp": "0812 119 911",
    "Email": "kontak@indonesiamarathon.com",
    "Website": "www.indonesiamarathon.com"
  },
  "biaya_registrasi": "Tidak tercantum",
  "kategori": [
    "Fun Run 3,5K",
    "Race Run 5K"
  ],
  "jenis_event": "fun run"
}