{
  "image": "-",
  "judul": "BFI Run 2017",
  "isi_informasi": "BFI Run 2017 akan diadakan di Q-Big BSD City pada tanggal 9 April 2017. Terdapat tiga kategori jarak: Half Marathon (21,1K), 10K, dan 5K. Pendaftaran dibuka dari 17 Januari hingga 26 Maret 2017, atau lebih awal jika kuota terpenuhi. Peserta akan menerima berbagai fasilitas termasuk kaos lomba, medali, nomor bib, dan Mandiri e-Money senilai Rp.50.000. Biaya pendaftaran adalah Rp.400.000 untuk Half Marathon, Rp.300.000 untuk 10K, dan Rp.250.000 untuk 5K. Terdapat juga diskon 25% untuk pendaftaran dalam periode tertentu dengan menggunakan kode voucher BFIRUN2017.",
  "benefit_peserta": [
    "Kaos lomba Kappa",
    "Kaos penamat Kappa untuk Half Marathon",
    "Medali penamat",
    "Nomor bib dan peniti",
    "Tag pencatatan waktu",
    "Tas lomba",
    "Buku panduan lomba",
    "Mandiri e-Money senilai Rp.50.000"
  ],
  "lokasi": "Q-Big BSD City",
  "kota": "Tangerang",
  "tanggal_event": "2017-04-09",
  "kontak_event": {
    "Instagram": [],
    "WhatsApp": "0812 119 911",
    "Email": "kontak@indonesiamarathon.com",
    "Website": "www.indonesiamarathon.com"
  },
  "biaya_registrasi": {
    "Half Marathon (21,1K)": "Rp.400.000",
    "10K": "Rp.300.000",
    "5K": "Rp.250.000"
  },
  "kategori": [
    "Half Marathon (21,1K)",
    "10K",
    "5K"
  ],
  "jenis_event": "road run"
}