{
  "image": "-",
  "judul": "Bhayangkara Belitung Run 2017",
  "isi_informasi": "Dalam rangka merayakan HUT Bhayangkara ke-71, Polda Bangka Belitung menyelenggarakan event lari 'Bhayangkara Belitung Run 2017' pada Minggu, 6 Agustus 2017. Terdapat kategori jarak 5K dan 10K dengan biaya pendaftaran gratis serta total hadiah mencapai 90 juta rupiah. Nikmati keindahan pantai dan suasana 'Laskar Pelangi' bersama teman atau keluarga. Segera daftarkan diri Anda.",
  "benefit_peserta": [
    "Biaya pendaftaran gratis",
    "Total hadiah hingga 90 juta rupiah",
    "Pengalaman berlari di lokasi yang indah"
  ],
  "lokasi": "Mako Polres Pangkal Pinang Jl. Jend. Sudirman Kota Pangkal Pinang, Mako Polres Belitung Jl. Sijuk No. 2 Tanjung Pandan Kab. Belitung",
  "kota": "Belitung",
  "tanggal_event": "2017-08-06",
  "kontak_event": {
    "Instagram": [],
    "WhatsApp": "0812 119 911",
    "Email": "kontak@indonesiamarathon.com",
    "Website": "www.indonesiamarathon.com"
  },
  "biaya_registrasi": "Gratis",
  "kategori": [
    "5K",
    "10K"
  ],
  "jenis_event": "road run"
}