{
  "image": "-",
  "judul": "Bhayangkara Run 2017",
  "isi_informasi": "Bhayangkara Run 2017 menawarkan kategori jarak 5K, 10K, dan Pleton Serasi untuk Polda/Fungs/Kesatuan Polri. Informasi lebih lanjut dapat diakses melalui situs resmi lomba.",
  "benefit_peserta": [
    "Kesempatan berkompetisi dalam kategori yang beragam",
    "Mendapatkan pengalaman berlari yang menyenangkan"
  ],
  "lokasi": "TMC Polda Metro Jaya Jl. Jenderal Sudirman Kav. 55, Kebayoran Baru, Jakarta Selatan, 12190",
  "kota": "Jakarta Selatan",
  "tanggal_event": "2017-01-01",
  "kontak_event": {
    "Instagram": [],
    "WhatsApp": "0812 119 911",
    "Email": "kontak@indonesiamarathon.com",
    "Website": "www.indonesiamarathon.com"
  },
  "biaya_registrasi": "Tidak tercantum",
  "kategori": [
    "5K",
    "10K",
    "Pleton Serasi"
  ],
  "jenis_event": "road run"
}