{
  "image": "-",
  "judul": "Bira Beach Run",
  "isi_informasi": "Bira Beach Run merupakan bagian dari Explore South Sulawesi Run Series 2017, di mana peserta akan berlari di sepanjang Pantai Bira dengan pemandangan yang indah dan matahari terbenam saat mencapai garis finish. Peserta yang menyelesaikan lomba sebelum batas waktu akan menerima medali finisher.",
  "benefit_peserta": [
    "Medali finisher bagi yang menyelesaikan lomba"
  ],
  "lokasi": "Pantai Bira, Sulawesi Selatan",
  "kota": "Bira",
  "tanggal_event": "2017-01-01",
  "kontak_event": {
    "Instagram": [],
    "WhatsApp": "0812 119 911",
    "Email": "kontak@indonesiamarathon.com",
    "Website": "www.indonesiamarathon.com"
  },
  "biaya_registrasi": "Tidak tercantum",
  "kategori": [],
  "jenis_event": "road run"
}