{
  "image": "-",
  "judul": "BMK Blora Run 2017 11K",
  "isi_informasi": "BMK Blora Run 2017 menawarkan kategori jarak 11K. Jika terdapat informasi yang tidak akurat atau ada perubahan terkait lomba, mohon untuk menghubungi kami.",
  "benefit_peserta": [
    "Kesempatan untuk berkompetisi",
    "Meningkatkan kebugaran",
    "Mendapatkan pengalaman berlari"
  ],
  "lokasi": "Tidak tercantum",
  "kota": "Blora",
  "tanggal_event": "2017-11-00",
  "kontak_event": {
    "Instagram": [],
    "WhatsApp": "0812 119 911",
    "Email": "kontak@indonesiamarathon.com",
    "Website": "www.indonesiamarathon.com"
  },
  "biaya_registrasi": "Tidak tercantum",
  "kategori": [
    "11K"
  ],
  "jenis_event": "road run"
}