{
  "image": "-",
  "judul": "BNI ITB Ultra Marathon 170K",
  "isi_informasi": "Ikuti BNI ITB Ultra Marathon 170K yang berlangsung pada 13-15 Oktober 2017, dari Jakarta ke Bandung. Kesempatan untuk meraih podium sekaligus mendukung pengembangan Fakultas Teknik Mesin dan Dirgantara ITB.",
  "benefit_peserta": [
    "Kesempatan memenangkan hadiah total 180 juta rupiah",
    "Mendukung pengembangan pendidikan dan riset di ITB"
  ],
  "lokasi": "Jakarta - Bandung",
  "kota": "Jakarta",
  "tanggal_event": "2017-10-13",
  "kontak_event": {
    "Instagram": [],
    "WhatsApp": "082310088779",
    "Email": "kontak@indonesiamarathon.com",
    "Website": "www.indonesiamarathon.com"
  },
  "biaya_registrasi": "Tidak tercantum",
  "kategori": [
    "170K Individu",
    "170K Relay 2x",
    "170K Relay 4x",
    "170K Relay 8x",
    "170K Relay 16x"
  ],
  "jenis_event": "road run"
}