{
  "image": "-",
  "judul": "Bogor Sundown Marathon",
  "isi_informasi": "Bogor Sundown Marathon adalah lomba lari maraton yang diadakan pada malam hari. Ini merupakan maraton sundown pertama di Indonesia dan akan berlangsung di Bogor, yang dikenal sebagai Kota Pelari.",
  "benefit_peserta": [
    "Pengalaman unik berlari di malam hari",
    "Kesempatan untuk berkompetisi di maraton pertama di Indonesia",
    "Berbagai kategori jarak untuk semua level pelari"
  ],
  "lokasi": "Tidak tercantum",
  "kota": "Bogor",
  "tanggal_event": "2025-01-19",
  "kontak_event": {
    "Instagram": [],
    "WhatsApp": "08119770644",
    "Email": "info@bogorsundownmarathon.com",
    "Website": "www.indonesiamarathon.com"
  },
  "biaya_registrasi": "Tidak tercantum",
  "kategori": [
    "5K",
    "10K",
    "21K",
    "42K"
  ],
  "jenis_event": "road run"
}