{
  "image": "-",
  "judul": "Bogor Technoplast Run",
  "isi_informasi": "Bogor Technoplast Run adalah event lari dengan kategori jarak 5K. Untuk informasi lebih lanjut dan pendaftaran, kunjungi situs resmi.",
  "benefit_peserta": [
    "Kesempatan berolahraga",
    "Meningkatkan kesehatan",
    "Bertemu komunitas lari"
  ],
  "lokasi": "Tidak tercantum",
  "kota": "Bogor",
  "tanggal_event": "Tidak tercantum",
  "kontak_event": {
    "Instagram": [],
    "WhatsApp": "0812 119 911",
    "Email": "kontak@indonesiamarathon.com",
    "Website": "www.indonesiamarathon.com"
  },
  "biaya_registrasi": "Tidak tercantum",
  "kategori": [
    "5K"
  ],
  "jenis_event": "road run"
}