{
  "image": "-",
  "judul": "Bosowa Makassar Half Marathon 2017",
  "isi_informasi": "Bosowa Makassar Half Marathon 2017 menawarkan kategori jarak 5K, 10K, dan 21K. Untuk informasi lebih lanjut dan pendaftaran, kunjungi www.bosowahalfmarathon.com.",
  "benefit_peserta": [],
  "lokasi": "Tidak tercantum",
  "kota": "Makassar",
  "tanggal_event": "2017-01-01",
  "kontak_event": {
    "Instagram": [],
    "WhatsApp": "0812 119 911",
    "Email": "kontak@indonesiamarathon.com",
    "Website": "www.indonesiamarathon.com"
  },
  "biaya_registrasi": "Tidak tercantum",
  "kategori": [
    "5K",
    "10K",
    "21K"
  ],
  "jenis_event": "road run"
}