{
  "image": "-",
  "judul": "Boyolali Berlari 7K",
  "isi_informasi": "Boyolali Berlari 7K menawarkan total hadiah sebesar 180 juta yang dibagi dalam tiga kategori: Kategori Putra (Umum/Profesional/TNI/POLRI/PNS/Karyawan/Mahasiswa), Kategori Putri (Umum/Profesional/TNI/POLRI/PNS/Karyawati/Mahasiswi), dan Kategori Pelajar Khusus Putra (SMA/SMK/MA/SMP/MTs).",
  "benefit_peserta": [
    "Kesempatan memenangkan hadiah total 180 juta",
    "Partisipasi dalam kategori yang beragam"
  ],
  "lokasi": "Alun-alun Kidul, Kabupaten Boyolali",
  "kota": "Boyolali",
  "tanggal_event": "2017-07-30",
  "kontak_event": {
    "Instagram": [],
    "WhatsApp": "085867666087",
    "Email": "kontak@indonesiamarathon.com",
    "Website": "www.indonesiamarathon.com"
  },
  "biaya_registrasi": {
    "Umum": "Rp. 50.000",
    "Pelajar": "Rp. 25.000"
  },
  "kategori": [
    "7K"
  ],
  "jenis_event": "road run"
}