{
  "image": "-",
  "judul": "BRI Smart Run 2017",
  "isi_informasi": "BRI Smart Run 2017 mengajak peserta untuk berlari di Kampus Universitas Diponegoro dengan jalur yang unik dan menantang. Terdapat hadiah menarik dan predikat penyintas bagi peserta. Lomba ini terdiri dari kategori 10 km dan 5 km dengan perhitungan waktu.",
  "benefit_peserta": [
    "Hadiah menarik",
    "Predikat penyintas"
  ],
  "lokasi": "Kampus Universitas Diponegoro",
  "kota": "Semarang",
  "tanggal_event": "2017-00-00",
  "kontak_event": {
    "Instagram": [],
    "WhatsApp": "0812 119 911",
    "Email": "kontak@indonesiamarathon.com",
    "Website": "www.indonesiamarathon.com"
  },
  "biaya_registrasi": "Tidak tercantum",
  "kategori": [
    "5K",
    "10K"
  ],
  "jenis_event": "road run"
}