{
  "image": "-",
  "judul": "BRI Run Bogor Series 2017",
  "isi_informasi": "BRI Run Bogor Series 2017 menawarkan kategori lomba untuk individu dan tim. Terdapat kategori Closed Individual untuk 5K, 10K, dan 21K untuk pria dan wanita, serta kategori Closed Couple Ekiden/Relay untuk 21K yang harus terdiri dari pria dan wanita.",
  "benefit_peserta": [
    "Kesempatan untuk berkompetisi di berbagai kategori",
    "Meningkatkan kebugaran dan kesehatan",
    "Pengalaman berlari di lokasi yang indah"
  ],
  "lokasi": "Kebun Raya Bogor, Jawa Barat",
  "kota": "Bogor",
  "tanggal_event": "2017-01-01",
  "kontak_event": {
    "Instagram": [],
    "WhatsApp": "0812 119 911",
    "Email": "kontak@indonesiamarathon.com",
    "Website": "www.indonesiamarathon.com"
  },
  "biaya_registrasi": "Tidak tercantum",
  "kategori": [
    "5K",
    "10K",
    "21K"
  ],
  "jenis_event": "road run"
}