{
  "image": "-",
  "judul": "BRunity 10K 2017",
  "isi_informasi": "BRunity 2017 diselenggarakan oleh Bosowa Runners for Unity untuk merayakan ulang tahun ke-3 pada 12 November 2017, melibatkan komunitas lari dari seluruh Indonesia.",
  "benefit_peserta": [],
  "lokasi": "Jalan Urip Sumoharjo no 266, Makassar",
  "kota": "Makassar",
  "tanggal_event": "2017-11-12",
  "kontak_event": {
    "Instagram": [],
    "WhatsApp": "0853 4279 1179",
    "Email": "kontak@indonesiamarathon.com",
    "Website": "www.indonesiamarathon.com"
  },
  "biaya_registrasi": "Tidak tercantum",
  "kategori": [
    "10K"
  ],
  "jenis_event": "road run"
}