{
  "image": "-",
  "judul": "Bulungan Fun Run 2017",
  "isi_informasi": "Bulungan Fun Run 2017 menawarkan kategori jarak 5K dan 8K. Untuk informasi lebih lanjut dan pendaftaran, kunjungi http://ideakita.com/.",
  "benefit_peserta": [
    "Kesempatan berolahraga",
    "Meningkatkan kesehatan",
    "Bertemu komunitas lari"
  ],
  "lokasi": "Tidak tercantum",
  "kota": "Bulungan",
  "tanggal_event": "2017-01-01",
  "kontak_event": {
    "Instagram": [],
    "WhatsApp": "0812 119 911",
    "Email": "kontak@indonesiamarathon.com",
    "Website": "www.indonesiamarathon.com"
  },
  "biaya_registrasi": "Tidak tercantum",
  "kategori": [
    "5K",
    "8K"
  ],
  "jenis_event": "fun run"
}