{
  "image": "-",
  "judul": "Burners Ramadhan Night Race 2017",
  "isi_informasi": "Burners Ramadhan Night Race 2017 adalah lomba lari yang diselenggarakan oleh komunitas Cibubur Runners di Kota Wisata, Cibubur, pada malam hari selama Bulan Suci Ramadhan. Ini merupakan penyelenggaraan ketiga dari event ini dengan tema Healthy Ramadhan: Fun Fasting Fit, yang bertujuan untuk mempromosikan gaya hidup sehat melalui olahraga di bulan Ramadhan.",
  "benefit_peserta": [
    "Mendorong gaya hidup sehat",
    "Kesempatan berolahraga di bulan Ramadhan"
  ],
  "lokasi": "Kota Wisata, Cibubur",
  "kota": "Cibubur",
  "tanggal_event": "2017-06-01",
  "kontak_event": {
    "Instagram": [],
    "WhatsApp": "0812 119 911",
    "Email": "kontak@indonesiamarathon.com",
    "Website": "www.indonesiamarathon.com"
  },
  "biaya_registrasi": "Tidak tercantum",
  "kategori": [
    "5K",
    "10K"
  ],
  "jenis_event": "road run"
}