{
  "image": "-",
  "judul": "Buyan Jungle [Extreme] Run II 10K 2017",
  "isi_informasi": "Dalam rangka Hari Konservasi Alam Nasional, BALAI KSDA BALI menyelenggarakan BUYAN JUNGLE [EXTREME] RUN 10K 2017 di Taman Wisata Alam Danau Buyan-Danau Tamblingan, Pancasari, Kec. Sukasada, Kab. Buleleng, Bali. Pendaftaran dibuka hingga 20 Juli 2017 dan gratis. Acara ini terbuka untuk umum, baik WNI maupun WNA. Start lari akan dilakukan pada 6 Agustus 2017, dengan registrasi ulang pada 5 Agustus 2017 bagi peserta yang terverifikasi. Total hadiah mencapai 30 juta rupiah ditambah doorprize, serta peserta akan mendapatkan kaos, konsumsi, medali, dan sertifikat.",
  "benefit_peserta": [
    "Kaos",
    "Konsumsi",
    "Medali",
    "Sertifikat"
  ],
  "lokasi": "Taman Wisata Alam Danau Buyan-Danau Tamblingan, Pancasari, Kec. Sukasada, Kab. Buleleng, Bali",
  "kota": "Buleleng",
  "tanggal_event": "2017-08-06",
  "kontak_event": {
    "Instagram": [],
    "WhatsApp": "081805670261",
    "Email": "buyanjunglerun@gmail.com",
    "Website": "www.indonesiamarathon.com"
  },
  "biaya_registrasi": "GRATIS",
  "kategori": [
    "10K"
  ],
  "jenis_event": "road run"
}