{
  "image": "-",
  "judul": "Cakra Run 2017",
  "isi_informasi": "Cakra Run 2017 adalah acara lari yang diselenggarakan oleh Divisi Infanteri 2 Kostrad untuk merayakan HUT Kostrad ke-56. Terdapat dua kategori lomba yaitu 5K untuk pelajar dan 10K untuk umum serta TNI/Polri. Rute yang digunakan adalah area latihan prajurit Kostrad di Singosari, Malang.",
  "benefit_peserta": [
    "Meningkatkan kesehatan dan kebugaran",
    "Kesempatan untuk berkompetisi",
    "Hadiah menarik bagi pemenang"
  ],
  "lokasi": "Markas Divisi Infanteri 2 Kostrad, Singosari, Malang",
  "kota": "Malang",
  "tanggal_event": "2017-04-09",
  "kontak_event": {
    "Instagram": [],
    "WhatsApp": "081216721983",
    "Email": "kontak@indonesiamarathon.com",
    "Website": "www.indonesiamarathon.com"
  },
  "biaya_registrasi": {
    "5K": "Rp. 50.000,-",
    "10K": "Rp. 100.000,-"
  },
  "kategori": [
    "5K",
    "10K"
  ],
  "jenis_event": "road run"
}