{
  "image": "-",
  "judul": "Charity Run Fest 2017",
  "isi_informasi": "Charity Run Fest 2017 adalah inisiatif untuk meningkatkan kesadaran akan pencegahan kanker di Indonesia. Acara ini merupakan bagian dari perayaan ulang tahun Gerai Sehat Rorotan yang ke-2, menawarkan kesempatan untuk beramal melalui kegiatan lari yang sehat dan menyenangkan.",
  "benefit_peserta": [
    "Pengalaman beramal",
    "Aktivitas olahraga yang sehat",
    "Kesadaran akan pencegahan kanker"
  ],
  "lokasi": "Tidak tercantum",
  "kota": "Tidak tercantum",
  "tanggal_event": "2017-01-01",
  "kontak_event": {
    "Instagram": [],
    "WhatsApp": "081210334571",
    "Email": "kontak@indonesiamarathon.com",
    "Website": "www.indonesiamarathon.com"
  },
  "biaya_registrasi": "Tidak tercantum",
  "kategori": [
    "5K",
    "10K"
  ],
  "jenis_event": "road run"
}