{
  "image": "-",
  "judul": "Charathon 2017",
  "isi_informasi": "Sekolah Harapan Bangsa bekerja sama dengan Happy Heart Fund Indonesia menyelenggarakan CHARATHON 2017 dengan tema 'Running for Charity'. Dana yang terkumpul akan disalurkan untuk pembangunan sekolah-sekolah di bagian Timur Indonesia.",
  "benefit_peserta": [
    "Mendukung pembangunan sekolah di Timur Indonesia"
  ],
  "lokasi": "Sekolah Harapan Bangsa - Modernland, Jl. Hartono Raya, Modernland - Tangerang",
  "kota": "Tangerang",
  "tanggal_event": "2017-01-01",
  "kontak_event": {
    "Instagram": [],
    "WhatsApp": "0812 119 911",
    "Email": "kontak@indonesiamarathon.com",
    "Website": "www.indonesiamarathon.com"
  },
  "biaya_registrasi": "Tidak tercantum",
  "kategori": [
    "7,2 km"
  ],
  "jenis_event": "road run"
}