{
  "image": "-",
  "judul": "Cheers Trail Run 2017",
  "isi_informasi": "Informasi lebih lanjut mengenai Cheers Trail Run 2017 dapat ditemukan di situs resmi. Jika terdapat ketidakakuratan atau perubahan terkait lomba, silakan hubungi kami.",
  "benefit_peserta": [
    "Kesempatan untuk berkompetisi di lintasan alam",
    "Meningkatkan kebugaran fisik",
    "Bertemu dengan komunitas pelari"
  ],
  "lokasi": "Tidak tercantum",
  "kota": "Tidak tercantum",
  "tanggal_event": "2017-01-01",
  "kontak_event": {
    "Instagram": [],
    "WhatsApp": "0812 119 911",
    "Email": "kontak@indonesiamarathon.com",
    "Website": "www.indonesiamarathon.com"
  },
  "biaya_registrasi": "Tidak tercantum",
  "kategori": [],
  "jenis_event": "trail run"
}