{
  "image": "-",
  "judul": "Chubby Run: CHange U Be Better You",
  "isi_informasi": "Chubby Run: CHange U Be Better You adalah acara yang diselenggarakan oleh PT. Chubb Life Insurance Indonesia bekerja sama dengan WeeRun.ID untuk mempromosikan gaya hidup sehat. Acara ini juga bertujuan menggalang dana untuk Yayasan Abdi Kasih, yang berfokus pada pencegahan penyakit menular seksual dan pemberdayaan wanita serta anak-anak. Terdapat lomba lari 5K dan kids dash yang akan diadakan pada 26 November 2017 di Ciputra Waterpark, Surabaya, dengan berbagai kompetisi dan door prize menarik. Setiap peserta akan mendapatkan jersey, goodie bag, dan medali finisher.",
  "benefit_peserta": [
    "Jersey lari",
    "Goodie bag",
    "Medali finisher",
    "Hadiah finisher untuk anak-anak"
  ],
  "lokasi": "Ciputra Waterpark, Surabaya",
  "kota": "Surabaya",
  "tanggal_event": "2017-11-26",
  "kontak_event": {
    "Instagram": [],
    "WhatsApp": "+62 81330733073",
    "Email": "kontak@indonesiamarathon.com",
    "Website": "www.indonesiamarathon.com"
  },
  "biaya_registrasi": "Tidak tercantum",
  "kategori": [
    "5K",
    "Kids Dash 1K"
  ],
  "jenis_event": "road run"
}