{
  "image": "-",
  "judul": "Cikentang Challenge 18,158K",
  "isi_informasi": "Cikentang Challenge adalah lomba lari sejauh 18,158K yang melintasi perkampungan sejuk di Cikentang. Acara ini dijadwalkan pada Minggu, 7 Mei 2017, dengan start dan finish di Boulevard Citraland Puri Serang, berlangsung dari pukul 05.00 hingga 10.30 WIB. Lomba ini bersifat self support, kompetitif, dan menyenangkan.",
  "benefit_peserta": [
    "Pengalaman berlari di rute yang indah",
    "Kesempatan untuk berkompetisi",
    "Aktivitas yang menyenangkan"
  ],
  "lokasi": "Boulevard Citraland Puri Serang",
  "kota": "Serang",
  "tanggal_event": "2017-05-07",
  "kontak_event": {
    "Instagram": [],
    "WhatsApp": "+62 882-1013-4204",
    "Email": "kontak@indonesiamarathon.com",
    "Website": "www.indonesiamarathon.com"
  },
  "biaya_registrasi": "Tidak tercantum",
  "kategori": [
    "18K"
  ],
  "jenis_event": "road run"
}