{
  "image": "-",
  "judul": "Cikidang Trail: Jungle Marathon Indonesia 2017",
  "isi_informasi": "Cikidang Trail adalah lomba lari alam yang berlangsung pada 17 Desember 2017, melintasi perkebunan teh, kelapa sawit, dan karet di Cikidang Golf & Resort, Sukabumi, Jawa Barat. Total hadiah mencapai Rp 11.000.000. Terdapat tiga kategori jarak: 42 Km (Rp 400.000), 21 Km (Rp 350.000), dan 5 Km Family (Rp 450.000). Peserta akan mendapatkan medali, finisher T-shirt, makan siang, kelapa muda, dan akses gratis ke kolam renang. Komunitas yang mendaftar 20 peserta akan mendapatkan 4 slot gratis. Diskon 30% untuk penginapan di Cikidang Resort bagi peserta.",
  "benefit_peserta": [
    "Medali",
    "Finisher T-shirt",
    "Makan siang",
    "Kelapa muda",
    "Akses gratis kolam renang"
  ],
  "lokasi": "Cikidang Golf & Resort, Sukabumi, Jawa Barat",
  "kota": "Sukabumi",
  "tanggal_event": "2017-12-17",
  "kontak_event": {
    "Instagram": [],
    "WhatsApp": "+6281286611962",
    "Email": "kontak@indonesiamarathon.com",
    "Website": "www.indonesiamarathon.com"
  },
  "biaya_registrasi": {
    "42K": "Rp 400.000",
    "21K": "Rp 350.000",
    "5K": "Rp 450.000"
  },
  "kategori": [
    "42K",
    "21K",
    "5K"
  ],
  "jenis_event": "trail run"
}