{
  "image": "-",
  "judul": "Ciremai Trail Run 2017",
  "isi_informasi": "Ciremai Trail Run 2017 adalah event lari yang diselenggarakan oleh komunitas Cirebon Runners (CORE) pada 6 Agustus 2017 di Cibeureum, Kuningan. Event ini menarik perhatian penggemar trail run di Indonesia dengan diikuti sekitar 400 peserta dari berbagai kota, menawarkan kategori jarak 15 km, 25 km, dan 30 km Summit. Keindahan Gunung Ciremai menjadi daya tarik utama. Selain itu, event ini dikenal dengan keramahan dan penyediaan makanan serta minuman di sepanjang jalur dan di akhir lomba.",
  "benefit_peserta": [
    "Pengalaman lari di jalur yang indah",
    "Sajian makanan dan minuman di jalur lomba",
    "Keramahan penyelenggara"
  ],
  "lokasi": "Cibeureum, Kuningan",
  "kota": "Kuningan",
  "tanggal_event": "2017-08-06",
  "kontak_event": {
    "Instagram": [],
    "WhatsApp": "+62 87729403357",
    "Email": "kontak@indonesiamarathon.com",
    "Website": "www.indonesiamarathon.com"
  },
  "biaya_registrasi": "Tidak tercantum",
  "kategori": [
    "Trail Run 15K",
    "Trail Run 25K",
    "Trail Run 30K Summit"
  ],
  "jenis_event": "trail run"
}