{
  "image": "-",
  "judul": "Cita Hati T-RUNforMISSION",
  "isi_informasi": "Ikuti acara penggalangan dana 'T-RUNforMISSION' bersama Cita Hati Elementary School di Surabaya.",
  "benefit_peserta": [
    "Kaos",
    "Medali",
    "Makanan dan minuman"
  ],
  "lokasi": "Cita Hati Elementary School East Campus, Jl Kejawan Putih Barat No. 26, Surabaya",
  "kota": "Surabaya",
  "tanggal_event": "2017-10-21",
  "kontak_event": {
    "Instagram": [],
    "WhatsApp": "081227559590",
    "Email": "kontak@indonesiamarathon.com",
    "Website": "www.indonesiamarathon.com"
  },
  "biaya_registrasi": {
    "early_bird": "IDR 150,000"
  },
  "kategori": [
    "2K",
    "5K"
  ],
  "jenis_event": "road run"
}