{
  "image": "-",
  "judul": "2XU Compression Run Jakarta 2015",
  "isi_informasi": "Event ini menawarkan kategori jarak 21K (Half Marathon), 10K, dan 5K. Setiap peserta akan mendapatkan kaos lomba 2XU, medali penamat bagi yang menyelesaikan lomba, dan kaos penamat khusus untuk peserta Half Marathon. Pendaftaran dibuka mulai 1 Juli 2015.",
  "benefit_peserta": [
    "Kaos lomba 2XU",
    "Medali penamat",
    "Kaos penamat untuk peserta Half Marathon"
  ],
  "lokasi": "Tidak tercantum",
  "kota": "Jakarta",
  "tanggal_event": "2015-01-01",
  "kontak_event": {
    "Instagram": [],
    "WhatsApp": "0812 119 911",
    "Email": "kontak@indonesiamarathon.com",
    "Website": "www.indonesiamarathon.com"
  },
  "biaya_registrasi": "Tidak tercantum",
  "kategori": [
    "21K",
    "10K",
    "5K"
  ],
  "jenis_event": "road run"
}