{
  "image": "-",
  "judul": "5K Ballon Run & Foam 2015",
  "isi_informasi": "Event lari pertama di Riau yang menggabungkan foam dan balon berwarna-warni di setiap titik. Terdapat 10 rintangan yang akan memacu peserta, yang disebut Foamers & Balloners, untuk berlari dan bermain dengan foam dan balon. Rute 5K ini melewati kawasan Ibu Kota Pekanbaru. Acara puncak akan dimeriahkan oleh DJ terkenal dan penampilan dangdut. Terdapat juga berbagai permainan dan bazaar makanan serta produk lainnya.",
  "benefit_peserta": [
    "Pengalaman berlari yang unik dengan foam dan balon",
    "Kesempatan untuk bermain dan bersenang-senang",
    "Hiburan dari DJ dan penampilan dangdut",
    "Berbagai hadiah menarik"
  ],
  "lokasi": "Lapangan Asrama Pancasila, Pekanbaru",
  "kota": "Pekanbaru",
  "tanggal_event": "2015-10-04",
  "kontak_event": {
    "Instagram": [
      "BallonRunAndFoam"
    ],
    "WhatsApp": "0823 8323 8000",
    "Email": "kontak@indonesiamarathon.com",
    "Website": "www.indonesiamarathon.com"
  },
  "biaya_registrasi": {
    "Student": "Rp 50.000,-",
    "Open Class": "Rp 100.000,-",
    "Family Run": "Rp 200.000,-"
  },
  "kategori": [
    "5K"
  ],
  "jenis_event": "road run"
}