{
  "image": "-",
  "judul": "AIA Twin Run",
  "isi_informasi": "AIA mengundang Anda untuk berlari dalam acara Twin Run, sebuah lari sejauh 2 KM yang penuh tantangan dan keseruan. Ajak orang terdekat untuk berlari bersama mengenakan 1 twin shirt sebagai simbol kebersamaan dalam berbagi. Setiap pasangan yang menyelesaikan lomba akan membantu mendonasikan Rp. 400.000,- untuk pasien kanker anak melalui Yayasan Pita Kuning Anak Indonesia.",
  "benefit_peserta": [
    "Berpartisipasi dalam kegiatan amal",
    "Mendapatkan pengalaman berlari yang menyenangkan",
    "Mendukung pasien kanker anak"
  ],
  "lokasi": "Plaza Utara GBK Senayan",
  "kota": "Jakarta",
  "tanggal_event": "2015-05-17",
  "kontak_event": {
    "Instagram": [
      "@AIAasuransi"
    ],
    "WhatsApp": "0812 119 911",
    "Email": "kontak@indonesiamarathon.com",
    "Website": "www.indonesiamarathon.com"
  },
  "biaya_registrasi": "Tidak tercantum",
  "kategori": [
    "2K"
  ],
  "jenis_event": "road run"
}