{
  "image": "-",
  "judul": "Air Asia Bali Beach Run 2015",
  "isi_informasi": "Air Asia Bali Beach Run 2015 menawarkan kategori jarak 10K, 5K fun run, dan 2.5K fun run.",
  "benefit_peserta": [
    "Kesempatan berlari di pantai Bali",
    "Pengalaman berkompetisi di acara lari yang menyenangkan"
  ],
  "lokasi": "Beachwalk - Petitenget - Beachwalk, Bali",
  "kota": "Bali",
  "tanggal_event": "2015-01-01",
  "kontak_event": {
    "Instagram": [],
    "WhatsApp": "0812 119 911",
    "Email": "kontak@indonesiamarathon.com",
    "Website": "www.indonesiamarathon.com"
  },
  "biaya_registrasi": "Tidak tercantum",
  "kategori": [
    "10K",
    "5K",
    "2.5K"
  ],
  "jenis_event": "road run"
}