{
  "image": "-",
  "judul": "All Eyes To ICE Run",
  "isi_informasi": "All Eyes to ICE Run diadakan untuk merayakan pembukaan Indonesia Convention Center. Ikuti lomba unik ini dengan berbagai rintangan yang membuat lari lebih menyenangkan! Daftar sekarang untuk memastikan tempat Anda.",
  "benefit_peserta": [
    "Pengalaman lari yang menyenangkan",
    "Kesempatan untuk berpartisipasi dalam acara pembukaan",
    "Rintangan yang menambah tantangan"
  ],
  "lokasi": "Epicentrum, Epiwalk Kawasan Rasuna Epicentrum Jl. HR. Rasuna Said, Jakarta 12940",
  "kota": "Jakarta",
  "tanggal_event": "2015-08-02",
  "kontak_event": {
    "Instagram": [],
    "WhatsApp": "0812 119 911",
    "Email": "kontak@indonesiamarathon.com",
    "Website": "www.indonesiamarathon.com"
  },
  "biaya_registrasi": "Rp 165,000",
  "kategori": [
    "5K",
    "10K"
  ],
  "jenis_event": "road run"
}