{
  "image": "-",
  "judul": "Angkasa Pura Airport Running Series #1",
  "isi_informasi": "Dalam rangka merayakan ulang tahun ke-52 Angkasa Pura Airports dan mendukung pengembangan pariwisata di Indonesia Timur, Angkasa Pura Airports mempersembahkan Airport Running Series 2015-2016. Perlombaan ini akan diadakan pada 20 Desember 2015 di Bandar Udara Internasional Adi Soemarmo – Surakarta, diikuti oleh Selaparang Airport – Lombok pada Januari 2016, El Tari International Airport – Kupang pada Februari 2016, dan diakhiri di Sam Ratulangi International Airport – Manado pada Maret 2016. Terdapat tiga kategori lomba yaitu 10K, 5K, dan 2,5K dengan waktu start yang berbeda. Total hadiah mencapai lebih dari seratus tiga puluh miliar rupiah, dan perlombaan akan menggunakan bib RFID. Salah satu seri perlombaan akan diadakan di landasan pacu Selaparang Airport, menjadi yang pertama dan satu-satunya perlombaan yang diadakan di landasan pacu bandara di Indonesia.",
  "benefit_peserta": [
    "Kesempatan memenangkan hadiah total lebih dari seratus tiga puluh miliar rupiah",
    "Pengalaman unik berlari di landasan pacu bandara",
    "Penggunaan bib RFID untuk pelacakan peserta"
  ],
  "lokasi": "Bandar Udara Internasional Adi Soemarmo",
  "kota": "Surakarta",
  "tanggal_event": "2015-12-20",
  "kontak_event": {
    "Instagram": [],
    "WhatsApp": "0812 119 911",
    "Email": "kontak@indonesiamarathon.com",
    "Website": "www.indonesiamarathon.com"
  },
  "biaya_registrasi": "Rp. 150.000",
  "kategori": [
    "10K",
    "5K",
    "2.5K"
  ],
  "jenis_event": "road run"
}