{
  "image": "-",
  "judul": "ANYO Gold Ribbon Charity Run 2015",
  "isi_informasi": "ANYO Gold Ribbon Charity Run 2015 diselenggarakan untuk memperingati Hari Kanker Anak Sedunia. Yayasan ANYO Indonesia (YAI) mengadakan lomba lari amal ini untuk mendukung kampanye GOLD RIBBON sebagai simbol Kanker Anak, dengan fokus tahun ini pada Kanker pada Bola Mata (Retinoblastoma).",
  "benefit_peserta": [
    "Mendukung kampanye kesadaran tentang kanker anak",
    "Berpartisipasi dalam acara amal"
  ],
  "lokasi": "Tidak tercantum",
  "kota": "Tidak tercantum",
  "tanggal_event": "2015-04-20",
  "kontak_event": {
    "Instagram": [],
    "WhatsApp": "0812 119 911",
    "Email": "kontak@indonesiamarathon.com",
    "Website": "www.indonesiamarathon.com"
  },
  "biaya_registrasi": "Tidak tercantum",
  "kategori": [],
  "jenis_event": "road run"
}