{
  "image": "-",
  "judul": "Arkheo Fun Run Ragunan",
  "isi_informasi": "Arkheo 5K Ragunan adalah acara lari pertama yang diselenggarakan oleh Perkantoran Hijau Arkadia di kebun binatang Ragunan, Jakarta Selatan. Mari rayakan olahraga, kerja sama, persatuan, kesehatan, dan ekologi melalui lintasan jalan pedesaan sejauh 5 km di sekitar kebun binatang tertua dan paling terkenal di Indonesia. Perlombaan dimulai pada hari Sabtu, 5 Desember 2015, pukul 07.00 hingga selesai, dengan hadiah menarik bagi tiga finisher teratas dan hadiah untuk setiap peserta.",
  "benefit_peserta": [
    "Hadiah menarik untuk tiga finisher teratas",
    "Hadiah untuk setiap peserta"
  ],
  "lokasi": "Kebun Binatang Ragunan, Jakarta Selatan",
  "kota": "Jakarta Selatan",
  "tanggal_event": "2015-12-05",
  "kontak_event": {
    "Instagram": [],
    "WhatsApp": "0812 119 911",
    "Email": "kontak@indonesiamarathon.com",
    "Website": "www.indonesiamarathon.com"
  },
  "biaya_registrasi": "Tidak tercantum",
  "kategori": [
    "5K"
  ],
  "jenis_event": "road run"
}