{
  "image": "-",
  "judul": "BajakJKT: Nike We Run Jakarta 2015",
  "isi_informasi": "BAJAKJKT 21K adalah lomba lari kategori tunggal pertama di Indonesia yang akan diadakan pada Sabtu malam, 19 Desember 2015. Ini merupakan edisi ketiga dari lomba lari Nike di Indonesia, yang menantang pelari dari semua tingkatan, termasuk pemula, untuk berlari sejauh 21 kilometer.",
  "benefit_peserta": [
    "Kesempatan untuk berlari 21K",
    "Tantangan bagi pelari pemula dan berpengalaman",
    "Pengalaman lari yang menyenangkan"
  ],
  "lokasi": "Tidak tercantum",
  "kota": "Jakarta",
  "tanggal_event": "2015-12-19",
  "kontak_event": {
    "Instagram": [],
    "WhatsApp": "0812 119 911",
    "Email": "kontak@indonesiamarathon.com",
    "Website": "www.indonesiamarathon.com"
  },
  "biaya_registrasi": {
    "25 tahun ke atas": "Rp. 400,000",
    "di bawah 25 tahun": "Rp. 300,000"
  },
  "kategori": [
    "21K"
  ],
  "jenis_event": "road run"
}