{
  "image": "-",
  "judul": "Bali International Triathlon 2015",
  "isi_informasi": "Informasi lebih lanjut mengenai Bali International Triathlon 2015 dapat ditemukan di situs resmi. Jika terdapat perubahan atau informasi yang tidak akurat, mohon untuk menghubungi kami.",
  "benefit_peserta": [
    "Kesempatan berkompetisi di event internasional",
    "Mendapatkan pengalaman berlari di Bali",
    "Meningkatkan kebugaran dan kesehatan"
  ],
  "lokasi": "Tidak tercantum",
  "kota": "Bali",
  "tanggal_event": "2015-01-01",
  "kontak_event": {
    "Instagram": [],
    "WhatsApp": "0812 119 911",
    "Email": "kontak@indonesiamarathon.com",
    "Website": "www.indonesiamarathon.com"
  },
  "biaya_registrasi": "Tidak tercantum",
  "kategori": [
    "Tidak tercantum"
  ],
  "jenis_event": "road run"
}