{
  "image": "-",
  "judul": "Bali Green Run 2015",
  "isi_informasi": "Bali Green Run 2015 akan diadakan di Elephant Safari Park & Lodge, Tegallalang, Ubud, Bali pada hari Minggu, 31 Mei 2015. Terdapat kategori 13K dan 6K.",
  "benefit_peserta": [
    "Kesempatan berlari di lokasi yang indah",
    "Meningkatkan kebugaran",
    "Berkumpul dengan komunitas lari"
  ],
  "lokasi": "Elephant Safari Park & Lodge, Tegallalang, Ubud, Bali",
  "kota": "Ubud",
  "tanggal_event": "2015-05-31",
  "kontak_event": {
    "Instagram": [],
    "WhatsApp": "0812 119 911",
    "Email": "kontak@indonesiamarathon.com",
    "Website": "www.indonesiamarathon.com"
  },
  "biaya_registrasi": "Tidak tercantum",
  "kategori": [
    "13K",
    "6K"
  ],
  "jenis_event": "road run"
}