{
  "image": "-",
  "judul": "Bali Hope for Life",
  "isi_informasi": "Bali Hope for Life adalah lomba lari dengan kategori jarak 5K. Informasi lebih lanjut dan pendaftaran dapat dilakukan melalui situs resmi.",
  "benefit_peserta": [
    "Kesempatan berpartisipasi dalam acara lari",
    "Mendukung tujuan amal"
  ],
  "lokasi": "Tidak tercantum",
  "kota": "Tidak tercantum",
  "tanggal_event": "Tidak tercantum",
  "kontak_event": {
    "Instagram": [],
    "WhatsApp": "0812 119 911",
    "Email": "kontak@indonesiamarathon.com",
    "Website": "www.indonesiamarathon.com"
  },
  "biaya_registrasi": "Tidak tercantum",
  "kategori": [
    "5K"
  ],
  "jenis_event": "road run"
}