{
  "image": "-",
  "judul": "Balikpapan 10K 2015",
  "isi_informasi": "Event lari Balikpapan 10K 2015 menawarkan kategori jarak 10K dengan biaya registrasi gratis. Peserta dapat menghubungi panitia melalui email atau telepon untuk informasi lebih lanjut.",
  "benefit_peserta": [
    "Biaya registrasi gratis",
    "Kesempatan berpartisipasi dalam event lari"
  ],
  "lokasi": "Jl. Telaga Sari No. 59 Balikpapan (Sekretariat KONI Kota Balikpapan)",
  "kota": "Balikpapan",
  "tanggal_event": "2015-01-01",
  "kontak_event": {
    "Instagram": [],
    "WhatsApp": "0812 119 911",
    "Email": "info@ayolari.in",
    "Website": "www.indonesiamarathon.com"
  },
  "biaya_registrasi": "Gratis",
  "kategori": [
    "10K"
  ],
  "jenis_event": "road run"
}