{
  "image": "-",
  "judul": "BII-Maybank Bali Marathon 2015",
  "isi_informasi": "Informasi dan registrasi dapat diakses melalui situs resmi.",
  "benefit_peserta": [
    "Kesempatan berlari di Bali",
    "Pengalaman berkompetisi di acara internasional"
  ],
  "lokasi": "Tidak tercantum",
  "kota": "Bali",
  "tanggal_event": "2015-01-01",
  "kontak_event": {
    "Instagram": [],
    "WhatsApp": "0812 119 911",
    "Email": "kontak@indonesiamarathon.com",
    "Website": "www.indonesiamarathon.com"
  },
  "biaya_registrasi": "Tidak tercantum",
  "kategori": [],
  "jenis_event": "road run"
}