{
  "image": "-",
  "judul": "bipolaRun",
  "isi_informasi": "Event lari bipolaRun akan dilaksanakan di Kampus A Fakultas Kedokteran Universitas Airlangga, Surabaya.",
  "benefit_peserta": [
    "Kesempatan berolahraga",
    "Mendapatkan pengalaman berkompetisi",
    "Mendukung kesehatan mental"
  ],
  "lokasi": "Kampus A Fakultas Kedokteran Universitas Airlangga, Jalan Prof. Dr. Moestopo no 47, Surabaya",
  "kota": "Surabaya",
  "tanggal_event": "2025-01-19",
  "kontak_event": {
    "Instagram": [],
    "WhatsApp": "081334536232",
    "Email": "kontak@indonesiamarathon.com",
    "Website": "www.indonesiamarathon.com"
  },
  "biaya_registrasi": {
    "Umum": "Rp.100.000",
    "Pelajar/mahasiswa": "Rp.50.000"
  },
  "kategori": [
    "5K"
  ],
  "jenis_event": "road run"
}