{
  "image": "-",
  "judul": "Borobudur International 10K & Half Marathon 2015",
  "isi_informasi": "Event ini menawarkan kategori jarak 10K dan 21K. Untuk informasi lebih lanjut dan pendaftaran, kunjungi situs resmi.",
  "benefit_peserta": [
    "Kesempatan berlari di lokasi bersejarah",
    "Meningkatkan kebugaran",
    "Bertemu dengan pelari lain"
  ],
  "lokasi": "Tidak tercantum",
  "kota": "Tidak tercantum",
  "tanggal_event": "2015-01-01",
  "kontak_event": {
    "Instagram": [],
    "WhatsApp": "0812 119 911",
    "Email": "kontak@indonesiamarathon.com",
    "Website": "www.indonesiamarathon.com"
  },
  "biaya_registrasi": "Tidak tercantum",
  "kategori": [
    "10K",
    "21K"
  ],
  "jenis_event": "road run"
}