{
  "image": "-",
  "judul": "Bosowa Half Marathon 2015",
  "isi_informasi": "Pendaftaran untuk Bosowa Half Marathon 2015 dibuka dari 10 Januari hingga 22 Februari 2015, baik secara online maupun offline. Peserta yang mendaftar sebelum 10 Februari 2015 akan mendapatkan nomor lomba (BIB) yang mencantumkan nama. Pendaftaran ditutup pada 22 Februari 2015 pukul 23.59 Wita.",
  "benefit_peserta": [
    "Nomor lomba dengan nama peserta bagi yang mendaftar sebelum 10 Februari"
  ],
  "lokasi": "Tidak tercantum",
  "kota": "Tidak tercantum",
  "tanggal_event": "2015-02-22",
  "kontak_event": {
    "Instagram": [],
    "WhatsApp": "0812 119 911",
    "Email": "kontak@indonesiamarathon.com",
    "Website": "www.indonesiamarathon.com"
  },
  "biaya_registrasi": "Tidak tercantum",
  "kategori": [
    "5K",
    "10K",
    "21K"
  ],
  "jenis_event": "road run"
}