{
  "image": "-",
  "judul": "Bromo Marathon 2015",
  "isi_informasi": "Bromo Marathon 2015 akan diselenggarakan di Bromo. Untuk informasi lebih lanjut dan pendaftaran, kunjungi http://bromomarathon.com.",
  "benefit_peserta": [
    "Kesempatan berlari di lokasi yang indah",
    "Meningkatkan kebugaran",
    "Bertemu dengan komunitas lari"
  ],
  "lokasi": "Bromo",
  "kota": "Bromo",
  "tanggal_event": "2015-01-01",
  "kontak_event": {
    "Instagram": [],
    "WhatsApp": "0812 119 911",
    "Email": "kontak@indonesiamarathon.com",
    "Website": "www.indonesiamarathon.com"
  },
  "biaya_registrasi": "Tidak tercantum",
  "kategori": [
    "trail run"
  ],
  "jenis_event": "trail run"
}