{
  "image": "-",
  "judul": "CC5K #almamaterun",
  "isi_informasi": "Event lari CC5K #almamaterun menawarkan kategori jarak 5K. Untuk informasi lebih lanjut dan pendaftaran, kunjungi http://alumnikanisius.org/run/.",
  "benefit_peserta": [
    "Kesempatan untuk berpartisipasi dalam acara lari",
    "Mendapatkan informasi terbaru tentang lomba",
    "Berinteraksi dengan komunitas lari"
  ],
  "lokasi": "Tidak tercantum",
  "kota": "Tidak tercantum",
  "tanggal_event": "Tidak tercantum",
  "kontak_event": {
    "Instagram": [],
    "WhatsApp": "0812 119 911",
    "Email": "kontak@indonesiamarathon.com",
    "Website": "www.indonesiamarathon.com"
  },
  "biaya_registrasi": "Tidak tercantum",
  "kategori": [
    "5K"
  ],
  "jenis_event": "road run"
}