{
  "image": "-",
  "judul": "Cibubur Colortastic Run",
  "isi_informasi": "Cibubur Colortastic Run adalah lomba lari dengan kategori jarak 5K. Registrasi dapat dilakukan secara online melalui www.ColortasticRun.com atau secara langsung di beberapa lokasi setiap hari Minggu.",
  "benefit_peserta": [
    "Kesempatan untuk berpartisipasi dalam acara lari",
    "Mendapatkan pengalaman berlari di lingkungan yang menyenangkan"
  ],
  "lokasi": "Bumi Perkemahan Cibubur, SOS depan Cibubur Junction, Taman Kencana Bogor, Kantor Marketing Kota Wisata Cibubur",
  "kota": "Cibubur",
  "tanggal_event": "Tidak tercantum",
  "kontak_event": {
    "Instagram": [],
    "WhatsApp": "021-8756078",
    "Email": "kontak@indonesiamarathon.com",
    "Website": "www.indonesiamarathon.com"
  },
  "biaya_registrasi": "Tidak tercantum",
  "kategori": [
    "5K"
  ],
  "jenis_event": "road run"
}