{
  "image": "-",
  "judul": "CollaboRUNtion 5K",
  "isi_informasi": "Event lari CollaboRUNtion 5K akan diadakan di Delta Plaza, Surabaya. Untuk informasi lebih lanjut, kunjungi situs resmi.",
  "benefit_peserta": [
    "Kesempatan berolahraga",
    "Meningkatkan kesehatan",
    "Bertemu komunitas lari"
  ],
  "lokasi": "Delta Plaza, Surabaya",
  "kota": "Surabaya",
  "tanggal_event": "2025-01-19",
  "kontak_event": {
    "Instagram": [],
    "WhatsApp": "0812 119 911",
    "Email": "kontak@indonesiamarathon.com",
    "Website": "www.indonesiamarathon.com"
  },
  "biaya_registrasi": "Tidak tercantum",
  "kategori": [
    "5K"
  ],
  "jenis_event": "road run"
}