{
  "image": "-",
  "judul": "Combi Run 2015",
  "isi_informasi": "Combiphar mengadakan event tahunan COMBI RUN pada Minggu, 13 September 2015 di The Flavor Bliss - Alam Sutera Tangerang. Event ini mencakup kategori 10K tertutup, 5K tertutup, serta Kids Dash dengan dua kategori jarak: 500 M untuk anak usia 6-8 tahun dan 1,5K untuk anak usia 9-11 tahun. Acara ini terbuka untuk Warga Negara Indonesia dan Warga Negara Asing, bertujuan untuk mendorong masyarakat hidup lebih aktif dan sehat.",
  "benefit_peserta": [
    "Jersey eksklusif COMBI RUN 2015 dengan UPF 30+",
    "Flexible Running Pocket Combiphar",
    "BIB No.",
    "Chip pencatat waktu",
    "Race bag",
    "Buku panduan lomba",
    "Gimmick dari Sponsor",
    "Hadiah menarik bagi pemenang podium",
    "Medali penamat bagi peserta yang berhasil menyelesaikan lomba"
  ],
  "lokasi": "The Flavor Bliss - Alam Sutera, Tangerang",
  "kota": "Tangerang",
  "tanggal_event": "2015-09-13",
  "kontak_event": {
    "Instagram": [],
    "WhatsApp": "0812 119 911",
    "Email": "kontak@indonesiamarathon.com",
    "Website": "www.indonesiamarathon.com"
  },
  "biaya_registrasi": "Tidak tercantum",
  "kategori": [
    "10K",
    "5K",
    "Kids Dash"
  ],
  "jenis_event": "road run"
}