{
  "image": "-",
  "judul": "Consina Fun Trail",
  "isi_informasi": "Consina Fun Trail akan diadakan di Bumi Geulis Camp, dengan kategori jarak 5K dan 10K.",
  "benefit_peserta": [
    "Kesempatan untuk berolahraga di alam terbuka",
    "Meningkatkan kebugaran fisik",
    "Bertemu dengan komunitas lari"
  ],
  "lokasi": "Bumi Geulis Camp, Jl. raya golf gunung geulis, Gadog, Bogor - Jawa Barat",
  "kota": "Bogor",
  "tanggal_event": "Tidak tercantum",
  "kontak_event": {
    "Instagram": [],
    "WhatsApp": "0812 119 911",
    "Email": "kontak@indonesiamarathon.com",
    "Website": "www.indonesiamarathon.com"
  },
  "biaya_registrasi": "Tidak tercantum",
  "kategori": [
    "5K",
    "10K"
  ],
  "jenis_event": "trail run"
}