{
  "image": "-",
  "judul": "Electro Run 2015",
  "isi_informasi": "Electro Run 2015 adalah lomba lari dengan kategori jarak 5K yang akan diadakan di Ancol, Jakarta.",
  "benefit_peserta": [
    "Kesempatan untuk berolahraga",
    "Bertemu dengan komunitas lari",
    "Mendapatkan pengalaman berlari di lokasi yang menarik"
  ],
  "lokasi": "Ancol, Jakarta",
  "kota": "Jakarta",
  "tanggal_event": "2015-01-01",
  "kontak_event": {
    "Instagram": [],
    "WhatsApp": "0812 119 911",
    "Email": "kontak@indonesiamarathon.com",
    "Website": "www.indonesiamarathon.com"
  },
  "biaya_registrasi": "Tidak tercantum",
  "kategori": [
    "5K"
  ],
  "jenis_event": "road run"
}