{
  "image": "-",
  "judul": "ENCORE (Energetic Color Run Event)",
  "isi_informasi": "ENCORE adalah acara lari dengan kategori 5K fun run yang berlangsung di Kompleks Halim, Jakarta Timur.",
  "benefit_peserta": [
    "Kesempatan berolahraga",
    "Mendapatkan pengalaman berlari yang menyenangkan",
    "Bertemu dengan komunitas lari"
  ],
  "lokasi": "Kompleks Halim, Jakarta Timur",
  "kota": "Jakarta Timur",
  "tanggal_event": "Tidak tercantum",
  "kontak_event": {
    "Instagram": [
      "@encore_15"
    ],
    "WhatsApp": "081285459892",
    "Email": "kontak@indonesiamarathon.com",
    "Website": "www.indonesiamarathon.com"
  },
  "biaya_registrasi": "Tidak tercantum",
  "kategori": [
    "5K"
  ],
  "jenis_event": "fun run"
}