{
  "image": "-",
  "judul": "enviRUNment",
  "isi_informasi": "Acara lari bertema kostum ini diadakan untuk merayakan Hari Lingkungan Hidup Sedunia 2015, diprakarsai oleh organisasi nirlaba yang fokus pada isu lingkungan.",
  "benefit_peserta": [
    "Meningkatkan kesadaran lingkungan",
    "Kesempatan berolahraga sambil berdandan",
    "Bertemu dengan komunitas pecinta lingkungan"
  ],
  "lokasi": "Lapangan Banteng, Jakarta",
  "kota": "Jakarta",
  "tanggal_event": "2015-06-05",
  "kontak_event": {
    "Instagram": [],
    "WhatsApp": "0812 119 911",
    "Email": "kontak@indonesiamarathon.com",
    "Website": "www.indonesiamarathon.com"
  },
  "biaya_registrasi": "Tidak tercantum",
  "kategori": [],
  "jenis_event": "road run"
}