{
  "image": "-",
  "judul": "EU on The Move 5K 2015",
  "isi_informasi": "Kategori lomba ini adalah 5K. Untuk informasi lebih lanjut dan pendaftaran, kunjungi http://bit.ly/euonthemove.",
  "benefit_peserta": [
    "Kesempatan berpartisipasi dalam acara lari",
    "Mendapatkan pengalaman berlari yang menyenangkan"
  ],
  "lokasi": "Tidak tercantum",
  "kota": "Tidak tercantum",
  "tanggal_event": "2015-01-01",
  "kontak_event": {
    "Instagram": [],
    "WhatsApp": "0812 119 911",
    "Email": "kontak@indonesiamarathon.com",
    "Website": "www.indonesiamarathon.com"
  },
  "biaya_registrasi": "Tidak tercantum",
  "kategori": [
    "5K"
  ],
  "jenis_event": "road run"
}