{
  "image": "-",
  "judul": "Fashion Festival Run",
  "isi_informasi": "Fashion Festival Run menawarkan kategori jarak 5K dan 2K yang berlangsung di Senayan City, Jakarta Selatan.",
  "benefit_peserta": [
    "Kesempatan berlari di acara bergengsi",
    "Mendapatkan pengalaman berlari yang menyenangkan"
  ],
  "lokasi": "Senayan City, Jakarta Selatan",
  "kota": "Jakarta Selatan",
  "tanggal_event": "Tidak tercantum",
  "kontak_event": {
    "Instagram": [],
    "WhatsApp": "0812 119 911",
    "Email": "kontak@indonesiamarathon.com",
    "Website": "www.indonesiamarathon.com"
  },
  "biaya_registrasi": "Tidak tercantum",
  "kategori": [
    "5K",
    "2K"
  ],
  "jenis_event": "road run"
}