{
  "image": "-",
  "judul": "Foam Festival 5K 2015",
  "isi_informasi": "Foam Festival Indonesia adalah festival lari bertema 5K Fun Run dengan rintangan ringan yang menyenangkan. Peserta dapat berlari, berjalan, menari, dan bermain sejauh 5 KM di tengah busa sabun berwarna-warni. Festival ini terbuka untuk semua usia, dari anak-anak hingga orang dewasa, dengan tujuan mempromosikan gaya hidup sehat secara menyenangkan bersama keluarga. Acara ini juga dimeriahkan oleh penampilan musik dari ALEXA, DJ Yasmin, DJ Winky, dan DJ P. Joana, serta pesta busa tanpa batas dan berbagai permainan.",
  "benefit_peserta": [
    "Mempromosikan gaya hidup sehat",
    "Kesempatan berpartisipasi dalam aktivitas menyenangkan",
    "Hiburan musik dan permainan"
  ],
  "lokasi": "Taman Impian Jaya Ancol, Jakarta",
  "kota": "Jakarta",
  "tanggal_event": "2015-08-02",
  "kontak_event": {
    "Instagram": [],
    "WhatsApp": "0812 119 911",
    "Email": "kontak@indonesiamarathon.com",
    "Website": "www.indonesiamarathon.com"
  },
  "biaya_registrasi": "Tidak tercantum",
  "kategori": [
    "5K"
  ],
  "jenis_event": "fun run"
}