{
  "image": "-",
  "judul": "Fun Run Cyberbullying 2015",
  "isi_informasi": "Fun Run Cyberbullying 2015 adalah acara lari berpasangan yang diadakan sebagai bagian dari Kriminologi Festival 2015. Acara ini bertujuan untuk mengkampanyekan pentingnya dukungan dalam menghadapi cyberbullying. Peserta akan berlari sejauh 5 KM di Boulevard Universitas Indonesia, Depok, sebagai simbol dukungan satu sama lain.",
  "benefit_peserta": [
    "Mendapatkan dukungan dalam menghadapi cyberbullying",
    "Kesempatan untuk berpartisipasi dalam acara sosial",
    "Kejutan bagi pendaftar awal"
  ],
  "lokasi": "Boulevard Universitas Indonesia, Depok",
  "kota": "Depok",
  "tanggal_event": "2015-10-12",
  "kontak_event": {
    "Instagram": [],
    "WhatsApp": "0812 119 911",
    "Email": "kontak@indonesiamarathon.com",
    "Website": "www.indonesiamarathon.com"
  },
  "biaya_registrasi": "Tidak tercantum",
  "kategori": [
    "5K"
  ],
  "jenis_event": "fun run"
}