{
  "image": "-",
  "judul": "Fun Trail Night Run",
  "isi_informasi": "Ikuti fun run trail malam hari untuk menyambut tahun baru 2016 di Gunung Mas, Puncak Bogor. Rute sepanjang 12 km melewati kebun teh, kali, turunan, tanjakan, batu, lumpur, dan jurang. Acara dimulai pukul 22:00 dan berakhir pukul 24:00, dengan medali finisher untuk peserta. Biaya registrasi minimal Rp 50.000.",
  "benefit_peserta": [
    "Medali finisher",
    "Pengalaman lari malam yang unik",
    "Rute yang menantang"
  ],
  "lokasi": "Gunung Mas, Puncak, Bogor",
  "kota": "Bogor",
  "tanggal_event": "2016-01-01",
  "kontak_event": {
    "Instagram": [],
    "WhatsApp": "08571 485 2299",
    "Email": "kontak@indonesiamarathon.com",
    "Website": "www.indonesiamarathon.com"
  },
  "biaya_registrasi": "Minimal Rp 50.000",
  "kategori": [],
  "jenis_event": "trail run"
}