{
  "image": "-",
  "judul": "G10 Runners Fun Trail Run",
  "isi_informasi": "G10 Runners Fun Trail Run adalah lomba lari dengan kategori jarak 5K. Untuk informasi dan pendaftaran, hubungi Beni Yusron di nomor 0811-571-444.",
  "benefit_peserta": [
    "Kesempatan berkompetisi di lintasan trail",
    "Meningkatkan kebugaran",
    "Bertemu dengan komunitas lari"
  ],
  "lokasi": "Tidak tercantum",
  "kota": "Tidak tercantum",
  "tanggal_event": "Tidak tercantum",
  "kontak_event": {
    "Instagram": [],
    "WhatsApp": "0811-571-444",
    "Email": "kontak@indonesiamarathon.com",
    "Website": "www.indonesiamarathon.com"
  },
  "biaya_registrasi": "Tidak tercantum",
  "kategori": [
    "5K"
  ],
  "jenis_event": "trail run"
}