{
  "image": "-",
  "judul": "Garuda Aerorun",
  "isi_informasi": "Garuda Indonesia Earth Hour 2015 mempersembahkan #AERORUN, Run Your Runway! Lomba lari malam 5K di HANGAR GMF AEROASIA hanya untuk 100 pendaftar pertama. Acara berlangsung pada 28 Maret 2015 pukul 18:00.",
  "benefit_peserta": [
    "Kesempatan berlari di lokasi unik",
    "Pengalaman berlari di malam hari",
    "T-shirt eksklusif"
  ],
  "lokasi": "HANGAR GMF AEROASIA",
  "kota": "Jakarta",
  "tanggal_event": "2015-03-28",
  "kontak_event": {
    "Instagram": [],
    "WhatsApp": "0812 119 911",
    "Email": "registrasi@garuda-indonesia.com",
    "Website": "www.indonesiamarathon.com"
  },
  "biaya_registrasi": "Tidak tercantum",
  "kategori": [
    "5K"
  ],
  "jenis_event": "fun run"
}