{
  "image": "-",
  "judul": "Gede Pangrango Marathon 2015",
  "isi_informasi": "Gede Pangrango Marathon 2015 menawarkan kategori jarak 15K, 21K, dan 42K. Untuk informasi lebih lanjut dan pendaftaran, kunjungi situs resmi.",
  "benefit_peserta": [
    "Kesempatan berlari di jalur yang menantang",
    "Mendapatkan pengalaman berkompetisi",
    "Meningkatkan kebugaran"
  ],
  "lokasi": "Tidak tercantum",
  "kota": "Tidak tercantum",
  "tanggal_event": "2015-01-01",
  "kontak_event": {
    "Instagram": [],
    "WhatsApp": "0812 119 911",
    "Email": "kontak@indonesiamarathon.com",
    "Website": "www.indonesiamarathon.com"
  },
  "biaya_registrasi": "Tidak tercantum",
  "kategori": [
    "15K",
    "21K",
    "42K"
  ],
  "jenis_event": "road run"
}