{
  "image": "-",
  "judul": "Gede Pangrango Ultra",
  "isi_informasi": "Gede Pangrango Ultra Marathon dimulai dari Taman Nasional Gede Pangrango, Cibodas. Ini adalah lomba Ultra Sky Trail Running dengan elevasi sekitar 4800 meter dan jarak 45 km, melalui rute Cibodas Botanical Garden - Kandang Badak - Puncak Gunung Pangrango - Taman Edelweiss Mandalawangi - Kandang Badak - Puncak Gunung Gede - Taman Edelweiss Surya Kencana - Gerbang Gunung Putri - Taman Edelweiss Surya Kencana - Cigeber - Taman Edelweiss Surya Kencana - Puncak Gunung Gede - Kandang Badak - Cibodas Botanical Garden, dengan batas waktu total 18 jam. Gede Altitude Run adalah lomba Sky Trail Running dengan jarak 22 km dan elevasi sekitar 2000 meter, melalui rute Cibodas Botanical Garden - Kandang Badak - Puncak Gunung Gede - Taman Edelweiss Surya Kencana - Kandang Badak - Cibodas Botanical Garden, dengan batas waktu total 8 jam.",
  "benefit_peserta": [
    "Pengalaman lari di alam terbuka",
    "Tantangan fisik dan mental",
    "Kesempatan untuk menikmati keindahan alam"
  ],
  "lokasi": "Gede - Pangrango",
  "kota": "Cibodas",
  "tanggal_event": "2025-01-19",
  "kontak_event": {
    "Instagram": [],
    "WhatsApp": "0812 119 911",
    "Email": "kontak@indonesiamarathon.com",
    "Website": "www.indonesiamarathon.com"
  },
  "biaya_registrasi": "Tidak tercantum",
  "kategori": [
    "22K",
    "45K"
  ],
  "jenis_event": "trail run"
}