{
  "image": "-",
  "judul": "Halloween Night 5K Run: Nocte Inferno",
  "isi_informasi": "Bergabunglah dalam Halloween Night 5K Run: Nocte Inferno yang diadakan oleh Swiss German University Event Community pada 31 Oktober 2015, mulai pukul 17.00 hingga selesai. Dapatkan Survival Pack seharga Rp 150.000,- yang mencakup Pass Penutupan dan perlengkapan bertahan hidup. Akan ada penampilan khusus dari DJ Mahesa Utara dan Abdul & The Coffee Theory.",
  "benefit_peserta": [
    "Survival Pack",
    "Pass Penutupan",
    "Perlengkapan bertahan hidup",
    "Penampilan spesial"
  ],
  "lokasi": "Swiss German University",
  "kota": "Swiss German University",
  "tanggal_event": "2015-10-31",
  "kontak_event": {
    "Instagram": [],
    "WhatsApp": "0812 119 911",
    "Email": "kontak@indonesiamarathon.com",
    "Website": "www.indonesiamarathon.com"
  },
  "biaya_registrasi": "Rp 150.000,-",
  "kategori": [
    "5K"
  ],
  "jenis_event": "road run"
}