{
  "image": "-",
  "judul": "HaloFit Run 2015",
  "isi_informasi": "HaloFit Run 2015 menawarkan kategori jarak 10K dan 20K. Pencatatan waktu resmi menggunakan sistem MyLaps®, yang mencatat waktu setiap peserta di setiap kategori dan di titik pengecekan untuk memastikan rute yang dilalui sesuai dengan yang ditetapkan.",
  "benefit_peserta": [
    "Pencatatan waktu yang akurat",
    "Pengalaman berlari yang terorganisir"
  ],
  "lokasi": "Tidak tercantum",
  "kota": "Tidak tercantum",
  "tanggal_event": "2015-01-01",
  "kontak_event": {
    "Instagram": [],
    "WhatsApp": "0812 119 911",
    "Email": "kontak@indonesiamarathon.com",
    "Website": "www.indonesiamarathon.com"
  },
  "biaya_registrasi": "Tidak tercantum",
  "kategori": [
    "10K",
    "20K"
  ],
  "jenis_event": "road run"
}