{
  "image": "-",
  "judul": "Have Fun Go Med Fun Run",
  "isi_informasi": "Have Fun Go Med Fun Run 2015 adalah acara lari terbuka untuk umum yang bertujuan meningkatkan kesadaran akan pentingnya olahraga dalam mencegah Diabetes. Terdapat tiga rute dengan jarak 4K hingga 6K yang dapat dipilih peserta, dan hadiah akan diberikan kepada tiga peserta tercepat.",
  "benefit_peserta": [
    "Meningkatkan kesadaran berolahraga",
    "Kesempatan memenangkan hadiah"
  ],
  "lokasi": "Lapangan Parkir Kampus RIK UI, Depok",
  "kota": "Depok",
  "tanggal_event": "2015-01-01",
  "kontak_event": {
    "Instagram": [],
    "WhatsApp": "08111668803",
    "Email": "kontak@indonesiamarathon.com",
    "Website": "www.indonesiamarathon.com"
  },
  "biaya_registrasi": "Rp 85.000,-",
  "kategori": [
    "4K",
    "6K"
  ],
  "jenis_event": "road run"
}