{
  "image": "-",
  "judul": "Herbalife Nutrition Run 2015",
  "isi_informasi": "Herbalife Run adalah lomba lari yang ditujukan bagi mereka yang menginginkan gaya hidup sehat dan aktif. Peserta dapat menikmati pengalaman berlari sejauh 21K, 10K, dan 5K di udara pagi pantai yang sejuk di Jakarta, sambil merasakan manfaat nutrisi dari Herbalife untuk meningkatkan performa dan pemulihan setelah lomba. Acara ini akan diadakan pada 15 November 2015.",
  "benefit_peserta": [
    "Pengalaman berlari di pantai",
    "Nutrisi dari Herbalife untuk performa lebih baik",
    "Pemulihan cepat setelah lomba"
  ],
  "lokasi": "Ancol, Jakarta Utara",
  "kota": "Jakarta",
  "tanggal_event": "2015-11-15",
  "kontak_event": {
    "Instagram": [],
    "WhatsApp": "0812 119 911",
    "Email": "kontak@indonesiamarathon.com",
    "Website": "www.indonesiamarathon.com"
  },
  "biaya_registrasi": "Tidak tercantum",
  "kategori": [
    "21K",
    "10K",
    "5K",
    "Kid Dash"
  ],
  "jenis_event": "road run"
}