{
  "image": "-",
  "judul": "Hero Run 2015",
  "isi_informasi": "Hero Run 2015 akan diselenggarakan di Hutan Sukawana, Lembang dengan kategori jarak 5K. Untuk informasi lebih lanjut dan pendaftaran, kunjungi http://www.herorun2015.com.",
  "benefit_peserta": [
    "Kesempatan berlari di lokasi yang indah",
    "Meningkatkan kebugaran",
    "Bertemu dengan komunitas pelari"
  ],
  "lokasi": "Hutan Sukawana, Lembang",
  "kota": "Lembang",
  "tanggal_event": "2015-01-01",
  "kontak_event": {
    "Instagram": [],
    "WhatsApp": "0812 119 911",
    "Email": "kontak@indonesiamarathon.com",
    "Website": "www.indonesiamarathon.com"
  },
  "biaya_registrasi": "Tidak tercantum",
  "kategori": [
    "5K"
  ],
  "jenis_event": "trail run"
}