{
  "image": "-",
  "judul": "Ijen Trail Running 2015",
  "isi_informasi": "Ijen Trail Running adalah lomba lari yang diadakan di dataran tinggi Ijen, Kabupaten Bondowoso, dengan tiga kategori jarak: 10K, 30K, dan 70K. Rute lomba menawarkan pemandangan indah Kawah Ijen, dan peserta dapat menikmati keindahan danau asam terbesar di dunia serta aktivitas penambangan belerang.",
  "benefit_peserta": [
    "Pemandangan alam yang menakjubkan",
    "Pengalaman berlari di jalur trail",
    "Kesempatan untuk melihat fenomena alam seperti api biru"
  ],
  "lokasi": "Kawah Ijen, Kabupaten Bondowoso",
  "kota": "Bondowoso",
  "tanggal_event": "2015-01-01",
  "kontak_event": {
    "Instagram": [],
    "WhatsApp": "0812 119 911",
    "Email": "kontak@indonesiamarathon.com",
    "Website": "www.indonesiamarathon.com"
  },
  "biaya_registrasi": "Tidak tercantum",
  "kategori": [
    "10K",
    "30K",
    "70K"
  ],
  "jenis_event": "trail run"
}