{
  "image": "-",
  "judul": "Ilusmatura 10K",
  "isi_informasi": "Ilusmatura 10K adalah event lari yang mengajak peserta untuk berpartisipasi dalam lomba lari. Jika terdapat informasi yang tidak akurat atau ada perubahan terkait lomba, mohon untuk menghubungi kami.",
  "benefit_peserta": [
    "Kesempatan untuk berkompetisi",
    "Meningkatkan kebugaran",
    "Mendapatkan pengalaman berlari"
  ],
  "lokasi": "Tidak tercantum",
  "kota": "Tidak tercantum",
  "tanggal_event": "Tidak tercantum",
  "kontak_event": {
    "Instagram": [],
    "WhatsApp": "0812 119 911",
    "Email": "kontak@indonesiamarathon.com",
    "Website": "www.indonesiamarathon.com"
  },
  "biaya_registrasi": "Tidak tercantum",
  "kategori": [],
  "jenis_event": "road run"
}