{
  "image": "-",
  "judul": "International GWK 10K Sunset Run 2015",
  "isi_informasi": "Bergabunglah dalam 'International GWK 10K Sunset Run 2015' yang akan berlangsung pada Sabtu, 12 September 2015, di Bali, dari pukul 17.00 hingga 19.00. Acara ini bertujuan untuk meningkatkan minat masyarakat terhadap lari sebagai bagian dari gaya hidup sehat, sambil menikmati pemandangan indah, matahari terbenam di pantai, dan budaya unik Bali. Ini adalah olahraga wisata yang menyenangkan.",
  "benefit_peserta": [
    "Meningkatkan minat terhadap gaya hidup sehat",
    "Menikmati pemandangan indah",
    "Mengamati budaya Bali"
  ],
  "lokasi": "GWK Cultural Park Bali, Indonesia",
  "kota": "Bali",
  "tanggal_event": "2015-09-12",
  "kontak_event": {
    "Instagram": [],
    "WhatsApp": "0812 119 911",
    "Email": "kontak@indonesiamarathon.com",
    "Website": "www.indonesiamarathon.com"
  },
  "biaya_registrasi": "Tidak tercantum",
  "kategori": [
    "10K"
  ],
  "jenis_event": "road run"
}