{
  "image": "-",
  "judul": "IPA Convex Charity Run 2015",
  "isi_informasi": "Bergabunglah dalam 'The 39th IPA Convention & Exhibition 2015 - 5K & 10K Charity Run 2015' yang diselenggarakan oleh Indonesian Petroleum Association (IPA) pada hari Minggu, 17 Mei 2015, di Jakarta, dari pukul 6.15 hingga 10.00 WIB. Acara ini mengumpulkan peserta dari berbagai kalangan, termasuk pengunjung konvensi dan profesional di industri minyak dan gas. Selain itu, IPA juga akan memberikan sumbangan amal kepada masyarakat DKI Jakarta.",
  "benefit_peserta": [
    "Meningkatkan kesadaran akan gaya hidup sehat melalui lari",
    "Memperoleh pemahaman tentang kontribusi industri minyak dan gas di Indonesia",
    "Kesempatan untuk berinteraksi dengan profesional dan pengunjung konvensi"
  ],
  "lokasi": "FX Sudirman, Jakarta",
  "kota": "Jakarta",
  "tanggal_event": "2015-05-17",
  "kontak_event": {
    "Instagram": [],
    "WhatsApp": "+62 822 1393 6407",
    "Email": "helpdesk@ipaconvex.com",
    "Website": "www.indonesiamarathon.com"
  },
  "biaya_registrasi": "Tidak tercantum",
  "kategori": [
    "5K",
    "10K"
  ],
  "jenis_event": "road run"
}