{
  "image": "-",
  "judul": "Jakarta Wine & Cheese Run 2015",
  "isi_informasi": "Event lari Jakarta Wine & Cheese Run 2015 akan berlangsung pada hari Minggu, 31 Mei 2015, di Kelapa Gading, Jakarta Utara. Terdapat kategori jarak 10K, 5K, dan 1.2K. Pendaftaran dibuka dari 16 Maret hingga 17 Mei 2015.",
  "benefit_peserta": [
    "Kesempatan berlari di acara unik",
    "Mendapatkan pengalaman berlari yang menyenangkan"
  ],
  "lokasi": "Kelapa Gading, Jakarta Utara",
  "kota": "Jakarta Utara",
  "tanggal_event": "2015-05-31",
  "kontak_event": {
    "Instagram": [],
    "WhatsApp": "0812 119 911",
    "Email": "kontak@indonesiamarathon.com",
    "Website": "www.indonesiamarathon.com"
  },
  "biaya_registrasi": "Tidak tercantum",
  "kategori": [
    "10K",
    "5K",
    "1.2K"
  ],
  "jenis_event": "road run"
}