{
  "image": "-",
  "judul": "Jakarta International 10K 2015",
  "isi_informasi": "Dalam rangka memperingati Hari Jadi Jakarta ke-488, Dinas Olahraga dan Pemuda DKI Jakarta, bersama PB PASI dan D&Dproduction, akan mengadakan Lomba Lari Jakarta International 10K. Kegiatan ini merupakan lomba lari jalan raya sejauh 10 kilometer yang berlangsung di salah satu jalan utama Jakarta dan Monumen Nasional pada hari Minggu, 31 Mei 2015, dengan target peserta sebanyak 35.000 orang. Tema acara adalah Green Energy For Jakarta.",
  "benefit_peserta": [
    "Kesempatan berpartisipasi dalam acara besar",
    "Mendapatkan perlengkapan lomba gratis",
    "Menjalin silaturahmi dengan peserta lain"
  ],
  "lokasi": "Silang Monas Barat Daya, Jakarta",
  "kota": "Jakarta",
  "tanggal_event": "2015-05-31",
  "kontak_event": {
    "Instagram": [],
    "WhatsApp": "0812 119 911",
    "Email": "kontak@indonesiamarathon.com",
    "Website": "www.indonesiamarathon.com"
  },
  "biaya_registrasi": "Gratis",
  "kategori": [
    "atlet elit internasional",
    "atlet elit nasional",
    "umum",
    "pelajar (umur 13 th - 17 th)"
  ],
  "jenis_event": "road run"
}