{
  "image": "-",
  "judul": "Jakarta Race Series 2015 #2",
  "isi_informasi": "Event lari ini akan diadakan di Jakarta International School dengan kategori jarak 5K. Untuk registrasi, kunjungi situs resmi.",
  "benefit_peserta": [
    "Kesempatan untuk berkompetisi",
    "Meningkatkan kebugaran",
    "Bertemu komunitas lari"
  ],
  "lokasi": "Jakarta International School",
  "kota": "Jakarta",
  "tanggal_event": "2015-01-19",
  "kontak_event": {
    "Instagram": [],
    "WhatsApp": "0812 119 911",
    "Email": "kontak@indonesiamarathon.com",
    "Website": "www.indonesiamarathon.com"
  },
  "biaya_registrasi": "Tidak tercantum",
  "kategori": [
    "5K"
  ],
  "jenis_event": "road run"
}