{
  "image": "-",
  "judul": "Jakarta Kids Dash 2015",
  "isi_informasi": "Jakarta Kids Dash 2015 akan diadakan pada Minggu, 11 Oktober 2015 di Taman Impian Jaya Ancol. Event ini bertujuan untuk memberikan kesempatan bagi anak-anak dan orang tua untuk beraktivitas bersama di luar ruangan, mempererat hubungan keluarga, dan membanggakan prestasi anak. Peserta dibatasi untuk kenyamanan lomba, jadi segera daftarkan diri sebelum kehabisan.",
  "benefit_peserta": [
    "Aktivitas luar ruangan bersama keluarga",
    "Mempererat hubungan keluarga",
    "Membangun rasa percaya diri anak"
  ],
  "lokasi": "Taman Impian Jaya Ancol, Jakarta",
  "kota": "Jakarta",
  "tanggal_event": "2015-10-11",
  "kontak_event": {
    "Instagram": [],
    "WhatsApp": "0812 119 911",
    "Email": "kontak@indonesiamarathon.com",
    "Website": "www.indonesiamarathon.com"
  },
  "biaya_registrasi": "Tidak tercantum",
  "kategori": [
    "800m Anoa: 3-5 tahun",
    "800m Komodo: 6-8 tahun",
    "1600m Badak: 6-8 tahun",
    "1600m Harimau: 9-12 tahun"
  ],
  "jenis_event": "fun run"
}