{
  "image": "-",
  "judul": "Jakarta Marathon 2015",
  "isi_informasi": "Informasi dan pendaftaran untuk Jakarta Marathon 2015 dapat diakses melalui situs resmi.",
  "benefit_peserta": [
    "Kesempatan berkompetisi di event lari bergengsi",
    "Mendapatkan pengalaman berlari di kota Jakarta",
    "Berpartisipasi dalam komunitas lari"
  ],
  "lokasi": "Tidak tercantum",
  "kota": "Jakarta",
  "tanggal_event": "2015-01-01",
  "kontak_event": {
    "Instagram": [],
    "WhatsApp": "0812 119 911",
    "Email": "kontak@indonesiamarathon.com",
    "Website": "www.indonesiamarathon.com"
  },
  "biaya_registrasi": "Tidak tercantum",
  "kategori": [],
  "jenis_event": "road run"
}