{
  "image": "-",
  "judul": "Jakarta Green Run 2015",
  "isi_informasi": "Jakarta Green Run 2015 akan diadakan di Ocean Ecopark, Ancol pada hari Minggu, 7 Juni 2015. Terdapat kategori 10K dan 5K.",
  "benefit_peserta": [
    "Kesempatan berolahraga di lingkungan yang sehat",
    "Mendapatkan pengalaman berlari yang menyenangkan",
    "Berpartisipasi dalam acara komunitas"
  ],
  "lokasi": "Ocean Ecopark, Ancol",
  "kota": "Jakarta",
  "tanggal_event": "2015-06-07",
  "kontak_event": {
    "Instagram": [],
    "WhatsApp": "0812 119 911",
    "Email": "kontak@indonesiamarathon.com",
    "Website": "www.indonesiamarathon.com"
  },
  "biaya_registrasi": "Tidak tercantum",
  "kategori": [
    "10K",
    "5K"
  ],
  "jenis_event": "road run"
}