{
  "image": "-",
  "judul": "Jogja Night Run 2015",
  "isi_informasi": "Jogja Night Run 2015 adalah acara lari dengan kategori Fun Run sejauh 5K.",
  "benefit_peserta": [
    "Kesempatan berolahraga di malam hari",
    "Meningkatkan kebugaran",
    "Bersosialisasi dengan peserta lain"
  ],
  "lokasi": "Gedung Auditorium LPP Jogjakarta Jl. Urip Sumoharjo No.100 Jogjakarta",
  "kota": "Jogjakarta",
  "tanggal_event": "2015-01-01",
  "kontak_event": {
    "Instagram": [],
    "WhatsApp": "0812 119 911",
    "Email": "kontak@indonesiamarathon.com",
    "Website": "www.indonesiamarathon.com"
  },
  "biaya_registrasi": "Tidak tercantum",
  "kategori": [
    "5K"
  ],
  "jenis_event": "fun run"
}