{
  "image": "-",
  "judul": "Jungle Marathon Party",
  "isi_informasi": "Jungle Marathon Party adalah lomba lari trail yang berlangsung di sekitar Taman Nasional Halimun Salak Endeh / Gunung Bunder, Bogor. Terdapat dua pilihan jarak, yaitu 15K dan 21K, dengan ketinggian lintasan antara 930 - 1050 meter di atas permukaan laut. Acara dimulai pukul 11.00 WIB dan diakhiri dengan Jungle Music Party setelah peserta menyelesaikan lomba.",
  "benefit_peserta": [
    "T-shirt Finisher",
    "Tiket masuk gratis ke Taman Nasional Halimun Salak Endeh",
    "Makan malam, air mineral, dan camilan",
    "Acara musik"
  ],
  "lokasi": "Taman Nasional Halimun Salak Endeh / Gunung Bunder, Bogor",
  "kota": "Bogor",
  "tanggal_event": "2015-09-19",
  "kontak_event": {
    "Instagram": [],
    "WhatsApp": "+62 856 789 1514",
    "Email": "info@junglemarathonparty.com",
    "Website": "www.indonesiamarathon.com"
  },
  "biaya_registrasi": {
    "21K": "Rp. 450.000,-",
    "15K": "Rp. 400.000,-",
    "Early Bird": "Rp. 300.000,-"
  },
  "kategori": [
    "15K",
    "21K"
  ],
  "jenis_event": "trail run"
}