{
  "image": "-",
  "judul": "KasmaRun 2015",
  "isi_informasi": "KasmaRun 2015 akan diselenggarakan di Universitas Indonesia. Untuk informasi lebih lanjut, dapat menghubungi melalui lineID farizalatifa, WhatsApp di 085265855511 (Della), atau Instagram @kasmaRUN2015.",
  "benefit_peserta": [
    "Kesempatan berkompetisi",
    "Mendapatkan pengalaman berlari",
    "Bertemu dengan komunitas lari"
  ],
  "lokasi": "Universitas Indonesia",
  "kota": "Depok",
  "tanggal_event": "2015-01-01",
  "kontak_event": {
    "Instagram": [
      "@kasmaRUN2015"
    ],
    "WhatsApp": "085265855511",
    "Email": "kontak@indonesiamarathon.com",
    "Website": "www.indonesiamarathon.com"
  },
  "biaya_registrasi": "Tidak tercantum",
  "kategori": [
    "5K",
    "10K",
    "21K"
  ],
  "jenis_event": "road run"
}