{
  "image": "-",
  "judul": "KinciRUN",
  "isi_informasi": "KinciRUN, yang diambil dari kata 'Kinciran' dalam bahasa Jawa, merupakan event lari fun run pertama di Indonesia yang menggabungkan lari dengan permainan tradisional. Acara ini merupakan bagian dari GAPURA yang diselenggarakan oleh Surya University untuk memperingati hari Sumpah Pemuda. Peserta akan menikmati berbagai permainan tradisional sepanjang rute, seperti gobak sodor dan sendok kelereng. Event ini ditargetkan diikuti oleh 1000 peserta dari anak-anak hingga dewasa dan akan berlangsung pada 1 November 2015 di Summarecon Digital Center (SDC).",
  "benefit_peserta": [
    "Menggabungkan lari dengan permainan tradisional",
    "Meningkatkan kesadaran akan permainan yang terlupakan",
    "Kesempatan untuk berpartisipasi dalam acara komunitas"
  ],
  "lokasi": "Summarecon Digital Center (SDC)",
  "kota": "Summarecon Digital Center (SDC)",
  "tanggal_event": "2015-11-01",
  "kontak_event": {
    "Instagram": [],
    "WhatsApp": "0812 119 911",
    "Email": "kontak@indonesiamarathon.com",
    "Website": "www.indonesiamarathon.com"
  },
  "biaya_registrasi": "Tidak tercantum",
  "kategori": [
    "Fun Run 4,6 km"
  ],
  "jenis_event": "fun run"
}