{
  "image": "-",
  "judul": "League Grip The Road 2015",
  "isi_informasi": "Pada 29 November 2015, LEAGUE mengadakan event lari 'Grip The Road' yang mengajak pelari untuk berpartisipasi dalam lomba 10 Kilometer di Kemayoran. Peserta akan menikmati pemandangan indah dan jalan-jalan terawat. Setiap pelari akan menerima running kit yang terdiri dari t-shirt lari LEAGUE dan BIB, serta Finisher Tee bagi yang menyelesaikan lomba. Perlombaan dimulai pukul 06:00.",
  "benefit_peserta": [
    "Mendapatkan running kit",
    "T-shirt lari LEAGUE",
    "Finisher Tee bagi yang menyelesaikan lomba"
  ],
  "lokasi": "Jakarta International Expo, Kemayoran",
  "kota": "Jakarta",
  "tanggal_event": "2015-11-29",
  "kontak_event": {
    "Instagram": [],
    "WhatsApp": "0812 119 911",
    "Email": "kontak@indonesiamarathon.com",
    "Website": "www.indonesiamarathon.com"
  },
  "biaya_registrasi": "Tidak tercantum",
  "kategori": [
    "10K"
  ],
  "jenis_event": "road run"
}