{
  "image": "-",
  "judul": "Leprosy Polkadot Run",
  "isi_informasi": "Kategori jarak yang tersedia adalah 5K dan 10K. Untuk informasi lebih lanjut dan pendaftaran, kunjungi http://www.teachforindonesia.org/leprosypolkadotrun/.",
  "benefit_peserta": [
    "Tidak tercantum"
  ],
  "lokasi": "Tidak tercantum",
  "kota": "Tidak tercantum",
  "tanggal_event": "Tidak tercantum",
  "kontak_event": {
    "Instagram": [],
    "WhatsApp": "0812 119 911",
    "Email": "kontak@indonesiamarathon.com",
    "Website": "www.indonesiamarathon.com"
  },
  "biaya_registrasi": "Tidak tercantum",
  "kategori": [
    "5K",
    "10K"
  ],
  "jenis_event": "road run"
}