{
  "image": "-",
  "judul": "Lomba Lari 10K HUT TNI Ke-70",
  "isi_informasi": "Lomba Lari 10K dalam rangka HUT TNI ke-70 akan dilaksanakan pada Minggu, 27 September 2015, dari pukul 05.30 hingga 10.30 WIB di Silang Monas, Jakarta. Rute lomba dimulai dari Silang Monas, melewati MH.Thamrin, Tugu Bundaran HI, Sudirman, dan kembali ke Finish di Silang Monas. Terdapat beberapa kategori lomba untuk atlet nasional, umum, pelajar, mahasiswa, serta TNI/Polri, masing-masing dengan hadiah total Rp.880 juta, termasuk trophy dari Panglima TNI. Pendaftaran gratis hingga 25 September 2015.",
  "benefit_peserta": [
    "Kesempatan memenangkan hadiah total Rp.880 juta",
    "Trophy dari Panglima TNI",
    "Pengalaman berlari di rute ikonik Jakarta"
  ],
  "lokasi": "Silang Monas, Jakarta",
  "kota": "Jakarta",
  "tanggal_event": "2015-09-27",
  "kontak_event": {
    "Instagram": [],
    "WhatsApp": "0858-8187-2561",
    "Email": "kontak@indonesiamarathon.com",
    "Website": "www.indonesiamarathon.com"
  },
  "biaya_registrasi": "Gratis",
  "kategori": [
    "Atlet Nasional (Pa/Pi)",
    "Umum/Pelajar/Mahasiswa (Pa/Pi)",
    "TNI/Polri (Pa/Pi)"
  ],
  "jenis_event": "road run"
}