{
  "image": "-",
  "judul": "Lomba Lintas Lembah dan Bukit - UNPAD 2015",
  "isi_informasi": "L3B 2015 adalah acara tahunan yang diselenggarakan oleh mahasiswa Faperta Unpad sejak 1962, kini memasuki edisi ke-33. Perlombaan berlangsung di jalur lembahan dan bukitan Gunung Manglayang, menawarkan pemandangan indah dan tantangan bagi peserta. Terdapat dua kategori lomba: 21K Trail Run dan Fun Trekking. 21K Trail Run memiliki jarak 21KM dengan biaya pendaftaran IDR 200.000 untuk umum dan IDR 150.000 untuk pelajar, termasuk kaos peserta, racepack, refreshment, asuransi, medali finisher, doorprize, dan hadiah uang tunai untuk juara. Fun Trekking adalah lomba 13KM yang menilai ketepatan dan kekompakan tim, dengan biaya pendaftaran IDR 250.000 per tim yang terdiri dari 3 orang, mendapatkan games, syal, doorprize, refreshment, dan sertifikat.",
  "benefit_peserta": [
    "Kaos peserta",
    "Racepack",
    "Refreshment",
    "Asuransi",
    "Medali finisher",
    "Doorprize",
    "Hadiah uang tunai bagi juara"
  ],
  "lokasi": "Gunung Manglayang, Bandung",
  "kota": "Bandung",
  "tanggal_event": "2015-10-03",
  "kontak_event": {
    "Instagram": [],
    "WhatsApp": "0812 119 911",
    "Email": "kontak@indonesiamarathon.com",
    "Website": "www.indonesiamarathon.com"
  },
  "biaya_registrasi": {
    "21K Trail Run": {
      "Umum": "IDR 200.000",
      "Pelajar": "IDR 150.000"
    },
    "Fun Trekking": "IDR 250.000 per tim"
  },
  "kategori": [
    "21K"
  ],
  "jenis_event": "trail run"
}