{
  "image": "-",
  "judul": "Manglayang Trail Running 2015",
  "isi_informasi": "Manglayang Trail Running 2015 diadakan di Gunung Manglayang, yang terletak antara Kabupaten Sumedang dan Bandung, Jawa Barat. Gunung ini memiliki dua puncak, yaitu Puncak Manglayang dan Puncak Bayangan, serta menawarkan pemandangan indah dari ketinggian. Lomba ini akan mengambil rute dari Kampus Universitas Padjadjaran Jatinangor menuju Baru Beureum, melalui Bumi Perkemahan Kiara Payung, dengan trek yang menantang dan aman bagi pelari trail.",
  "benefit_peserta": [
    "Menikmati pemandangan alam yang indah",
    "Trek yang nyaman dan aman",
    "Kesempatan berkompetisi dalam kategori trail running"
  ],
  "lokasi": "Kampus Universitas Padjadjaran Jatinangor, Kabupaten Sumedang, Jawa Barat",
  "kota": "Sumedang",
  "tanggal_event": "2015-01-19",
  "kontak_event": {
    "Instagram": [],
    "WhatsApp": "0812 119 911",
    "Email": "kontak@indonesiamarathon.com",
    "Website": "www.indonesiamarathon.com"
  },
  "biaya_registrasi": "Tidak tercantum",
  "kategori": [
    "10K",
    "21K"
  ],
  "jenis_event": "trail run"
}