{
  "image": "-",
  "judul": "Marine Customs 2015",
  "isi_informasi": "Event lari Marine Customs 2015 akan diadakan di Coastal Area, Tanjung Balai Karimun, Kepulauan Riau dengan kategori jarak 10K.",
  "benefit_peserta": [
    "Kesempatan untuk berkompetisi",
    "Meningkatkan kebugaran",
    "Bertemu dengan pelari lain"
  ],
  "lokasi": "Coastal Area, Tanjung Balai Karimun, Provinsi Kepulauan Riau",
  "kota": "Tanjung Balai Karimun",
  "tanggal_event": "Tidak tercantum",
  "kontak_event": {
    "Instagram": [],
    "WhatsApp": "+62817739130",
    "Email": "kontak@indonesiamarathon.com",
    "Website": "www.indonesiamarathon.com"
  },
  "biaya_registrasi": "Tidak tercantum",
  "kategori": [
    "10K"
  ],
  "jenis_event": "road run"
}