{
  "image": "-",
  "judul": "Maskerrun",
  "isi_informasi": "Maskerrun adalah event lari dengan kategori 5K fun run. Untuk informasi lebih lanjut dan registrasi, kunjungi http://maskerrun.com.",
  "benefit_peserta": [
    "Kesempatan berolahraga",
    "Meningkatkan kesehatan",
    "Berkumpul dengan komunitas"
  ],
  "lokasi": "Tidak tercantum",
  "kota": "Tidak tercantum",
  "tanggal_event": "Tidak tercantum",
  "kontak_event": {
    "Instagram": [],
    "WhatsApp": "0812 119 911",
    "Email": "kontak@indonesiamarathon.com",
    "Website": "www.indonesiamarathon.com"
  },
  "biaya_registrasi": "Tidak tercantum",
  "kategori": [
    "5K"
  ],
  "jenis_event": "fun run"
}