{
  "image": "-",
  "judul": "Medan Heritage Half Marathon",
  "isi_informasi": "Medan Heritage Half Marathon akan berlangsung pada 14 Juni 2015 di Medan, Sumatra Utara, dengan kategori jarak 5K, 10K, dan 21K.",
  "benefit_peserta": [
    "Kesempatan berlari di acara bergengsi",
    "Mendapatkan medali dan sertifikat",
    "Meningkatkan kebugaran"
  ],
  "lokasi": "Medan, Sumatra Utara",
  "kota": "Medan",
  "tanggal_event": "2015-06-14",
  "kontak_event": {
    "Instagram": [],
    "WhatsApp": "0812 119 911",
    "Email": "kontak@indonesiamarathon.com",
    "Website": "www.indonesiamarathon.com"
  },
  "biaya_registrasi": "Tidak tercantum",
  "kategori": [
    "5K",
    "10K",
    "21K"
  ],
  "jenis_event": "road run"
}