{
  "image": "-",
  "judul": "Men`s Health Indonesia Urbanathlon 2015: Sundown",
  "isi_informasi": "Men`s Health Indonesia Urbanathlon 2015: Sundown menawarkan pengalaman lari yang luar biasa dengan 8 tantangan berbeda. Peserta akan menguji kekuatan, stamina, dan kelincahan di berbagai jenis permukaan seperti konblok, pasir, tanah, dan rumput. Acara ini terbuka untuk 2.500 peserta pria dan wanita, dengan hadiah menarik bagi yang berhasil menyelesaikan lomba. Nikmati lari sepanjang 9 km di pesisir pantai sambil menyaksikan matahari terbenam.",
  "benefit_peserta": [
    "Pengalaman lari yang unik",
    "Tantangan fisik yang menguji stamina",
    "Hadiah menarik bagi peserta yang finish"
  ],
  "lokasi": "Ancol, Jakarta",
  "kota": "Jakarta",
  "tanggal_event": "2015-01-19",
  "kontak_event": {
    "Instagram": [],
    "WhatsApp": "0812 119 911",
    "Email": "kontak@indonesiamarathon.com",
    "Website": "www.indonesiamarathon.com"
  },
  "biaya_registrasi": "Tidak tercantum",
  "kategori": [],
  "jenis_event": "road run"
}