{
  "image": "-",
  "judul": "Men's Health Indonesia URBANATHLON 2015",
  "isi_informasi": "Urbanathlon 2015 adalah acara lari yang menantang bagi para peserta untuk menghadapi delapan rintangan, menguji daya tahan, kekuatan, kelincahan, strategi, dan kecepatan. Acara ini terbuka untuk pria dan wanita yang ingin merasakan pengalaman berlari yang luar biasa. Ajak teman-teman Anda untuk bersama-sama menaklukkan tantangan ini dan menciptakan kenangan berharga.",
  "benefit_peserta": [
    "Mengasah kemampuan fisik",
    "Membangun kebersamaan",
    "Menciptakan kenangan tak terlupakan"
  ],
  "lokasi": "Plaza Selatan Gelora Bung Karno Senayan, Jakarta",
  "kota": "Jakarta",
  "tanggal_event": "2015-11-22",
  "kontak_event": {
    "Instagram": [],
    "WhatsApp": "0812 119 911",
    "Email": "kontak@indonesiamarathon.com",
    "Website": "www.indonesiamarathon.com"
  },
  "biaya_registrasi": "Tidak tercantum",
  "kategori": [],
  "jenis_event": "road run"
}