{
  "image": "-",
  "judul": "Mercu Buana EduRun 2015",
  "isi_informasi": "Universitas Mercu Buana akan mengadakan lomba lari dalam rangka memperingati hari jadi ke-30, dengan misi sosial di bidang pendidikan. Kegiatan ini bertujuan untuk meningkatkan minat masyarakat dalam olahraga lari yang semakin populer di Jakarta.",
  "benefit_peserta": [
    "Mendukung pendidikan",
    "Meningkatkan kesehatan",
    "Kesempatan untuk bersosialisasi"
  ],
  "lokasi": "Universitas Mercu Buana, Jakarta",
  "kota": "Jakarta",
  "tanggal_event": "2015-01-19",
  "kontak_event": {
    "Instagram": [],
    "WhatsApp": "0812 119 911",
    "Email": "kontak@indonesiamarathon.com",
    "Website": "www.indonesiamarathon.com"
  },
  "biaya_registrasi": "Tidak tercantum",
  "kategori": [
    "5K"
  ],
  "jenis_event": "road run"
}