{
  "image": "-",
  "judul": "Mlayu Mlayu Cepu 4.8K",
  "isi_informasi": "Mlayu Mlayu Cepu 4.8K adalah event lari dengan kategori jarak 4.8K.",
  "benefit_peserta": [
    "Kesempatan berkompetisi",
    "Meningkatkan kebugaran",
    "Bertemu komunitas lari"
  ],
  "lokasi": "Tidak tercantum",
  "kota": "Cepu",
  "tanggal_event": "Tidak tercantum",
  "kontak_event": {
    "Instagram": [],
    "WhatsApp": "0812 119 911",
    "Email": "contact@ayolari.in",
    "Website": "www.indonesiamarathon.com"
  },
  "biaya_registrasi": "Tidak tercantum",
  "kategori": [
    "4.8K"
  ],
  "jenis_event": "road run"
}