{
  "image": "-",
  "judul": "MNC Channels Light Run Star Wars 2015",
  "isi_informasi": "MNC Channels Light Run kembali hadir dengan tema Star Wars, menyajikan 5K Fun Run di malam hari yang dilengkapi dengan berbagai hiburan, termasuk DJ ternama dan karakter Star Wars. Event ini akan berlangsung pada 30 Mei 2015 di Pantai Carnaval Ancol, Jakarta, dan merupakan yang pertama di Asia. Pendaftaran seharga Rp 250.000 mencakup Race Pack dengan berbagai merchandise bertema Star Wars.",
  "benefit_peserta": [
    "Mendapatkan Race Pack",
    "Kesempatan mengikuti lomba kostum dengan hadiah menarik",
    "Pengalaman berlari di pantai dengan hiburan menarik"
  ],
  "lokasi": "Pantai Carnaval Ancol, Jakarta",
  "kota": "Jakarta",
  "tanggal_event": "2015-05-30",
  "kontak_event": {
    "Instagram": [],
    "WhatsApp": "0812 119 911",
    "Email": "kontak@indonesiamarathon.com",
    "Website": "www.indonesiamarathon.com"
  },
  "biaya_registrasi": "Rp 250.000",
  "kategori": [
    "5K"
  ],
  "jenis_event": "fun run"
}