{
  "image": "-",
  "judul": "Ngudirejo Diwek Jombang 5K",
  "isi_informasi": "Lomba lari 5K ini akan diadakan pada 25 Januari 2015, mulai pukul 06.00 WIB, bertempat di Balai Desa Ngudirejo.",
  "benefit_peserta": [
    "Kesempatan untuk berolahraga",
    "Meningkatkan kesehatan",
    "Berkumpul dengan komunitas lari"
  ],
  "lokasi": "Balai Desa Ngudirejo Diwek Jombang, Jl. Wongsokromo no. 2.",
  "kota": "Jombang",
  "tanggal_event": "2015-01-25",
  "kontak_event": {
    "Instagram": [],
    "WhatsApp": "0812 119 911",
    "Email": "kontak@indonesiamarathon.com",
    "Website": "www.indonesiamarathon.com"
  },
  "biaya_registrasi": "Rp. 30.000,-",
  "kategori": [
    "5K"
  ],
  "jenis_event": "road run"
}