{
  "image": "-",
  "judul": "Night Rush Night Run",
  "isi_informasi": "Event Night Rush Night Run akan dilaksanakan di Fakultas Kedokteran Universitas Airlangga Surabaya, dengan rute sepanjang 5 km yang dimulai dari RSUD dr. Soetomo, melewati Stasiun Gubeng Lama, SMA Komplek, Grand City Mall, dan kembali ke FK Unair.",
  "benefit_peserta": [
    "Kesempatan berlari di malam hari",
    "Rute yang menarik dan menantang",
    "Mendapatkan pengalaman berkompetisi"
  ],
  "lokasi": "Fakultas Kedokteran Universitas Airlangga, Surabaya",
  "kota": "Surabaya",
  "tanggal_event": "2025-01-19",
  "kontak_event": {
    "Instagram": [],
    "WhatsApp": "0812 119 911",
    "Email": "kontak@indonesiamarathon.com",
    "Website": "www.indonesiamarathon.com"
  },
  "biaya_registrasi": "Tidak tercantum",
  "kategori": [
    "5K"
  ],
  "jenis_event": "road run"
}