{
  "image": "-",
  "judul": "November Run",
  "isi_informasi": "November Run adalah lomba lari yang berlangsung di Monumen Kapal Selam, Surabaya, pada 21 November 2015. Acara ini dimulai dengan open Gate Run pada pukul 16.00 WIB, dan tiket yang dibeli sudah termasuk akses ke bazaar dan rave party.",
  "benefit_peserta": [
    "Akses ke bazaar",
    "Akses ke rave party"
  ],
  "lokasi": "Monumen Kapal Selam, Surabaya, Jawa Timur, Indonesia",
  "kota": "Surabaya",
  "tanggal_event": "2015-11-21",
  "kontak_event": {
    "Instagram": [],
    "WhatsApp": "082232359083",
    "Email": "kontak@indonesiamarathon.com",
    "Website": "www.indonesiamarathon.com"
  },
  "biaya_registrasi": "Tidak tercantum",
  "kategori": [],
  "jenis_event": "road run"
}