{
  "image": "-",
  "judul": "Nusantara Run",
  "isi_informasi": "Nusantara Run adalah acara lari yang bertujuan untuk meningkatkan semangat olahraga lari di Indonesia dan akan diadakan setiap tahun. Terdapat dua kategori lari, yaitu Lari Santai 5K untuk umum (usia 15 tahun ke atas) dan Lari Tematik 5K dengan kostum daerah (usia 15 tahun ke atas). Acara ini juga dilengkapi dengan Bazaar Kuliner Nusantara dan Panggung Hiburan yang menampilkan artis dan kesenian Nusantara.",
  "benefit_peserta": [
    "Kesempatan berlari dalam dua kategori",
    "Pengalaman kuliner Nusantara",
    "Hiburan dari artis dan kesenian"
  ],
  "lokasi": "Plaza Tenggara, Gelora Bung Karno, Jakarta",
  "kota": "Jakarta",
  "tanggal_event": "2025-01-19",
  "kontak_event": {
    "Instagram": [],
    "WhatsApp": "0812 119 911",
    "Email": "kontak@indonesiamarathon.com",
    "Website": "www.indonesiamarathon.com"
  },
  "biaya_registrasi": "Tidak tercantum",
  "kategori": [
    "5K"
  ],
  "jenis_event": "road run"
}