{
  "image": "-",
  "judul": "Nutrilite Health Run 2015",
  "isi_informasi": "Nutrilite Health Run 2015 adalah event lari yang berlangsung di 5 negara Asia Tenggara dan merupakan tahun kedua di Indonesia. Acara ini ditujukan bagi mereka yang peduli kesehatan dan ingin lebih bugar, dengan tambahan zona live music untuk keseruan. Event ini akan dilaksanakan pada 10 Mei 2015 di Summarecon Bekasi dengan kategori 5K (Open), 8.0 Miles (Open), dan Fun Run 3K (Open). Peserta berkesempatan menjadi pelari tercepat dan memenangkan hadiah total 80 juta rupiah.",
  "benefit_peserta": [
    "Kesempatan memenangkan hadiah total 80 juta rupiah",
    "Zona live music untuk pengalaman berlari yang lebih menyenangkan",
    "Meningkatkan kesehatan dan kebugaran"
  ],
  "lokasi": "Summarecon Bekasi",
  "kota": "Bekasi",
  "tanggal_event": "2015-05-10",
  "kontak_event": {
    "Instagram": [],
    "WhatsApp": "0812 119 911",
    "Email": "kontak@indonesiamarathon.com",
    "Website": "www.indonesiamarathon.com"
  },
  "biaya_registrasi": "Tidak tercantum",
  "kategori": [
    "5K",
    "8.0 Miles",
    "3K"
  ],
  "jenis_event": "road run"
}