{
  "image": "-",
  "judul": "Opera Run for Charity",
  "isi_informasi": "Opera Run for Charity akan diadakan di Car Free Day Ijen Boulevard pada hari Minggu, 25 Januari 2015, dari pukul 06.00 hingga 08.00 WIB. Start akan dilakukan di depan Perpustakaan Kota Malang dengan jarak tempuh 2 km.",
  "benefit_peserta": [
    "Kesempatan berpartisipasi dalam acara amal",
    "Meningkatkan kesehatan dan kebugaran",
    "Berkumpul dengan komunitas lari"
  ],
  "lokasi": "Car Free Day Ijen Boulevard, depan Perpus Kota Malang",
  "kota": "Malang",
  "tanggal_event": "2015-01-25",
  "kontak_event": {
    "Instagram": [],
    "WhatsApp": "0812 119 911",
    "Email": "kontak@indonesiamarathon.com",
    "Website": "www.indonesiamarathon.com"
  },
  "biaya_registrasi": "Tidak tercantum",
  "kategori": [
    "2K"
  ],
  "jenis_event": "road run"
}