{
  "image": "-",
  "judul": "Pertamina Eco Run 2015",
  "isi_informasi": "Pertamina Eco Run 2015 adalah acara yang diselenggarakan untuk merayakan HUT ke-58 dengan tema Hijaunya Indonesia, Hijaunya Dunia.",
  "benefit_peserta": [
    "Merayakan HUT ke-58 Pertamina",
    "Meningkatkan kesadaran lingkungan"
  ],
  "lokasi": "Plaza Barat, GBK, Senayan",
  "kota": "Jakarta",
  "tanggal_event": "2015-01-01",
  "kontak_event": {
    "Instagram": [],
    "WhatsApp": "0812 119 911",
    "Email": "kontak@indonesiamarathon.com",
    "Website": "www.indonesiamarathon.com"
  },
  "biaya_registrasi": "Tidak tercantum",
  "kategori": [
    "5K",
    "10K"
  ],
  "jenis_event": "road run"
}