{
  "image": "-",
  "judul": "Petroweek Sunday Fun Run for Preservation",
  "isi_informasi": "SPE Trisakti SC akan menggelar acara tahunan terbesar mereka, PETROWEEK, yang mencakup berbagai kegiatan menarik. Salah satu acara pendahuluan yang akan datang adalah Petroweek Sunday Fun Run for Preservation, yang diadakan pada Minggu, 6 September 2015 di fXSenayan. Acara ini adalah lomba lari 5K yang juga mengusung kampanye Go Green bekerja sama dengan Kementerian Kehutanan Republik Indonesia, di mana 5000 bibit akan ditanam di taman-taman di Jakarta. Acara ini juga akan menampilkan bazaar Foodtruck yang didukung oleh OMBI dan kemungkinan kehadiran Ibu Siti Nurbaya. Terdapat juga bintang tamu spesial yang akan diumumkan segera.",
  "benefit_peserta": [
    "Kesempatan berpartisipasi dalam kampanye Go Green",
    "Menanam 5000 bibit di taman Jakarta",
    "Menikmati bazaar Foodtruck",
    "Kesempatan bertemu dengan tokoh penting"
  ],
  "lokasi": "fXSenayan, Jakarta",
  "kota": "Jakarta",
  "tanggal_event": "2015-09-06",
  "kontak_event": {
    "Instagram": [],
    "WhatsApp": "0812 119 911",
    "Email": "kontak@indonesiamarathon.com",
    "Website": "www.indonesiamarathon.com"
  },
  "biaya_registrasi": "Tidak tercantum",
  "kategori": [
    "5K"
  ],
  "jenis_event": "fun run"
}