{
  "image": "-",
  "judul": "Pink Ribbon Fun Walk & Fun Run 2015",
  "isi_informasi": "Event ini menawarkan kategori 5K fun run dan 5K fun walk. Untuk informasi lebih lanjut dan pendaftaran, kunjungi http://mapactive.id/pink-ribbon/.",
  "benefit_peserta": [
    "Kesempatan untuk berolahraga",
    "Mendukung kampanye kesehatan"
  ],
  "lokasi": "Tidak tercantum",
  "kota": "Tidak tercantum",
  "tanggal_event": "2015-01-01",
  "kontak_event": {
    "Instagram": [],
    "WhatsApp": "0812 119 911",
    "Email": "kontak@indonesiamarathon.com",
    "Website": "www.indonesiamarathon.com"
  },
  "biaya_registrasi": "Tidak tercantum",
  "kategori": [
    "5K"
  ],
  "jenis_event": "fun run"
}