{
  "image": "-",
  "judul": "Pocari Sweat Run Indonesia 2015",
  "isi_informasi": "Setelah sukses dengan POCARI SWEAT RUN JAKARTA 2014, POCARI SWEAT akan mengadakan POCARI SWEAT RUN INDONESIA 2015 pada 29 Maret 2015. Event ini menawarkan berbagai keseruan baru dengan tetap mengusung tema #SAFERUNNING, termasuk hadiah menarik dan doorprize. Peserta akan mendapatkan edukasi tentang lari yang aman dan menyenangkan, menjadikannya pilihan tepat untuk memulai hidup sehat di tahun 2015.",
  "benefit_peserta": [
    "Edukasi tentang lari yang aman",
    "Pengalaman berlari yang menyenangkan",
    "Kesempatan memenangkan hadiah dan doorprize"
  ],
  "lokasi": "Tidak tercantum",
  "kota": "Tidak tercantum",
  "tanggal_event": "2015-03-29",
  "kontak_event": {
    "Instagram": [],
    "WhatsApp": "0812 119 911",
    "Email": "kontak@indonesiamarathon.com",
    "Website": "www.indonesiamarathon.com"
  },
  "biaya_registrasi": "Tidak tercantum",
  "kategori": [
    "5K",
    "10K"
  ],
  "jenis_event": "road run"
}