{
  "image": "-",
  "judul": "Race & Care",
  "isi_informasi": "Lomba lari ini memiliki kategori jarak 5 km. Untuk informasi lebih lanjut dan pendaftaran, hubungi 031-6003-8916.",
  "benefit_peserta": [
    "Kesempatan untuk berpartisipasi dalam lomba lari",
    "Mendapatkan informasi terbaru mengenai lomba"
  ],
  "lokasi": "Tidak tercantum",
  "kota": "Tidak tercantum",
  "tanggal_event": "Tidak tercantum",
  "kontak_event": {
    "Instagram": [],
    "WhatsApp": "0812 119 911",
    "Email": "kontak@indonesiamarathon.com",
    "Website": "www.indonesiamarathon.com"
  },
  "biaya_registrasi": "Tidak tercantum",
  "kategori": [
    "5K"
  ],
  "jenis_event": "road run"
}