{
  "image": "-",
  "judul": "Rainbow Running ICC 2015",
  "isi_informasi": "Event lari ini diselenggarakan oleh ICC Pandaan di kota Pandaan, bertempat di International Cultural Center (ICC) yang berfokus pada edukasi tentang Alam dan Budaya. Lokasi tepatnya berada di Desa Duren Sewu Km, 3 Pandaan Pasuruan 67156.",
  "benefit_peserta": [
    "Medali untuk peserta",
    "Sarapan buffet gratis",
    "Air mineral"
  ],
  "lokasi": "Desa Duren Sewu Km, 3 Pandaan Pasuruan 67156",
  "kota": "Pandaan",
  "tanggal_event": "2014-12-22",
  "kontak_event": {
    "Instagram": [],
    "WhatsApp": "081 136 999 2",
    "Email": "kontak@indonesiamarathon.com",
    "Website": "www.indonesiamarathon.com"
  },
  "biaya_registrasi": "Rp. 75.000",
  "kategori": [],
  "jenis_event": "road run"
}