{
  "image": "-",
  "judul": "Reliance Run",
  "isi_informasi": "Reliance Run menawarkan kategori jarak 5K dan 12K yang akan diadakan di Parkir Timur Senayan, Jakarta.",
  "benefit_peserta": [
    "Kesempatan untuk berpartisipasi dalam lomba lari",
    "Mendapatkan pengalaman berlari di lokasi yang menarik"
  ],
  "lokasi": "Parkir Timur Senayan, Jakarta",
  "kota": "Jakarta",
  "tanggal_event": "Tidak tercantum",
  "kontak_event": {
    "Instagram": [],
    "WhatsApp": "0812 119 911",
    "Email": "kontak@indonesiamarathon.com",
    "Website": "www.indonesiamarathon.com"
  },
  "biaya_registrasi": "Tidak tercantum",
  "kategori": [
    "5K",
    "12K"
  ],
  "jenis_event": "road run"
}