{
  "image": "-",
  "judul": "Rintangan 3K",
  "isi_informasi": "Rintangan 3K adalah acara lari yang mengusung konsep FUN RUN FOR CAUSE, memberikan pengalaman menyenangkan dan tantangan bagi peserta. Selain berfokus pada kebugaran, acara ini juga mengedukasi tentang kesadaran lingkungan melalui aktivitas menanam bibit pohon. Jarak 3 kilometer dirancang agar mudah dilalui, dengan tambahan rintangan di beberapa titik.",
  "benefit_peserta": [
    "Pengalaman lari yang menyenangkan",
    "Kesadaran lingkungan melalui penanaman pohon",
    "Tantangan fisik dengan rintangan"
  ],
  "lokasi": "Tidak tercantum",
  "kota": "Tidak tercantum",
  "tanggal_event": "Tidak tercantum",
  "kontak_event": {
    "Instagram": [],
    "WhatsApp": "0812 119 911",
    "Email": "kontak@indonesiamarathon.com",
    "Website": "www.indonesiamarathon.com"
  },
  "biaya_registrasi": "Tidak tercantum",
  "kategori": [],
  "jenis_event": "road run"
}