{
  "image": "-",
  "judul": "Rock 'n Run 2015",
  "isi_informasi": "Rock 'n Run 2015 adalah acara lari yang menggabungkan musik dan olahraga, memberikan pengalaman unik bagi para peserta.",
  "benefit_peserta": [
    "Pengalaman lari yang menyenangkan",
    "Kesempatan untuk berolahraga sambil menikmati musik",
    "Mendapatkan medali dan sertifikat"
  ],
  "lokasi": "Tidak tercantum",
  "kota": "Tidak tercantum",
  "tanggal_event": "2015-01-01",
  "kontak_event": {
    "Instagram": [],
    "WhatsApp": "0812 119 911",
    "Email": "kontak@indonesiamarathon.com",
    "Website": "www.indonesiamarathon.com"
  },
  "biaya_registrasi": "Tidak tercantum",
  "kategori": [
    "5K",
    "10K"
  ],
  "jenis_event": "road run"
}