{
  "image": "-",
  "judul": "Run for Asian Games 2018",
  "isi_informasi": "RUN FOR ASIAN GAMES 2018 adalah acara untuk mendukung kampanye Asian Games 2018 yang diadakan di Indonesia. Sebelumnya, Indonesia hanya menjadi tuan rumah Asian Games sekali, yaitu pada tahun 1962. Pendaftaran online berlangsung dari 1 Maret hingga 20 April 2015, sedangkan pendaftaran offline dilakukan dari 24 hingga 27 Maret 2015 di booth BOLA, Lobby Gedung Kompas Gramedia, Jakarta Pusat, pada pukul 09.00 - 17.00, atau hingga kuota terpenuhi. Terdapat kategori jarak 5K, 3.1K fun run, dan 1K kids run.",
  "benefit_peserta": [
    "Mendukung kampanye Asian Games 2018",
    "Kesempatan berpartisipasi dalam acara lari",
    "Berbagai kategori untuk semua usia"
  ],
  "lokasi": "BSD City",
  "kota": "Tangerang Selatan",
  "tanggal_event": "2015-03-01",
  "kontak_event": {
    "Instagram": [],
    "WhatsApp": "0812 119 911",
    "Email": "kontak@indonesiamarathon.com",
    "Website": "www.indonesiamarathon.com"
  },
  "biaya_registrasi": "Tidak tercantum",
  "kategori": [
    "5K",
    "fun run",
    "kids run"
  ],
  "jenis_event": "road run"
}