{
  "image": "-",
  "judul": "Run to 80s",
  "isi_informasi": "Lomba lari 'Run to 80s' dengan kategori jarak 7K akan diadakan di Bintaro, Tangerang Selatan. Untuk informasi lebih lanjut dan registrasi, kunjungi http://www.upj.ac.id/event/36/run-to-80-s--donate-for-ed.html.",
  "benefit_peserta": [
    "Kesempatan berlari dalam acara bertema",
    "Mendukung kegiatan amal"
  ],
  "lokasi": "Bintaro, Tangerang Selatan",
  "kota": "Tangerang Selatan",
  "tanggal_event": "Tidak tercantum",
  "kontak_event": {
    "Instagram": [],
    "WhatsApp": "0812 119 911",
    "Email": "kontak@indonesiamarathon.com",
    "Website": "www.indonesiamarathon.com"
  },
  "biaya_registrasi": "Tidak tercantum",
  "kategori": [
    "7K"
  ],
  "jenis_event": "road run"
}