{
  "image": "-",
  "judul": "Run For River 2015",
  "isi_informasi": "Kategori jarak yang tersedia adalah 5K, 10K, dan 21K. Pendaftaran online dibuka dari 1 Mei hingga 30 Juli 2015 melalui situs resmi.",
  "benefit_peserta": [
    "Kesempatan berkompetisi di berbagai kategori jarak",
    "Mendapatkan pengalaman berlari yang menyenangkan"
  ],
  "lokasi": "Tidak tercantum",
  "kota": "Tidak tercantum",
  "tanggal_event": "2015-07-30",
  "kontak_event": {
    "Instagram": [],
    "WhatsApp": "0812 119 911",
    "Email": "kontak@indonesiamarathon.com",
    "Website": "www.indonesiamarathon.com"
  },
  "biaya_registrasi": "Tidak tercantum",
  "kategori": [
    "5K",
    "10K",
    "21K"
  ],
  "jenis_event": "road run"
}