{
  "image": "-",
  "judul": "Run for Thalassemia",
  "isi_informasi": "Event lari 'Run for Thalassemia' akan diadakan di Groove Land - Paramount, Gading Serpong, Tangerang dengan kategori jarak 4KM. Untuk informasi lebih lanjut dan pendaftaran, kunjungi situs resmi.",
  "benefit_peserta": [
    "Mendukung kesadaran tentang thalassemia",
    "Kesempatan berolahraga",
    "Bertemu dengan komunitas lari"
  ],
  "lokasi": "Groove Land - Paramount, Gading Serpong, Tangerang",
  "kota": "Tangerang",
  "tanggal_event": "Tidak tercantum",
  "kontak_event": {
    "Instagram": [],
    "WhatsApp": "0812 119 911",
    "Email": "kontak@indonesiamarathon.com",
    "Website": "www.indonesiamarathon.com"
  },
  "biaya_registrasi": "Tidak tercantum",
  "kategori": [
    "4KM"
  ],
  "jenis_event": "road run"
}