{
  "image": "-",
  "judul": "Run For Your Lives Indonesia",
  "isi_informasi": "Lomba lari Run For Your Lives Indonesia menawarkan kategori jarak 5K dengan rintangan, yang akan diadakan di Taman Impian Jaya Ancol.",
  "benefit_peserta": [
    "Pengalaman lari yang menantang",
    "Kesempatan untuk berkompetisi",
    "Mendapatkan medali atau sertifikat"
  ],
  "lokasi": "Taman Impian Jaya Ancol",
  "kota": "Jakarta",
  "tanggal_event": "Tidak tercantum",
  "kontak_event": {
    "Instagram": [],
    "WhatsApp": "0812 119 911",
    "Email": "kontak@indonesiamarathon.com",
    "Website": "www.indonesiamarathon.com"
  },
  "biaya_registrasi": "Tidak tercantum",
  "kategori": [
    "5K"
  ],
  "jenis_event": "road run"
}