{
  "image": "-",
  "judul": "Run With Heart 2015",
  "isi_informasi": "MNC Channels kembali menggelar event lari bergengsi, Run With Heart, pada 13 Desember 2015 di Alam Sutera. Kompetisi ini mengajak peserta berlari sejauh 5K dengan semangat berbagi. Acara akan dimeriahkan oleh Robby Purba, Ayu Ting Ting, dan Dede Suhendar, serta disiarkan secara langsung di RCTI dan MNC Sports.",
  "benefit_peserta": [
    "Kesempatan berlari untuk berbagi",
    "Partisipasi dalam acara yang meriah",
    "Dapat menyaksikan penampilan artis"
  ],
  "lokasi": "Alam Sutera, Tangerang",
  "kota": "Tangerang",
  "tanggal_event": "2015-12-13",
  "kontak_event": {
    "Instagram": [],
    "WhatsApp": "0812 119 911",
    "Email": "kontak@indonesiamarathon.com",
    "Website": "www.indonesiamarathon.com"
  },
  "biaya_registrasi": "Tidak tercantum",
  "kategori": [
    "5K"
  ],
  "jenis_event": "road run"
}