{
  "image": "-",
  "judul": "Runn inc",
  "isi_informasi": "Lomba Runn inc akan diadakan di SMA Islam Al Azhar 1, Kebayoran Baru, Indonesia. Jarak yang ditawarkan adalah 3 km.",
  "benefit_peserta": [
    "Kesempatan berolahraga",
    "Meningkatkan kebugaran",
    "Bertemu komunitas lari"
  ],
  "lokasi": "SMA Islam Al Azhar 1, Jl. Sisingamagaraja Kebayoran Baru, Indonesia 12110",
  "kota": "Jakarta",
  "tanggal_event": "Tidak tercantum",
  "kontak_event": {
    "Instagram": [],
    "WhatsApp": "0812 119 911",
    "Email": "kontak@indonesiamarathon.com",
    "Website": "www.indonesiamarathon.com"
  },
  "biaya_registrasi": "Tidak tercantum",
  "kategori": [
    "3K"
  ],
  "jenis_event": "road run"
}