{
  "image": "-",
  "judul": "Runtastic 7K",
  "isi_informasi": "Kopeahasanah dan Freeletics Bandung berkolaborasi untuk mengadakan Runtastic 7K, sebuah charity fun run di Bandung. Acara ini bertujuan untuk membantu anak-anak Kampung Sapan, Kabupaten Bandung, agar memiliki tempat belajar yang nyaman. Peserta akan berlari bersama anak-anak dari Madrasah Al-Ijtihad dan dimeriahkan oleh penampilan talenta lokal.",
  "benefit_peserta": [
    "Berpartisipasi dalam kegiatan amal",
    "Mendapatkan pengalaman berlari bersama komunitas",
    "Menikmati penampilan dari talenta lokal"
  ],
  "lokasi": "Tidak tercantum",
  "kota": "Bandung",
  "tanggal_event": "2025-01-19",
  "kontak_event": {
    "Instagram": [],
    "WhatsApp": "0812 119 911",
    "Email": "kontak@indonesiamarathon.com",
    "Website": "www.indonesiamarathon.com"
  },
  "biaya_registrasi": "Tidak tercantum",
  "kategori": [
    "7K"
  ],
  "jenis_event": "fun run"
}