{
  "image": "-",
  "judul": "Safari Run",
  "isi_informasi": "Safari Run adalah lomba lari dengan kategori jarak 5K. Untuk informasi lebih lanjut dan pendaftaran, kunjungi http://komp.as/safarirun.",
  "benefit_peserta": [
    "Kesempatan untuk berolahraga",
    "Meningkatkan kebugaran",
    "Bertemu dengan komunitas lari"
  ],
  "lokasi": "Tidak tercantum",
  "kota": "Tidak tercantum",
  "tanggal_event": "Tidak tercantum",
  "kontak_event": {
    "Instagram": [],
    "WhatsApp": "0812 119 911",
    "Email": "kontak@indonesiamarathon.com",
    "Website": "www.indonesiamarathon.com"
  },
  "biaya_registrasi": "Tidak tercantum",
  "kategori": [
    "5K"
  ],
  "jenis_event": "road run"
}