{
  "image": "-",
  "judul": "Safety Run For Saving Cervical",
  "isi_informasi": "Event lari ini mengajarkan peserta cara berlari yang aman dan benar, serta mengajak mereka untuk mendonasikan sebagian biaya pendaftaran untuk mendukung program peduli kanker serviks oleh Forum Mahasiswa Peduli Kesehatan Reproduksi Remaja FKM UI. Pendaftaran dapat dilakukan langsung pada hari acara, 10 Mei 2015, di Universitas Indonesia.",
  "benefit_peserta": [
    "Mendapatkan arahan berlari yang aman",
    "Kesempatan untuk berdonasi bagi program kanker serviks"
  ],
  "lokasi": "Universitas Indonesia",
  "kota": "Depok",
  "tanggal_event": "2015-05-10",
  "kontak_event": {
    "Instagram": [
      "@RumpanFKMUI"
    ],
    "WhatsApp": "087821132323",
    "Email": "kontak@indonesiamarathon.com",
    "Website": "www.indonesiamarathon.com"
  },
  "biaya_registrasi": "Tidak tercantum",
  "kategori": [
    "5K"
  ],
  "jenis_event": "road run"
}