{
  "image": "-",
  "judul": "Sarong Fun Run",
  "isi_informasi": "Sarong Fun Run akan diadakan di Kodam V Brawijaya Surabaya. Untuk informasi lebih lanjut dan pendaftaran, kunjungi http://www.matamediautama.com.",
  "benefit_peserta": [
    "Kesempatan berolahraga",
    "Berkumpul dengan komunitas",
    "Pengalaman menyenangkan"
  ],
  "lokasi": "Kodam V Brawijaya Surabaya",
  "kota": "Surabaya",
  "tanggal_event": "Tidak tercantum",
  "kontak_event": {
    "Instagram": [],
    "WhatsApp": "0812 119 911",
    "Email": "kontak@indonesiamarathon.com",
    "Website": "www.indonesiamarathon.com"
  },
  "biaya_registrasi": "Tidak tercantum",
  "kategori": [],
  "jenis_event": "fun run"
}