{
  "image": "-",
  "judul": "SauRun 2015",
  "isi_informasi": "SauRun kembali diadakan pada tahun 2015! Bergabunglah dalam lari malam khas Ramadhan di Ancol Taman Impian. Siapkan lampu kepala dan nikmati Saur hampers dari Mercure Hotel & Convention setelah berlari. Mesarace dengan bangga mempersembahkan salah satu acara favorit kami dan kami berharap Anda akan berlari bersama kami.",
  "benefit_peserta": [
    "Starter kit termasuk tas racepack, kaos, nomor BIB, medali finisher, dan Makan Saur gratis di Mercure Hotel & Convention"
  ],
  "lokasi": "Ancol Taman Impian, Jakarta",
  "kota": "Jakarta",
  "tanggal_event": "2015-07-01",
  "kontak_event": {
    "Instagram": [],
    "WhatsApp": "0812 119 911",
    "Email": "kontak@indonesiamarathon.com",
    "Website": "www.indonesiamarathon.com"
  },
  "biaya_registrasi": {
    "Half Marathon": "Rp. 250,000",
    "10K": "Rp. 225,000",
    "5K": "Rp. 200,000"
  },
  "kategori": [
    "5K",
    "10K",
    "21K"
  ],
  "jenis_event": "road run"
}