{
  "image": "-",
  "judul": "Sentul City 10K 2015",
  "isi_informasi": "Lomba lari Sentul City 10K 2015 akan diadakan dengan kategori jarak 10K. Untuk informasi lebih lanjut dan registrasi, kunjungi www.sentulcity10k.tujuhone.com.",
  "benefit_peserta": [
    "Kesempatan untuk berkompetisi",
    "Meningkatkan kebugaran",
    "Mendapatkan pengalaman berlari di event resmi"
  ],
  "lokasi": "Tidak tercantum",
  "kota": "Tidak tercantum",
  "tanggal_event": "2015-01-01",
  "kontak_event": {
    "Instagram": [],
    "WhatsApp": "0812 119 911",
    "Email": "kontak@indonesiamarathon.com",
    "Website": "www.indonesiamarathon.com"
  },
  "biaya_registrasi": "Tidak tercantum",
  "kategori": [
    "10K"
  ],
  "jenis_event": "road run"
}