{
  "image": "-",
  "judul": "Sentul Ultra Marathon 2015",
  "isi_informasi": "Sentul Ultra Marathon 2015 akan diadakan di Sentul dengan kategori jarak 60K. Untuk informasi lebih lanjut dan registrasi, kunjungi situs resmi.",
  "benefit_peserta": [
    "Kesempatan untuk berkompetisi dalam lomba lari jarak jauh",
    "Meningkatkan kebugaran dan kesehatan",
    "Pengalaman berlari di lingkungan alam"
  ],
  "lokasi": "Sentul",
  "kota": "Bogor",
  "tanggal_event": "2015-01-01",
  "kontak_event": {
    "Instagram": [],
    "WhatsApp": "0812 119 911",
    "Email": "kontak@indonesiamarathon.com",
    "Website": "www.indonesiamarathon.com"
  },
  "biaya_registrasi": "Tidak tercantum",
  "kategori": [
    "60K"
  ],
  "jenis_event": "trail run"
}