{
  "image": "-",
  "judul": "Sidoarjo Run 2015",
  "isi_informasi": "Sidoarjo Run 2015 menawarkan kategori jarak 5K. Jika terdapat informasi yang tidak akurat atau ada perubahan terkait lomba, mohon untuk menghubungi kami.",
  "benefit_peserta": [
    "Kesempatan berpartisipasi dalam lomba lari",
    "Mendapatkan pengalaman berlari di acara komunitas"
  ],
  "lokasi": "Tidak tercantum",
  "kota": "Sidoarjo",
  "tanggal_event": "2015-01-01",
  "kontak_event": {
    "Instagram": [],
    "WhatsApp": "0812 119 911",
    "Email": "kontak@indonesiamarathon.com",
    "Website": "www.indonesiamarathon.com"
  },
  "biaya_registrasi": "Tidak tercantum",
  "kategori": [
    "5K"
  ],
  "jenis_event": "road run"
}