{
  "image": "-",
  "judul": "simPATI DiscoverRun Palembang",
  "isi_informasi": "simPATI DiscoverRun adalah event lari 5 KM yang menggabungkan keseruan Color Party, Trap Run, dan Foam Party, memberikan pengalaman baru dalam lomba lari.",
  "benefit_peserta": [
    "Pengalaman lari yang unik dan menyenangkan",
    "Berpartisipasi dalam Color Party",
    "Menikmati Trap Run yang penuh kejutan",
    "Bergabung dalam Foam Party di garis finish"
  ],
  "lokasi": "Tidak tercantum",
  "kota": "Palembang",
  "tanggal_event": "Tidak tercantum",
  "kontak_event": {
    "Instagram": [],
    "WhatsApp": "0812 119 911",
    "Email": "kontak@indonesiamarathon.com",
    "Website": "www.indonesiamarathon.com"
  },
  "biaya_registrasi": "Tidak tercantum",
  "kategori": [
    "5K"
  ],
  "jenis_event": "fun run"
}