{
  "image": "-",
  "judul": "simPATI DiscoverRun Balikpapan",
  "isi_informasi": "simPATI DiscoverRun adalah acara lari 5 KM yang mengusung konsep Color Party dengan Trap Run, Color Firework, dan Foam Party, memberikan pengalaman baru dalam lomba lari.",
  "benefit_peserta": [
    "Pengalaman lari yang menyenangkan",
    "Labirin penuh kejutan",
    "Pesta busa di garis finish"
  ],
  "lokasi": "Tidak tercantum",
  "kota": "Balikpapan",
  "tanggal_event": "Tidak tercantum",
  "kontak_event": {
    "Instagram": [],
    "WhatsApp": "0812 119 911",
    "Email": "kontak@indonesiamarathon.com",
    "Website": "www.indonesiamarathon.com"
  },
  "biaya_registrasi": "Tidak tercantum",
  "kategori": [
    "5K"
  ],
  "jenis_event": "fun run"
}