{
  "image": "-",
  "judul": "SkyRun 2015",
  "isi_informasi": "SkyRun 2015 adalah acara lari yang melibatkan berbagai kategori, termasuk trail run dan virtual race. Untuk registrasi, kunjungi http://register.skyrun2015.com. Jika terdapat informasi yang tidak akurat atau perubahan terkait lomba, harap segera menginformasikannya.",
  "benefit_peserta": [
    "Kesempatan untuk berpartisipasi dalam acara lari yang menarik",
    "Dapatkan pengalaman berlari di jalur yang menantang",
    "Akses ke komunitas lari"
  ],
  "lokasi": "Tidak tercantum",
  "kota": "Tidak tercantum",
  "tanggal_event": "2025-01-01",
  "kontak_event": {
    "Instagram": [],
    "WhatsApp": "0812 119 911",
    "Email": "kontak@indonesiamarathon.com",
    "Website": "www.indonesiamarathon.com"
  },
  "biaya_registrasi": "Tidak tercantum",
  "kategori": [
    "trail run",
    "virtual run"
  ],
  "jenis_event": "road run"
}