{
  "image": "-",
  "judul": "Sorowako Run",
  "isi_informasi": "Sorowako Run merupakan kelanjutan dari Soroathon, lomba lari tahunan yang dimulai pada tahun 1980 dan berlangsung selama 25 tahun. Event ini didukung oleh PT Vale Indonesia Tbk dan Pemerintah daerah Luwu Timur. Dengan tagline 'Running by The Lake', Sorowako Run menawarkan rute lari yang indah di sekitar Danau Matano. Terdapat beberapa kategori jarak yang ditawarkan: 21K, 10K, 5K, dan fun run.",
  "benefit_peserta": [
    "Menikmati pemandangan indah Danau Matano",
    "Berpartisipasi dalam event bersejarah",
    "Mendapatkan pengalaman berlari yang unik"
  ],
  "lokasi": "Tidak tercantum",
  "kota": "Luwu Timur",
  "tanggal_event": "2025-01-19",
  "kontak_event": {
    "Instagram": [],
    "WhatsApp": "0812 119 911",
    "Email": "kontak@indonesiamarathon.com",
    "Website": "www.indonesiamarathon.com"
  },
  "biaya_registrasi": "Tidak tercantum",
  "kategori": [
    "21K",
    "10K",
    "5K",
    "fun run"
  ],
  "jenis_event": "road run"
}