{
  "image": "-",
  "judul": "Sundown Valentine Run",
  "isi_informasi": "Sundown Valentine Run adalah event lari yang diadakan untuk mengekspresikan kasih sayang kepada pasangan, sahabat, atau keluarga. Event ini unik karena peserta berlari saat matahari terbenam dengan rute yang berliku, menurun, dan menanjak di kawasan pepohonan. Terdapat tiga kategori lomba: 10K Umum, 5K Umum, dan 3K Umum yang melibatkan pelari dengan hewan peliharaan. Medali penamat akan diberikan kepada pelari yang menyelesaikan lomba sesuai rute.",
  "benefit_peserta": [
    "Kesempatan untuk berlari di waktu senja",
    "Rute yang menantang dengan pemandangan alam",
    "Medali penamat bagi yang berhasil menyelesaikan lomba"
  ],
  "lokasi": "Taman Budaya Sentul City",
  "kota": "Bogor",
  "tanggal_event": "2015-02-14",
  "kontak_event": {
    "Instagram": [],
    "WhatsApp": "0812 119 911",
    "Email": "kontak@indonesiamarathon.com",
    "Website": "www.indonesiamarathon.com"
  },
  "biaya_registrasi": "Tidak tercantum",
  "kategori": [
    "10K",
    "5K",
    "3K"
  ],
  "jenis_event": "road run"
}