{
  "image": "-",
  "judul": "SuperBall Run 2015",
  "isi_informasi": "SuperBall Run 2015 mengajak Anda menjadi yang pertama berlari di Flyover Kasablanka dengan jersey bola favorit. Setelah sukses di tahun pertama dengan 4.279 peserta di Flyover Kemayoran, tahun kedua ini menawarkan dua kategori: 8 Miles seharga Rp. 200.000 dan 3 Miles seharga Rp. 100.000. Terdapat juga kategori tambahan 'THE BEST COSTUME - CRAZY FOOTBALL' dengan hadiah voucher 2XU senilai Rp. 2.000.000 untuk pria dan wanita. Setiap peserta akan mendapatkan uang hadiah, medali finisher untuk 8 dan 3 miles, bib, chip waktu, penyegaran, serta banyak doorprize. Selain itu, peserta juga akan dilindungi dengan asuransi kecelakaan diri gratis senilai Rp. 50.000.000 selama 3 bulan dari AXA Life.",
  "benefit_peserta": [
    "Uang hadiah",
    "Medali finisher untuk 8 dan 3 miles",
    "Bib dan chip waktu",
    "Penyegaran",
    "Banyak doorprize",
    "Asuransi kecelakaan diri gratis"
  ],
  "lokasi": "Flyover Kasablanka, Jakarta",
  "kota": "Jakarta",
  "tanggal_event": "2015-01-19",
  "kontak_event": {
    "Instagram": [],
    "WhatsApp": "0812 119 911",
    "Email": "kontak@indonesiamarathon.com",
    "Website": "www.indonesiamarathon.com"
  },
  "biaya_registrasi": {
    "8 Miles": "Rp. 200.000",
    "3 Miles": "Rp. 100.000"
  },
  "kategori": [
    "3 Miles",
    "8 Miles"
  ],
  "jenis_event": "road run"
}