{
  "image": "-",
  "judul": "Tahura Djuanda Trail Running Race 2015",
  "isi_informasi": "Event ini berlangsung di Taman Hutan Raya Ir. H. Djuanda, Bandung, pada 17-18 Januari 2015. Terdapat beberapa kategori perlombaan, yaitu Half Marathon Trail 21km, Long Course 17km, Short Course 10km, dan Kelas Family. Peserta akan menerima atribut seperti nomor dada, kaos perlombaan, souvenir penamat, bibit pohon, serta akses ke pos air dan refreshment. Biaya pendaftaran bervariasi tergantung kategori yang dipilih.",
  "benefit_peserta": [
    "Atribut peserta berupa nomor dada, kaos perlombaan, dan souvenir penamat",
    "1 bibit pohon",
    "Pos air di beberapa titik dan refreshment di area finish",
    "Pemandangan indah dan trek yang menantang",
    "Gratis masuk Tahura Trail Running Expo"
  ],
  "lokasi": "Taman Hutan Raya Ir. H. Djuanda, Bandung, Jawa Barat",
  "kota": "Bandung",
  "tanggal_event": "2015-01-17",
  "kontak_event": {
    "Instagram": [],
    "WhatsApp": "0812 119 911",
    "Email": "kontak@indonesiamarathon.com",
    "Website": "www.indonesiamarathon.com"
  },
  "biaya_registrasi": {
    "Short Course": "Rp 200.000",
    "Long Course": "Rp 250.000",
    "Half Marathon Trail": "Rp 300.000",
    "Family": "Rp 350.000",
    "Loyalty Discount": {
      "Short Course": "Rp 180.000",
      "Long Course": "Rp 225.000"
    }
  },
  "kategori": [
    "Half Marathon Trail 21km",
    "Long Course 17km",
    "Short Course 10km",
    "Kelas Family"
  ],
  "jenis_event": "trail run"
}