{
  "image": "-",
  "judul": "Tambora Savana Run",
  "isi_informasi": "Tambora Savana Run adalah lomba lari lintas padang rumput dengan dua kategori, yaitu 12K dan 5K, yang ditargetkan diikuti oleh 2.000 peserta. Acara ini mengusung konsep 'sport tourism', menawarkan tantangan fisik sekaligus keindahan alam Pulau Sumbawa, termasuk panorama Gunung Tambora dan pesisir Teluk Saleh. Peserta juga dapat menikmati pengalaman petualangan dan menginap di camping ground dengan suasana malam yang tenang.",
  "benefit_peserta": [
    "Menikmati keindahan alam Pulau Sumbawa",
    "Pengalaman petualangan",
    "Camping di malam hari dengan suasana yang tenang"
  ],
  "lokasi": "Padang Rumput Doroncanga, Dompu, NTB",
  "kota": "Dompu",
  "tanggal_event": "2025-01-19",
  "kontak_event": {
    "Instagram": [],
    "WhatsApp": "0812 119 911",
    "Email": "kontak@indonesiamarathon.com",
    "Website": "www.indonesiamarathon.com"
  },
  "biaya_registrasi": "Tidak tercantum",
  "kategori": [
    "5K",
    "12K"
  ],
  "jenis_event": "trail run"
}