{
  "image": "-",
  "judul": "Tangerang 10K 2015",
  "isi_informasi": "Tangerang 10K adalah lomba maraton tahunan yang diselenggarakan oleh Pemerintah Kota Tangerang melalui Dinas Pemuda Olahraga Pariwisata dan Ekonomi Kreatif (DISPORPAREKRAF). Acara ini terbuka untuk umum dan tidak dipungut biaya.",
  "benefit_peserta": [
    "Kesempatan berpartisipasi dalam lomba lari",
    "Tanpa biaya pendaftaran"
  ],
  "lokasi": "Kantor DISPORPAREKRAF, Gedung Cisadane Jl. KS. Tubun No. 1 Koang Jaya Karawaci Kota Tangerang 15112",
  "kota": "Tangerang",
  "tanggal_event": "2015-01-01",
  "kontak_event": {
    "Instagram": [
      "Tidak tercantum"
    ],
    "WhatsApp": "0813 1105 3995",
    "Email": "info@tangerang10k.com",
    "Website": "www.indonesiamarathon.com"
  },
  "biaya_registrasi": "Tidak dipungut biaya",
  "kategori": [
    "10K"
  ],
  "jenis_event": "road run"
}