{
  "image": "-",
  "judul": "Teen Running Challenge",
  "isi_informasi": "Daftar dengan membeli produk HiLo Teen bubuk di INDOMARET minimal Rp100.000 untuk mendapatkan kode unik di struk. Kunjungi www.hilo-teen.com/runningchallenge dan masukkan kode untuk registrasi. Setelah itu, Anda akan menerima email konfirmasi untuk penukaran race pack.",
  "benefit_peserta": [
    "Kesempatan berlari di Pantai Carnaval Ancol",
    "Mendapatkan race pack"
  ],
  "lokasi": "Pantai Carnaval Ancol",
  "kota": "Jakarta",
  "tanggal_event": "2025-01-19",
  "kontak_event": {
    "Instagram": [],
    "WhatsApp": "0812 119 911",
    "Email": "kontak@indonesiamarathon.com",
    "Website": "www.indonesiamarathon.com"
  },
  "biaya_registrasi": "Tidak tercantum",
  "kategori": [
    "5K"
  ],
  "jenis_event": "road run"
}