{
  "image": "-",
  "judul": "Teh Javana Candi ke Candi 10k",
  "isi_informasi": "Event lari Teh Javana Candi ke Candi menawarkan kategori jarak 5K dan 10K. Untuk informasi lebih lanjut dan pendaftaran, kunjungi situs resmi.",
  "benefit_peserta": [
    "Kesempatan berlari di event resmi",
    "Mendapatkan pengalaman berlari yang menyenangkan",
    "Berpartisipasi dalam komunitas lari"
  ],
  "lokasi": "Tidak tercantum",
  "kota": "Tidak tercantum",
  "tanggal_event": "Tidak tercantum",
  "kontak_event": {
    "Instagram": [],
    "WhatsApp": "0812 119 911",
    "Email": "kontak@indonesiamarathon.com",
    "Website": "www.indonesiamarathon.com"
  },
  "biaya_registrasi": "Tidak tercantum",
  "kategori": [
    "5K",
    "10K"
  ],
  "jenis_event": "road run"
}