{
  "image": "-",
  "judul": "The Color Run Jakarta 2015",
  "isi_informasi": "The Color Run™ Presented by CIMB Niaga akan berlangsung di Jakarta pada 20 September 2015. Acara ini adalah lari 5K yang menyenangkan untuk semua kalangan, tanpa memandang usia, kecepatan, atau latar belakang. Peserta diharapkan mengenakan kaos putih di garis start dan siap untuk berwarna-warni di garis finish.",
  "benefit_peserta": [
    "Kesempatan untuk berlari dengan teman dan keluarga",
    "Acara yang ramah untuk semua usia dan kemampuan",
    "Pengalaman lari yang penuh warna dan menyenangkan"
  ],
  "lokasi": "Tidak tercantum",
  "kota": "Jakarta",
  "tanggal_event": "2015-09-20",
  "kontak_event": {
    "Instagram": [
      "@TheColorRunINA"
    ],
    "WhatsApp": "0812 119 911",
    "Email": "kontak@indonesiamarathon.com",
    "Website": "www.indonesiamarathon.com"
  },
  "biaya_registrasi": "Tidak tercantum",
  "kategori": [
    "5K"
  ],
  "jenis_event": "fun run"
}