{
  "image": "-",
  "judul": "The Music Run Jakarta 2015",
  "isi_informasi": "The Music Run™ adalah acara lari 5km yang tidak kompetitif dan tidak terikat waktu, dibagi menjadi lima zona musik 1km, masing-masing mewakili genre musik yang berbeda. Setiap zona memiliki daftar putar unik yang dipilih oleh komunitas Music Runner™. Dengan lebih dari 100 speaker berkualitas konser, acara ini menawarkan pengalaman imersi musik total saat peserta berlari, menari, tertawa, bernyanyi, dan tersenyum menuju Festival Musik di garis finish.",
  "benefit_peserta": [
    "Pengalaman lari yang menyenangkan dengan musik",
    "Kesempatan untuk berpartisipasi dalam festival musik",
    "Komunitas yang mendukung dan interaktif"
  ],
  "lokasi": "Tidak tercantum",
  "kota": "Jakarta",
  "tanggal_event": "2015-11-21",
  "kontak_event": {
    "Instagram": [],
    "WhatsApp": "0812 119 911",
    "Email": "kontak@indonesiamarathon.com",
    "Website": "www.indonesiamarathon.com"
  },
  "biaya_registrasi": "Tidak tercantum",
  "kategori": [
    "5K"
  ],
  "jenis_event": "fun run"
}