{
  "image": "-",
  "judul": "The Summer Run",
  "isi_informasi": "The Summer Run adalah festival lari 5K yang menawarkan perlombaan sekaligus hiburan meriah dan kepedulian terhadap alam, menjadikannya sebagai 'the coolest run on the earth'.",
  "benefit_peserta": [
    "Pengalaman lari yang menyenangkan",
    "Hiburan meriah",
    "Kesadaran akan lingkungan"
  ],
  "lokasi": "Tidak tercantum",
  "kota": "Tidak tercantum",
  "tanggal_event": "Tidak tercantum",
  "kontak_event": {
    "Instagram": [],
    "WhatsApp": "0812 119 911",
    "Email": "kontak@indonesiamarathon.com",
    "Website": "www.indonesiamarathon.com"
  },
  "biaya_registrasi": "Tidak tercantum",
  "kategori": [
    "5K"
  ],
  "jenis_event": "road run"
}