{
  "image": "-",
  "judul": "Todung UI Cup 2015 Fun Run",
  "isi_informasi": "Fun Run adalah bagian dari Closing Ceremony Todung UI Cup 2015, terbuka untuk umum yang ingin mendaftar dan menikmati pengalaman lari santai sejauh 8 km di hutan UI.",
  "benefit_peserta": [
    "Pengalaman lari santai",
    "Panorama hutan yang indah",
    "Kesempatan berpartisipasi dalam perayaan"
  ],
  "lokasi": "Tidak tercantum",
  "kota": "Tidak tercantum",
  "tanggal_event": "2015-01-19",
  "kontak_event": {
    "Instagram": [],
    "WhatsApp": "0812 119 911",
    "Email": "kontak@indonesiamarathon.com",
    "Website": "www.indonesiamarathon.com"
  },
  "biaya_registrasi": "Tidak tercantum",
  "kategori": [
    "fun run"
  ],
  "jenis_event": "fun run"
}