{
  "image": "-",
  "judul": "Tribuddies Triathlon 2015",
  "isi_informasi": "Tribuddies Triathlon 2015 adalah acara Triathlon untuk merayakan ulang tahun ke-3 komunitas Triathlon Buddies. Kegiatan ini bertujuan memberikan pengalaman bertanding dalam format Triathlon (Renang-Sepeda-Lari) dengan jarak Sprint bagi anggota yang belum pernah mengikuti perlombaan, dalam suasana kekeluargaan dan menyenangkan. Selain untuk peserta dewasa, juga akan ada perlombaan Triathlon untuk anak-anak (Kids Triathlon).",
  "benefit_peserta": [
    "Pengalaman bertanding dalam Triathlon",
    "Suasana kekeluargaan",
    "Kesempatan untuk berlatih sebelum mengikuti perlombaan resmi"
  ],
  "lokasi": "Jl. Springs Boulevard Blok C/001 Summarecon Serpong Gading Serpong, Tangerang 15810",
  "kota": "Tangerang",
  "tanggal_event": "2015-01-01",
  "kontak_event": {
    "Instagram": [],
    "WhatsApp": "0812 119 911",
    "Email": "kontak@indonesiamarathon.com",
    "Website": "www.indonesiamarathon.com"
  },
  "biaya_registrasi": "Tidak tercantum",
  "kategori": [
    "Sprint",
    "Kids Triathlon"
  ],
  "jenis_event": "road run"
}