{
  "image": "-",
  "judul": "Trisakti Golden Fun Run and Games",
  "isi_informasi": "Universitas Trisakti mengadakan Trisakti Golden Fun Run and Games dalam rangka memperingati Dies Natalis ke-50. Kegiatan ini mengajak masyarakat umum dan civitas akademika untuk berpartisipasi dalam acara yang menggabungkan olahraga dan permainan, bertujuan untuk mempromosikan gaya hidup sehat dan meningkatkan kreativitas generasi muda.",
  "benefit_peserta": [
    "Meningkatkan kesehatan",
    "Mendorong kreativitas",
    "Mempererat kebersamaan"
  ],
  "lokasi": "Tidak tercantum",
  "kota": "Tidak tercantum",
  "tanggal_event": "Tidak tercantum",
  "kontak_event": {
    "Instagram": [],
    "WhatsApp": "0812 119 911",
    "Email": "kontak@indonesiamarathon.com",
    "Website": "www.indonesiamarathon.com"
  },
  "biaya_registrasi": "Tidak tercantum",
  "kategori": [],
  "jenis_event": "fun run"
}