{
  "image": "-",
  "judul": "Tugu to Tugu Ultra Marathon 55K",
  "isi_informasi": "Tugu to Tugu Ultra Marathon 55K adalah lomba lari dengan kategori 55K. Untuk informasi lebih lanjut, hubungi Ibnu Alfa di 0811 1191 657.",
  "benefit_peserta": [],
  "lokasi": "Tidak tercantum",
  "kota": "Tidak tercantum",
  "tanggal_event": "Tidak tercantum",
  "kontak_event": {
    "Instagram": [],
    "WhatsApp": "0812 119 911",
    "Email": "kontak@indonesiamarathon.com",
    "Website": "www.indonesiamarathon.com"
  },
  "biaya_registrasi": "Tidak tercantum",
  "kategori": [
    "55K"
  ],
  "jenis_event": "trail run"
}