{
  "image": "-",
  "judul": "Ubaya Carnival Run",
  "isi_informasi": "Ubaya Carnival Run menawarkan kategori jarak 5K. Untuk informasi lebih lanjut dan pendaftaran, kunjungi http://carnivalrunubaya.com.",
  "benefit_peserta": [
    "Kesempatan berkompetisi dalam lomba lari",
    "Mendapatkan pengalaman berlari di acara yang meriah"
  ],
  "lokasi": "Tidak tercantum",
  "kota": "Tidak tercantum",
  "tanggal_event": "Tidak tercantum",
  "kontak_event": {
    "Instagram": [],
    "WhatsApp": "0812 119 911",
    "Email": "kontak@indonesiamarathon.com",
    "Website": "www.indonesiamarathon.com"
  },
  "biaya_registrasi": "Tidak tercantum",
  "kategori": [
    "5K"
  ],
  "jenis_event": "road run"
}