{
  "image": "-",
  "judul": "Unleash Your Happiness Run Festival 2015",
  "isi_informasi": "Event ini menawarkan kategori lari sejauh 5.5K. Untuk informasi lebih lanjut dan pendaftaran, kunjungi situs resmi.",
  "benefit_peserta": [
    "Kesempatan untuk berpartisipasi dalam acara lari",
    "Mendapatkan pengalaman berlari yang menyenangkan"
  ],
  "lokasi": "Tidak tercantum",
  "kota": "Tidak tercantum",
  "tanggal_event": "2015-01-01",
  "kontak_event": {
    "Instagram": [],
    "WhatsApp": "0812 119 911",
    "Email": "kontak@indonesiamarathon.com",
    "Website": "www.indonesiamarathon.com"
  },
  "biaya_registrasi": "Tidak tercantum",
  "kategori": [
    "5.5K"
  ],
  "jenis_event": "road run"
}