{
  "image": "-",
  "judul": "Water Run 2015",
  "isi_informasi": "Setelah sukses di tahun 2014, Water Run 2015 hadir dengan konsep yang lebih menarik dan tantangan yang lebih seru. Event ini merupakan Fun Run dengan jarak tempuh 8+K yang melibatkan unsur air, memberikan pengalaman menyenangkan dan menyehatkan. Siapkan diri Anda untuk tantangan yang lebih basah!",
  "benefit_peserta": [
    "Pengalaman lari yang menyenangkan",
    "Aktivitas seru dengan unsur air",
    "Hadiah menarik"
  ],
  "lokasi": "Tidak tercantum",
  "kota": "Tidak tercantum",
  "tanggal_event": "2015-01-01",
  "kontak_event": {
    "Instagram": [],
    "WhatsApp": "0812 119 911",
    "Email": "kontak@indonesiamarathon.com",
    "Website": "www.indonesiamarathon.com"
  },
  "biaya_registrasi": "Tidak tercantum",
  "kategori": [
    "Fun Run"
  ],
  "jenis_event": "fun run"
}