{
  "image": "-",
  "judul": "Yamaha Blue Core Run 3K",
  "isi_informasi": "Yamaha Blue Core Run 3K adalah lomba lari dengan kategori jarak 3K yang berlangsung di Lapangan Lumintang, Denpasar, Bali.",
  "benefit_peserta": [
    "Kesempatan berkompetisi",
    "Meningkatkan kebugaran",
    "Mendapatkan pengalaman berlari"
  ],
  "lokasi": "Lapangan Lumintang, Denpasar, Bali",
  "kota": "Denpasar",
  "tanggal_event": "Tidak tercantum",
  "kontak_event": {
    "Instagram": [],
    "WhatsApp": "0812 119 911",
    "Email": "kontak@indonesiamarathon.com",
    "Website": "www.indonesiamarathon.com"
  },
  "biaya_registrasi": "Tidak tercantum",
  "kategori": [
    "3K"
  ],
  "jenis_event": "road run"
}