{
  "image": "-",
  "judul": "Zinc Trail Run 2015",
  "isi_informasi": "Zinc Trail Run 2015 adalah lomba lari dengan kategori jarak 12K Trail. Untuk informasi lebih lanjut mengenai registrasi, kunjungi situs resmi.",
  "benefit_peserta": [
    "Kesempatan berkompetisi di jalur trail",
    "Meningkatkan kebugaran dan stamina",
    "Bertemu dengan komunitas lari"
  ],
  "lokasi": "Tidak tercantum",
  "kota": "Tidak tercantum",
  "tanggal_event": "2015-01-01",
  "kontak_event": {
    "Instagram": [],
    "WhatsApp": "0812 119 911",
    "Email": "kontak@indonesiamarathon.com",
    "Website": "www.indonesiamarathon.com"
  },
  "biaya_registrasi": "Tidak tercantum",
  "kategori": [
    "12K"
  ],
  "jenis_event": "trail run"
}