{
  "image": "-",
  "judul": "3rd Annual Jakarta Sports Week 6K Fun Run",
  "isi_informasi": "Event ini merupakan 6K fun run yang diadakan di FX Mall, Jakarta. Untuk informasi dan pendaftaran, kunjungi www.fxonlinereg.com.",
  "benefit_peserta": [
    "Kesempatan untuk berolahraga dan bersosialisasi",
    "Mendapatkan pengalaman berlari dalam acara yang terorganisir"
  ],
  "lokasi": "FX Mall, Jakarta",
  "kota": "Jakarta",
  "tanggal_event": "2025-01-19",
  "kontak_event": {
    "Instagram": [],
    "WhatsApp": "0812 119 911",
    "Email": "kontak@indonesiamarathon.com",
    "Website": "www.indonesiamarathon.com"
  },
  "biaya_registrasi": "Tidak tercantum",
  "kategori": [
    "6K"
  ],
  "jenis_event": "fun run"
}