{
  "image": "-",
  "judul": "5K Fun Run untuk Kesadaran Kanker Payudara",
  "isi_informasi": "Kategori lomba ini adalah 5K Fun Run dengan biaya pendaftaran sebesar Rp.50.000 per peserta. Informasi dan registrasi dapat dilakukan di Sheraton Surabaya Hotel & Towers atau melalui nomor telepon 031-5468000.",
  "benefit_peserta": [
    "Meningkatkan kesadaran tentang kanker payudara",
    "Kesempatan untuk berolahraga dan bersosialisasi"
  ],
  "lokasi": "Sheraton Surabaya Hotel & Towers",
  "kota": "Surabaya",
  "tanggal_event": "Tidak tercantum",
  "kontak_event": {
    "Instagram": [],
    "WhatsApp": "0812 119 911",
    "Email": "kontak@indonesiamarathon.com",
    "Website": "www.indonesiamarathon.com"
  },
  "biaya_registrasi": "Rp.50.000",
  "kategori": [
    "5K"
  ],
  "jenis_event": "fun run"
}