{
  "image": "-",
  "judul": "5k For Smiles Fun Run",
  "isi_informasi": "Acara 5k For Smiles akan berlangsung pada 7 September 2014 di Balai Kota Bandung, Jawa Barat. Kegiatan ini bertujuan untuk menggalang dana bagi Yayasan Pembina Penderita Celah Bibir dan Langit-langit (YPPCBL).",
  "benefit_peserta": [
    "Mendukung kegiatan amal",
    "Berpartisipasi dalam acara lari yang menyenangkan"
  ],
  "lokasi": "Balai Kota Bandung, Jawa Barat",
  "kota": "Bandung",
  "tanggal_event": "2014-09-07",
  "kontak_event": {
    "Instagram": [],
    "WhatsApp": "0812 119 911",
    "Email": "kontak@indonesiamarathon.com",
    "Website": "www.indonesiamarathon.com"
  },
  "biaya_registrasi": "Tidak tercantum",
  "kategori": [
    "5K"
  ],
  "jenis_event": "fun run"
}