{
  "image": "-",
  "judul": "ASEAN Fun Run 5K",
  "isi_informasi": "ASEAN Fun Run 5K mengajak peserta menikmati pengalaman 'berkeliling negara-negara ASEAN' melalui lari santai dengan rute Monas - Bundaran HI - Monas. Peserta akan melewati 5 checkpoint yang mencerminkan negara-negara ASEAN, di mana mereka akan menerima stiker negara yang akan ditempel pada nomor peserta. Terdapat juga pos penyegaran di sekitar Bundaran HI untuk mengambil air mineral. Setelah menyelesaikan rute sejauh 5 km, peserta harus menunjukkan semua stiker yang diperoleh kepada panitia untuk mendapatkan medali. Peserta juga dapat mengunjungi ASEAN Village untuk menikmati keunikan dan cita rasa makanan khas dari negara-negara ASEAN.",
  "benefit_peserta": [
    "Mendapatkan stiker negara-negara ASEAN",
    "Air mineral di pos penyegaran",
    "Medali setelah menyelesaikan lomba",
    "Kesempatan mengunjungi ASEAN Village"
  ],
  "lokasi": "Monas - Bundaran HI - Monas, Jakarta",
  "kota": "Jakarta",
  "tanggal_event": "2025-01-19",
  "kontak_event": {
    "Instagram": [],
    "WhatsApp": "0812 119 911",
    "Email": "kontak@indonesiamarathon.com",
    "Website": "www.indonesiamarathon.com"
  },
  "biaya_registrasi": "Tidak tercantum",
  "kategori": [
    "5K"
  ],
  "jenis_event": "fun run"
}