{
  "image": "-",
  "judul": "Bandung Tauhiid 10K",
  "isi_informasi": "Lomba lari Bandung Tauhiid 10K akan diadakan di Taman Tegalega, Bandung.",
  "benefit_peserta": [
    "Kesempatan untuk berkompetisi",
    "Mendapatkan pengalaman berlari di lokasi yang menarik"
  ],
  "lokasi": "Taman Tegalega, Bandung",
  "kota": "Bandung",
  "tanggal_event": "2025-01-19",
  "kontak_event": {
    "Instagram": [],
    "WhatsApp": "0812 119 911",
    "Email": "info@performax-eo.com",
    "Website": "www.indonesiamarathon.com"
  },
  "biaya_registrasi": "Tidak tercantum",
  "kategori": [
    "10K"
  ],
  "jenis_event": "road run"
}