{
  "image": "-",
  "judul": "Bandung Lautan Api 10K 2014",
  "isi_informasi": "Event lari Bandung Lautan Api 10K akan diadakan pada 1 Juni 2014 dari pukul 05.00 hingga 12.00 WIB di Jalan Merdeka, Bandung. Terdapat dua kategori peserta, yaitu pelajar (13-17 tahun) dan umum (non-atlet), dengan jarak lari 10K. Biaya registrasi sebesar Rp. 50.000.",
  "benefit_peserta": [
    "Kesempatan berkompetisi di event lari",
    "Mendapatkan pengalaman berlari di lingkungan yang ramai"
  ],
  "lokasi": "Jalan Merdeka, Bandung",
  "kota": "Bandung",
  "tanggal_event": "2014-06-01",
  "kontak_event": {
    "Instagram": [],
    "WhatsApp": "0812 119 911",
    "Email": "kontak@indonesiamarathon.com",
    "Website": "www.indonesiamarathon.com"
  },
  "biaya_registrasi": "Rp. 50.000",
  "kategori": [
    "Pelajar (13-17 tahun)",
    "Umum (non-atlet)"
  ],
  "jenis_event": "road run"
}