{
  "image": "-",
  "judul": "Bandung Love Run",
  "isi_informasi": "Event ini menawarkan kategori jarak 6m, 5K, dan 10K.",
  "benefit_peserta": [
    "Kesempatan untuk berolahraga",
    "Meningkatkan kesehatan",
    "Bertemu dengan komunitas lari"
  ],
  "lokasi": "Tidak tercantum",
  "kota": "Bandung",
  "tanggal_event": "Tidak tercantum",
  "kontak_event": {
    "Instagram": [],
    "WhatsApp": "0812 119 911",
    "Email": "kontak@indonesiamarathon.com",
    "Website": "www.indonesiamarathon.com"
  },
  "biaya_registrasi": "Tidak tercantum",
  "kategori": [
    "6m",
    "5K",
    "10K"
  ],
  "jenis_event": "road run"
}