{
  "image": "-",
  "judul": "Beehive Green Running 2014",
  "isi_informasi": "Beehive Green Running 2014 akan diselenggarakan pada Minggu, 19 Oktober 2014, di Surabaya Town Square (Sutos), Jalan Adityawarman No.55, Surabaya. Peserta akan berlari sejauh 5 Km, dimulai pukul 15.00 WIB. Pendaftaran dapat dilakukan secara online atau offline dengan biaya pendaftaran sebesar IDR 60.000. Peserta yang mendaftar harus membawa surat keterangan sehat pada hari acara.",
  "benefit_peserta": [
    "Mendapatkan merchandise menarik seperti T-Shirt dan Sunglasses",
    "Kesempatan memenangkan hadiah untuk the Best Runner"
  ],
  "lokasi": "Surabaya Town Square (Sutos), Jalan Adityawarman No.55, Surabaya",
  "kota": "Surabaya",
  "tanggal_event": "2014-10-19",
  "kontak_event": {
    "Instagram": [],
    "WhatsApp": "085645186675",
    "Email": "3gbeehive2k14@gmail.com",
    "Website": "www.indonesiamarathon.com"
  },
  "biaya_registrasi": "IDR 60.000",
  "kategori": [
    "5K"
  ],
  "jenis_event": "road run"
}