{
  "image": "-",
  "judul": "BII Maybank Bali Marathon 2014",
  "isi_informasi": "Pendaftaran untuk BII Maybank Bali Marathon 2014 dibuka pada Mei 2014. Untuk informasi lebih lanjut dan registrasi, kunjungi situs resmi.",
  "benefit_peserta": [
    "Kesempatan berlari di Bali",
    "Mendapatkan pengalaman lomba yang unik",
    "Berpartisipasi dalam komunitas lari"
  ],
  "lokasi": "Tidak tercantum",
  "kota": "Tidak tercantum",
  "tanggal_event": "2014-05-01",
  "kontak_event": {
    "Instagram": [],
    "WhatsApp": "0812 119 911",
    "Email": "kontak@indonesiamarathon.com",
    "Website": "www.indonesiamarathon.com"
  },
  "biaya_registrasi": "Tidak tercantum",
  "kategori": [],
  "jenis_event": "road run"
}