{
  "image": "-",
  "judul": "Borobudur 10K 2014",
  "isi_informasi": "Pemerintah Provinsi Jawa Tengah, bekerja sama dengan Persatuan Atletik Seluruh Indonesia (PASI), mengadakan lomba lari Borobudur 10K untuk memperkenalkan Jawa Tengah ke dunia internasional. Lomba ini berlangsung di kompleks Candi Borobudur, Magelang, dengan jarak 10 KM. Ajang ini pertama kali diadakan pada tahun 1990 dan telah mengalami beberapa perubahan nama hingga kembali menggunakan nama 'Borobudur 10K' pada tahun 2013.",
  "benefit_peserta": [
    "Memperkenalkan budaya dan pariwisata Jawa Tengah",
    "Kesempatan berlari di lokasi bersejarah"
  ],
  "lokasi": "Kompleks Candi Borobudur, Magelang, Jawa Tengah",
  "kota": "Magelang",
  "tanggal_event": "2014-00-00",
  "kontak_event": {
    "Instagram": [],
    "WhatsApp": "0812 119 911",
    "Email": "kontak@indonesiamarathon.com",
    "Website": "www.indonesiamarathon.com"
  },
  "biaya_registrasi": "Tidak tercantum",
  "kategori": [
    "10K"
  ],
  "jenis_event": "road run"
}