{
  "image": "-",
  "judul": "Bromo Marathon 2014",
  "isi_informasi": "Detail lomba belum diumumkan. Jika terdapat informasi yang tidak akurat atau ada perubahan, harap informasikan kepada kami.",
  "benefit_peserta": [],
  "lokasi": "Tidak tercantum",
  "kota": "Tidak tercantum",
  "tanggal_event": "Tidak tercantum",
  "kontak_event": {
    "Instagram": [],
    "WhatsApp": "0812 119 911",
    "Email": "kontak@indonesiamarathon.com",
    "Website": "www.indonesiamarathon.com"
  },
  "biaya_registrasi": "Tidak tercantum",
  "kategori": [],
  "jenis_event": "trail run"
}