{
  "image": "-",
  "judul": "Burners Ramadhan Night Race",
  "isi_informasi": "Burners Ramadhan Night Race menawarkan kategori jarak 5K dan 10K. Untuk informasi lebih lanjut dan pendaftaran, kunjungi http://www.cibubur-runners.org/brnr/.",
  "benefit_peserta": [
    "Kesempatan berlari di malam hari",
    "Kompetisi yang menarik",
    "Pengalaman berlari yang unik"
  ],
  "lokasi": "Tidak tercantum",
  "kota": "Tidak tercantum",
  "tanggal_event": "Tidak tercantum",
  "kontak_event": {
    "Instagram": [],
    "WhatsApp": "0812 119 911",
    "Email": "kontak@indonesiamarathon.com",
    "Website": "www.indonesiamarathon.com"
  },
  "biaya_registrasi": "Tidak tercantum",
  "kategori": [
    "5K",
    "10K"
  ],
  "jenis_event": "road run"
}