{
  "image": "-",
  "judul": "Capital Market Run by Panin Asset Management",
  "isi_informasi": "Event ini akan dilaksanakan di SCBD Sudirman pada hari Minggu, 27 April 2014, dengan start pukul 06:00. Pendaftaran dibuka dari 20 Februari 2014 hingga 31 Maret 2014 melalui www.panin-am.co.id atau www.imroadrunner.com/panin-am. Biaya pendaftaran sebesar Rp 150.000.",
  "benefit_peserta": [
    "Hadiah uang tunai untuk kategori umum",
    "Trophy untuk kategori Capital Market dan usia di atas 50 tahun"
  ],
  "lokasi": "SCBD Sudirman",
  "kota": "Jakarta",
  "tanggal_event": "2014-04-27",
  "kontak_event": {
    "Instagram": [],
    "WhatsApp": "0812 119 911",
    "Email": "kontak@indonesiamarathon.com",
    "Website": "www.indonesiamarathon.com"
  },
  "biaya_registrasi": "Rp 150.000",
  "kategori": [
    "10K",
    "5K"
  ],
  "jenis_event": "road run"
}