{
  "image": "-",
  "judul": "Combi Run 2014",
  "isi_informasi": "CombiRun 2014 kembali digelar oleh Combiphar bersama Alam Sutera, Boga Group, dan Golds’ Gym pada 18 Oktober 2014 dengan tema 'Celebrate Life'.",
  "benefit_peserta": [
    "Kesempatan berlari dalam acara yang meriah",
    "Tersedia kategori untuk anak-anak"
  ],
  "lokasi": "Alam Sutera",
  "kota": "Tangerang",
  "tanggal_event": "2014-10-18",
  "kontak_event": {
    "Instagram": [],
    "WhatsApp": "0812 119 911",
    "Email": "kontak@indonesiamarathon.com",
    "Website": "www.indonesiamarathon.com"
  },
  "biaya_registrasi": "Tidak tercantum",
  "kategori": [
    "5K",
    "10K",
    "Kid Dash"
  ],
  "jenis_event": "road run"
}