{
  "image": "-",
  "judul": "Dinar Run 2014",
  "isi_informasi": "Dinar Run 2014 adalah lomba lari 5K yang diselenggarakan oleh STEI Tazkia sebagai bagian dari kegiatan Days of Islamic Economic Revival (DINAR) keempat. Acara ini bertujuan untuk mempromosikan gaya hidup sehat dalam konteks ekonomi Islam kepada masyarakat, khususnya di Bogor.",
  "benefit_peserta": [
    "Nomor Dada 'BIB Number'",
    "Run T-shirt",
    "Medali Finisher",
    "Chip",
    "Rekening Ponsel CIMB Niaga Syariah"
  ],
  "lokasi": "Sentul City, Bogor",
  "kota": "Bogor",
  "tanggal_event": "2014-05-18",
  "kontak_event": {
    "Instagram": [],
    "WhatsApp": "0812 119 911",
    "Email": "kontak@indonesiamarathon.com",
    "Website": "www.indonesiamarathon.com"
  },
  "biaya_registrasi": {
    "umum": 150000,
    "pelajar_mahasiswa": 100000
  },
  "kategori": [
    "pelajar dan mahasiswa laki-laki",
    "pelajar dan mahasiswa perempuan",
    "umum laki-laki",
    "umum perempuan"
  ],
  "jenis_event": "road run"
}