{
  "image": "-",
  "judul": "Electro Run",
  "isi_informasi": "Electro Run™ adalah acara yang merayakan kesehatan, keunikan, dan individualitas, mengajak komunitas untuk merasakan keseruan lari sejauh lima kilometer. Acara ini merupakan kolaborasi antara Ismaya Live dan MESARACE yang diluncurkan pada tahun 2014.",
  "benefit_peserta": [
    "Pengalaman lari yang menyenangkan",
    "Kesempatan untuk berpartisipasi dalam acara komunitas",
    "Mendapatkan merchandise eksklusif"
  ],
  "lokasi": "Parkir Timur Senayan, Jakarta",
  "kota": "Jakarta",
  "tanggal_event": "2014-06-21",
  "kontak_event": {
    "Instagram": [],
    "WhatsApp": "0812 119 911",
    "Email": "kontak@indonesiamarathon.com",
    "Website": "www.indonesiamarathon.com"
  },
  "biaya_registrasi": {
    "reguler": 250000,
    "VIP": 500000
  },
  "kategori": [
    "5K"
  ],
  "jenis_event": "road run"
}