{
  "image": "-",
  "judul": "H24Run",
  "isi_informasi": "H24Run akan diadakan di Taman Impian Jaya Ancol pada 2 November 2014, mulai pukul 06.30 hingga 10.30 WIB. Acara ini mencakup lomba lari 10K, lomba lari 5K, Fun Walk, dan Kids Fun Run, serta berbagai aktivitas kesehatan seperti cek komposisi tubuh, senam jantung sehat, aerobik, dan nutrisi shake dari Herbalife. Peserta yang menyelesaikan lomba akan mendapatkan medali finisher, sementara anak-anak di Kids Fun Run akan menerima kaos finisher.",
  "benefit_peserta": [
    "Kaos Jersey lari Herbalife",
    "Bib dan Chip",
    "Nutrisi",
    "Tiket masuk Ancol",
    "Medali finisher"
  ],
  "lokasi": "Taman Impian Jaya Ancol, Jakarta",
  "kota": "Jakarta",
  "tanggal_event": "2014-11-02",
  "kontak_event": {
    "Instagram": [],
    "WhatsApp": "0812 119 911",
    "Email": "kontak@indonesiamarathon.com",
    "Website": "www.indonesiamarathon.com"
  },
  "biaya_registrasi": {
    "10K": "Rp 150.000",
    "5K": "Rp 125.000",
    "Fun Walk": "Rp 75.000",
    "Kids Fun Run": "Rp 85.000"
  },
  "kategori": [
    "10K",
    "5K",
    "Fun Walk",
    "Kids Fun Run"
  ],
  "jenis_event": "road run"
}