{
  "image": "-",
  "judul": "Habitat Day Fun Run 5K",
  "isi_informasi": "Biaya pendaftaran sebesar Rp 25.000 ditambah 3 botol plastik bekas yang akan disumbangkan kepada Bank Sampah. Pengambilan Race Pack berlangsung dari 6 hingga 11 Oktober 2014 di Kantor Sekretariat Nasional Habitat, Jln. Wijaya I no. 68, Kebayoran Baru, Jakarta. Konfirmasi pembayaran dapat dilakukan melalui email dengan menyertakan bukti pembayaran dan nama sesuai pendaftaran.",
  "benefit_peserta": [
    "Mendukung kegiatan lingkungan",
    "Mendapatkan Race Pack"
  ],
  "lokasi": "Kantor Sekretariat Nasional Habitat, Jln. Wijaya I no. 68, Kebayoran Baru, Jakarta",
  "kota": "Jakarta",
  "tanggal_event": "2014-10-06",
  "kontak_event": {
    "Instagram": [],
    "WhatsApp": "021-70805989",
    "Email": "info@habitat.org",
    "Website": "www.indonesiamarathon.com"
  },
  "biaya_registrasi": "Rp 25.000 + 3 botol plastik bekas",
  "kategori": [
    "5K"
  ],
  "jenis_event": "fun run"
}