{
  "image": "-",
  "judul": "HaloFit Run 2014",
  "isi_informasi": "HaloFit Run 2014 diadakan pada 15 Juni 2014 di Plaza Selatan Gelora Bung Karno Senayan, Jakarta, dalam rangka ulang tahun ke-19 Telkomsel. Acara ini terbuka untuk semua peserta, baik WNA maupun WNI, dengan kategori 10K OPEN dan 10K CLOSED. Semua peserta akan menerima medali finisher, dan hadiah uang tunai bagi yang tercepat. Terdapat juga kompetisi Flash Run untuk pelari 10K Closed. Pendaftaran berlangsung dari 5 Mei hingga 5 Juni 2014.",
  "benefit_peserta": [
    "Medali finisher untuk semua peserta",
    "Hadiah uang tunai untuk pemenang",
    "Kesempatan berpartisipasi dalam kompetisi Flash Run"
  ],
  "lokasi": "Plaza Selatan Gelora Bung Karno, Jakarta",
  "kota": "Jakarta",
  "tanggal_event": "2014-06-15",
  "kontak_event": {
    "Instagram": [],
    "WhatsApp": "0812 119 911",
    "Email": "kontak@indonesiamarathon.com",
    "Website": "www.indonesiamarathon.com"
  },
  "biaya_registrasi": "Tidak tercantum",
  "kategori": [
    "10K OPEN",
    "10K CLOSED"
  ],
  "jenis_event": "road run"
}