{
  "image": "-",
  "judul": "Have Fun Go Med 5K Fun Run",
  "isi_informasi": "Lomba lari ini merupakan kategori 5K dengan format fun run. Untuk informasi lebih lanjut dan pendaftaran, kunjungi situs resmi.",
  "benefit_peserta": [
    "Kesempatan berolahraga dengan cara yang menyenangkan",
    "Meningkatkan kebugaran",
    "Bertemu dengan komunitas lari"
  ],
  "lokasi": "Tidak tercantum",
  "kota": "Tidak tercantum",
  "tanggal_event": "Tidak tercantum",
  "kontak_event": {
    "Instagram": [],
    "WhatsApp": "0812 119 911",
    "Email": "kontak@indonesiamarathon.com",
    "Website": "www.indonesiamarathon.com"
  },
  "biaya_registrasi": "Tidak tercantum",
  "kategori": [
    "5K"
  ],
  "jenis_event": "fun run"
}