{
  "image": "-",
  "judul": "Independence Day 2014 Glow & Color Night Run",
  "isi_informasi": "Lomba ini akan diadakan di Balai Pemuda, Surabaya pada 15 Agustus 2014, dari pukul 18.00 hingga 22.00 WIB.",
  "benefit_peserta": [
    "Kesempatan berlari di malam hari dengan suasana yang meriah",
    "Mendapatkan pengalaman unik dalam lomba lari"
  ],
  "lokasi": "Balai Pemuda, Surabaya",
  "kota": "Surabaya",
  "tanggal_event": "2014-08-15",
  "kontak_event": {
    "Instagram": [],
    "WhatsApp": "0857 06394 437",
    "Email": "kontak@indonesiamarathon.com",
    "Website": "www.indonesiamarathon.com"
  },
  "biaya_registrasi": "Tidak tercantum",
  "kategori": [
    "5K"
  ],
  "jenis_event": "road run"
}