{
  "image": "-",
  "judul": "Independence Day Run 2014",
  "isi_informasi": "Dalam rangka memperingati HUT Kemerdekaan RI ke-69, Istana Presiden bersama Garuda Finishers mengadakan Independence Day Run 2014 pada 31 Agustus 2014 di Istana Negara. Acara ini gratis untuk masyarakat dan bertujuan meningkatkan kedekatan Istana dengan rakyat. Sebanyak 45.000 pelari akan berpartisipasi dalam dua kategori: 17K (perorangan dan kelompok) dan 8K (perorangan dan kostum terbaik). Total 11.000 medali akan diberikan kepada pelari yang finis pertama, dan enam pemenang dari setiap kategori akan mendapatkan hadiah uang tunai. Kategori kostum terbaik terbuka untuk WNI dan WNA. Acara ini mengajak masyarakat untuk meningkatkan rasa nasionalisme melalui olahraga lari.",
  "benefit_peserta": [
    "Meningkatkan kedekatan dengan Istana Presiden",
    "Kesempatan memenangkan medali dan hadiah uang tunai",
    "Mendorong gaya hidup sehat dan nasionalisme"
  ],
  "lokasi": "Istana Negara, Jakarta",
  "kota": "Jakarta",
  "tanggal_event": "2014-08-31",
  "kontak_event": {
    "Instagram": [],
    "WhatsApp": "0812 119 911",
    "Email": "kontak@indonesiamarathon.com",
    "Website": "www.indonesiamarathon.com"
  },
  "biaya_registrasi": "Gratis",
  "kategori": [
    "17K",
    "8K"
  ],
  "jenis_event": "road run"
}