{
  "image": "-",
  "judul": "Indonesia Fitness & Health Expo 2014 Run",
  "isi_informasi": "Event lari ini akan diadakan di Balai Kartini, Jakarta Selatan, dengan kategori jarak 5K dan 10K.",
  "benefit_peserta": [
    "Kesempatan berolahraga",
    "Meningkatkan kesehatan",
    "Bertemu komunitas lari"
  ],
  "lokasi": "Balai Kartini, Jalan Gatot Subroto, Jakarta Selatan",
  "kota": "Jakarta Selatan",
  "tanggal_event": "2014-01-01",
  "kontak_event": {
    "Instagram": [],
    "WhatsApp": "0812 119 911",
    "Email": "kontak@indonesiamarathon.com",
    "Website": "www.indonesiamarathon.com"
  },
  "biaya_registrasi": "Tidak tercantum",
  "kategori": [
    "5K",
    "10K"
  ],
  "jenis_event": "road run"
}