{
  "image": "-",
  "judul": "Jakarta Race Series 2014 #2",
  "isi_informasi": "Event ini berlangsung di British International School, Bintaro dengan kategori jarak 5K, 2.5K Fun Run, dan 100m Kid Dash. Untuk informasi lebih lanjut dan pendaftaran, kunjungi http://www.jakartafreespirit.org/.",
  "benefit_peserta": [
    "Kesempatan berlari di acara yang terorganisir",
    "Partisipasi dalam kategori yang beragam",
    "Pengalaman berlari di lokasi yang menarik"
  ],
  "lokasi": "British International School, Bintaro",
  "kota": "Tangerang Selatan",
  "tanggal_event": "2014-00-00",
  "kontak_event": {
    "Instagram": [],
    "WhatsApp": "0812 119 911",
    "Email": "kontak@indonesiamarathon.com",
    "Website": "www.indonesiamarathon.com"
  },
  "biaya_registrasi": "Tidak tercantum",
  "kategori": [
    "5K",
    "Fun Run",
    "Kid Dash"
  ],
  "jenis_event": "road run"
}