{
  "image": "-",
  "judul": "Jakarta International 10K 2014",
  "isi_informasi": "Dalam rangka memperingati Hari Jadi Jakarta ke-487, Dinas Olahraga dan Pemuda DKI Jakarta, bersama PB PASI dan D&Dproduction, mengadakan Lomba Lari Jakarta International 10K. Acara ini merupakan lomba lari jalan raya sejauh 10 kilometer yang berlangsung di salah satu jalan utama Jakarta dan Monumen Nasional pada hari Minggu, 8 Juni 2014, dengan target peserta sebanyak 35.000 orang.",
  "benefit_peserta": [
    "Kesempatan berpartisipasi dalam lomba lari internasional",
    "Mendapatkan perlengkapan lomba saat registrasi"
  ],
  "lokasi": "Silang Monas Barat Daya, Jakarta",
  "kota": "Jakarta",
  "tanggal_event": "2014-06-08",
  "kontak_event": {
    "Instagram": [],
    "WhatsApp": "0812 119 911",
    "Email": "info@jakartainternational10k.com",
    "Website": "www.indonesiamarathon.com"
  },
  "biaya_registrasi": {
    "Pelajar": "Gratis",
    "Umum": "Gratis"
  },
  "kategori": [
    "atlet elit internasional",
    "atlet elit nasional",
    "umum",
    "pelajar"
  ],
  "jenis_event": "road run"
}