{
  "image": "-",
  "judul": "Jakarta Green Run",
  "isi_informasi": "Astra mempersembahkan Jakarta Green Run dalam rangka memperingati Hari Lingkungan. Lomba lari 5K ini mengajak peserta untuk berkontribusi pada lingkungan dengan menyumbangkan satu pohon untuk setiap pelari. Acara ini akan berlangsung pada 15 Juni 2014 di Parkir Timur Senayan, mulai pukul 06.00. Terdapat cashback Rp 50.000 bagi pelari yang menukarkan 10 botol plastik saat pengambilan RacePack. Semua peserta yang menyelesaikan lomba akan mendapatkan medali.",
  "benefit_peserta": [
    "Menyumbangkan satu pohon untuk lingkungan",
    "Kesempatan mendapatkan cashback",
    "Medali bagi semua penamat",
    "Partisipasi dalam Green Exhibition dan Green Competition",
    "Penampilan spesial dari Project Pop"
  ],
  "lokasi": "Parkir Timur Senayan",
  "kota": "Jakarta",
  "tanggal_event": "2014-06-15",
  "kontak_event": {
    "Instagram": [],
    "WhatsApp": "0812 119 911",
    "Email": "kontak@indonesiamarathon.com",
    "Website": "www.indonesiamarathon.com"
  },
  "biaya_registrasi": {
    "Perorangan": "Rp 125.000",
    "Grup (4 orang)": "Rp 400.000"
  },
  "kategori": [
    "5K"
  ],
  "jenis_event": "road run"
}