{
  "image": "-",
  "judul": "Jakarta Kids Dash",
  "isi_informasi": "Jakarta Kids Dash adalah lomba lari yang ditujukan untuk anak-anak, diadakan pada 19 Oktober 2014 di Pantai Festival Taman Impian Jaya Ancol. Event ini menawarkan jalur lomba yang aman dan fasilitas wisata yang memadai. Setiap peserta akan menerima kaus jersey, bib, chip chronotrack, tiket masuk TIJA, voucher diskon 50% untuk Atlantis dan Gelanggang Samudra, serta medali bagi yang mencapai garis finish. Acara ini juga dilengkapi dengan berbagai aktivitas menyenangkan seperti senam pagi dan hiphop dance untuk anak-anak.",
  "benefit_peserta": [
    "Kaus jersey lomba",
    "Bib",
    "Chronotrack chip",
    "Tiket masuk TIJA",
    "Voucher diskon 50% untuk Atlantis & Gelanggang Samudra",
    "Medali penamat"
  ],
  "lokasi": "Pantai Festival Taman Impian Jaya Ancol",
  "kota": "Jakarta",
  "tanggal_event": "2014-10-19",
  "kontak_event": {
    "Instagram": [],
    "WhatsApp": "0812 119 911",
    "Email": "kontak@indonesiamarathon.com",
    "Website": "www.indonesiamarathon.com"
  },
  "biaya_registrasi": "Tidak tercantum",
  "kategori": [
    "Anoa Dash (3-5 tahun, 800 meter)",
    "Komodo Dash (6-8 tahun, 1,6 km)",
    "Harimau Dash (9-12 tahun, 1,6 km)"
  ],
  "jenis_event": "road run"
}