{
  "image": "-",
  "judul": "Jakarta Race Series 2014 #4",
  "isi_informasi": "Event lari ini akan berlangsung di Kebun Binatang Ragunan, Jakarta, dengan kategori jarak 5K, 2.5K Fun Run, dan 100m Kid Dash.",
  "benefit_peserta": [
    "Kesempatan berlari di lokasi yang menarik",
    "Partisipasi dalam kategori yang beragam",
    "Pengalaman berlari bersama komunitas"
  ],
  "lokasi": "Kebun Binatang Ragunan, Jakarta",
  "kota": "Jakarta",
  "tanggal_event": "2014-00-00",
  "kontak_event": {
    "Instagram": [],
    "WhatsApp": "0812 119 911",
    "Email": "kontak@indonesiamarathon.com",
    "Website": "www.indonesiamarathon.com"
  },
  "biaya_registrasi": "Tidak tercantum",
  "kategori": [
    "5K",
    "2.5K Fun Run",
    "100m Kid Dash"
  ],
  "jenis_event": "road run"
}