{
  "image": "-",
  "judul": "Jakarta Race Series 2014 #3",
  "isi_informasi": "Event ini akan berlangsung di STB ACS, Jakarta, dengan kategori jarak 5K, 2.5K Fun Run, dan 100m Kid Dash.",
  "benefit_peserta": [
    "Kesempatan berlari di acara yang terorganisir",
    "Pengalaman berkompetisi dengan peserta lain",
    "Aktivitas fisik yang menyenangkan"
  ],
  "lokasi": "STB ACS, Jakarta",
  "kota": "Jakarta",
  "tanggal_event": "2014-00-00",
  "kontak_event": {
    "Instagram": [],
    "WhatsApp": "0812 119 911",
    "Email": "kontak@indonesiamarathon.com",
    "Website": "www.indonesiamarathon.com"
  },
  "biaya_registrasi": "Tidak tercantum",
  "kategori": [
    "5K",
    "Fun Run",
    "Kid Dash"
  ],
  "jenis_event": "road run"
}