{
  "image": "-",
  "judul": "Jakarta Race Series 2014 #1",
  "isi_informasi": "Event ini berlangsung di Jakarta International School, Cilandak, dengan kategori jarak 5K, 2.5K Fun Run, dan 100m Kid Dash. Untuk informasi lebih lanjut dan pendaftaran, kunjungi http://www.jakartafreespirit.org/.",
  "benefit_peserta": [
    "Kesempatan berlari di event resmi",
    "Mendapatkan pengalaman berkompetisi",
    "Aktivitas fisik yang menyenangkan"
  ],
  "lokasi": "Jakarta International School, Cilandak",
  "kota": "Jakarta",
  "tanggal_event": "2014-01-01",
  "kontak_event": {
    "Instagram": [],
    "WhatsApp": "0812 119 911",
    "Email": "kontak@indonesiamarathon.com",
    "Website": "www.indonesiamarathon.com"
  },
  "biaya_registrasi": "Tidak tercantum",
  "kategori": [
    "5K",
    "Fun Run",
    "Kid Dash"
  ],
  "jenis_event": "road run"
}