{
  "image": "-",
  "judul": "Jakarta Kids Run",
  "isi_informasi": "Informasi dan pendaftaran untuk Jakarta Kids Run dapat diakses melalui situs resmi.",
  "benefit_peserta": [
    "Kesempatan berlari bersama teman sebaya",
    "Meningkatkan kesehatan dan kebugaran",
    "Pengalaman berkompetisi dalam acara lari"
  ],
  "lokasi": "Tidak tercantum",
  "kota": "Jakarta",
  "tanggal_event": "Tidak tercantum",
  "kontak_event": {
    "Instagram": [],
    "WhatsApp": "0812 119 911",
    "Email": "kontak@indonesiamarathon.com",
    "Website": "www.indonesiamarathon.com"
  },
  "biaya_registrasi": "Tidak tercantum",
  "kategori": [],
  "jenis_event": "fun run"
}