{
  "image": "-",
  "judul": "Jakarta Wine & Cheese Run 2014",
  "isi_informasi": "Jakarta Wine & Cheese Run 2014 (JWCR) kembali digelar setelah sukses tahun lalu di La Piazza - Kelapa Gading. Acara ini terinspirasi dari 'Marathon du Medoc' di Bordeaux, Prancis, dan melibatkan pelari dari berbagai negara, termasuk Asia-Pasifik. JWCR merupakan bagian dari Wine & Cheese Expo dan Jakarta Fashion & Food Festival (JFFF). Dengan rute di lingkungan hijau Kelapa Gading, JWCR diharapkan menjadi salah satu acara lari terbesar di Jakarta. Peserta dapat mengenakan kostum favorit mereka, dan tahun ini anak-anak juga dapat ikut serta dalam kategori KidDash (1.2K).",
  "benefit_peserta": [
    "Kesempatan mengenakan kostum menarik",
    "Hadiah menarik untuk pemenang",
    "Partisipasi untuk semua usia"
  ],
  "lokasi": "Kelapa Gading, Jakarta Utara",
  "kota": "Jakarta",
  "tanggal_event": "2014-05-25",
  "kontak_event": {
    "Instagram": [],
    "WhatsApp": "0812 119 911",
    "Email": "kontak@indonesiamarathon.com",
    "Website": "www.indonesiamarathon.com"
  },
  "biaya_registrasi": {
    "10KM": "Tidak tercantum",
    "5KM": "Tidak tercantum",
    "KidDash": "Tidak tercantum"
  },
  "kategori": [
    "10KM",
    "5KM",
    "1.2KM"
  ],
  "jenis_event": "road run"
}