{
  "image": "-",
  "judul": "Karnaval SCTV Run 5K",
  "isi_informasi": "Dalam rangka merayakan Karnaval SCTV 2014, SCTV mengadakan Karnaval SCTV Run di Surabaya pada 9 Maret 2014. Pendaftaran dibuka dari 3 Februari hingga 2 Maret 2014. Acara ini dimulai dan diakhiri di Lapangan Makodam Brawijaya dengan jarak tempuh 5 kilometer.",
  "benefit_peserta": [
    "Kesempatan berpartisipasi dalam acara besar",
    "Mendapatkan pengalaman berlari di lingkungan yang meriah"
  ],
  "lokasi": "Lapangan Makodam Brawijaya, Surabaya",
  "kota": "Surabaya",
  "tanggal_event": "2014-03-09",
  "kontak_event": {
    "Instagram": [],
    "WhatsApp": "0812 119 911",
    "Email": "kontak@indonesiamarathon.com",
    "Website": "www.indonesiamarathon.com"
  },
  "biaya_registrasi": "Tidak tercantum",
  "kategori": [
    "5K"
  ],
  "jenis_event": "road run"
}