{
  "image": "-",
  "judul": "Kids Fantasy Run",
  "isi_informasi": "Ajak anak Anda untuk berpartisipasi dalam lomba lari seru dengan kostum favorit mereka, seperti kostum profesi, superhero, atau tokoh kartun. Pastikan mereka mengenakan sepatu olahraga agar tetap nyaman.",
  "benefit_peserta": [
    "Kesempatan berlari dengan kostum favorit",
    "Hadiah menarik",
    "Aktivitas fisik yang menyenangkan"
  ],
  "lokasi": "Outdoor Carpark – Kota Kasablanka",
  "kota": "Jakarta",
  "tanggal_event": "2014-11-29",
  "kontak_event": {
    "Instagram": [],
    "WhatsApp": "0812 119 911",
    "Email": "kontak@indonesiamarathon.com",
    "Website": "www.indonesiamarathon.com"
  },
  "biaya_registrasi": "Rp.100.000,-",
  "kategori": [
    "400m (3-7 tahun)",
    "600m (8-10 tahun)"
  ],
  "jenis_event": "fun run"
}