{
  "image": "-",
  "judul": "KolaboRUNsi 5K",
  "isi_informasi": "KolaboRUNsi 5K adalah lomba lari dengan jarak 5 km. Pendaftaran dapat dilakukan di Perpustakaan atau Gazebo Bundaran Universitas Brawijaya serta di CFD Ijen-Malang pada hari Minggu. Untuk informasi lebih lanjut, peserta dapat menghubungi nomor 085746531153 atau 08564559669.",
  "benefit_peserta": [
    "Kesempatan berlari di acara komunitas",
    "Mendapatkan pengalaman berlari yang menyenangkan"
  ],
  "lokasi": "Perpustakaan / Gazebo Bundaran Universitas Brawijaya & CFD Ijen-Malang",
  "kota": "Malang",
  "tanggal_event": "Tidak tercantum",
  "kontak_event": {
    "Instagram": [],
    "WhatsApp": "085746531153",
    "Email": "info@creatorid.com",
    "Website": "www.indonesiamarathon.com"
  },
  "biaya_registrasi": "Tidak tercantum",
  "kategori": [
    "5K"
  ],
  "jenis_event": "road run"
}