{
  "image": "-",
  "judul": "LaboRun 2014",
  "isi_informasi": "LaboRun 2014 akan diselenggarakan pada 11 Oktober 2014, mulai pukul 16.00 WIB, dengan kategori jarak 5K. Acara ini berlangsung di SMAK Ora et Labora, Bumi Serpong Damai, Tangerang Selatan. Biaya registrasi sebesar Rp.150.000, yang sudah termasuk tiket pensi LABRAKADABRA 2014.",
  "benefit_peserta": [
    "Kesempatan berlari dalam acara resmi",
    "Tiket pensi LABRAKADABRA 2014"
  ],
  "lokasi": "SMAK Ora et Labora - Bumi Serpong Damai, Tangerang Selatan",
  "kota": "Tangerang Selatan",
  "tanggal_event": "2014-10-11",
  "kontak_event": {
    "Instagram": [],
    "WhatsApp": "0812.200.237.58",
    "Email": "kontak@indonesiamarathon.com",
    "Website": "www.indonesiamarathon.com"
  },
  "biaya_registrasi": "Rp.150.000",
  "kategori": [
    "5K"
  ],
  "jenis_event": "road run"
}