{
  "image": "-",
  "judul": "Labschool SKY Run 5K 2014",
  "isi_informasi": "Lomba lari Labschool SKY Run 5K 2014 akan diselenggarakan dengan kategori jarak 5K. Pendaftaran dapat dilakukan secara online melalui tautan yang disediakan.",
  "benefit_peserta": [
    "Kesempatan berpartisipasi dalam lomba lari",
    "Mendapatkan pengalaman berlari di acara komunitas"
  ],
  "lokasi": "Tidak tercantum",
  "kota": "Tidak tercantum",
  "tanggal_event": "2014-01-01",
  "kontak_event": {
    "Instagram": [],
    "WhatsApp": "081510339899",
    "Email": "kontak@indonesiamarathon.com",
    "Website": "www.indonesiamarathon.com"
  },
  "biaya_registrasi": "Tidak tercantum",
  "kategori": [
    "5K"
  ],
  "jenis_event": "road run"
}