{
  "image": "-",
  "judul": "Lantern Night Run",
  "isi_informasi": "Lantern Night Run akan diselenggarakan di Tangerang dengan kategori jarak 5K. Untuk informasi lebih lanjut dan pendaftaran, kunjungi http://run.print.kompas.com.",
  "benefit_peserta": [
    "Kesempatan berlari di malam hari",
    "Meningkatkan kebugaran",
    "Bertemu dengan komunitas pelari"
  ],
  "lokasi": "Tangerang",
  "kota": "Tangerang",
  "tanggal_event": "Tidak tercantum",
  "kontak_event": {
    "Instagram": [],
    "WhatsApp": "0812 119 911",
    "Email": "kontak@indonesiamarathon.com",
    "Website": "www.indonesiamarathon.com"
  },
  "biaya_registrasi": "Tidak tercantum",
  "kategori": [
    "5K"
  ],
  "jenis_event": "road run"
}