{
  "image": "-",
  "judul": "League Grip the Road",
  "isi_informasi": "Event lari 'League Grip the Road' akan berlangsung pada tanggal 19 Oktober 2014 di Arena JIExpo Kemayoran, Jakarta Pusat. Terdapat dua kategori jarak yang ditawarkan, yaitu 8K dan 15K.",
  "benefit_peserta": [
    "Kesempatan untuk berkompetisi dalam kategori jarak 8K dan 15K",
    "Mendapatkan pengalaman berlari di lokasi yang menarik"
  ],
  "lokasi": "Arena JIExpo Kemayoran, Jakarta Pusat",
  "kota": "Jakarta",
  "tanggal_event": "2014-10-19",
  "kontak_event": {
    "Instagram": [],
    "WhatsApp": "0812 119 911",
    "Email": "kontak@indonesiamarathon.com",
    "Website": "www.indonesiamarathon.com"
  },
  "biaya_registrasi": "Tidak tercantum",
  "kategori": [
    "8K",
    "15K"
  ],
  "jenis_event": "road run"
}