{
  "image": "-",
  "judul": "Lomba Lari 10K HUT TNI Ke-69",
  "isi_informasi": "Dalam rangka memperingati HUT ke-69 TNI, akan diadakan Lomba Lari 10 Kilometer di Surabaya pada Minggu, 14 September 2014. Target peserta adalah 10.000 pelari, yang akan dilepas oleh Panglima TNI di Gedung Grahadi pada pukul 06.00 WIB. Rute lomba meliputi beberapa jalan utama di Surabaya dan berakhir di Lapangan Kodam V/Brawijaya. Terdapat berbagai kategori peserta, termasuk TNI, Polri, atlet elit, umum, dan pelajar. Lomba ini juga menawarkan hadiah menarik, termasuk dua unit mobil bagi yang memecahkan rekor nasional. Pendaftaran gratis dibuka dari 25 Agustus hingga 12 September 2014.",
  "benefit_peserta": [
    "Kesempatan memenangkan hadiah mobil bagi pemecah rekor nasional",
    "Total hadiah Rp. 400 Juta, medali, dan piagam penghargaan",
    "Hadiah door prize seperti sepeda motor, kulkas, dan TV LCD"
  ],
  "lokasi": "Gedung Grahadi, Jl. Gubernur Suryo No. 7, Surabaya, Jawa Timur",
  "kota": "Surabaya",
  "tanggal_event": "2014-09-14",
  "kontak_event": {
    "Instagram": [],
    "WhatsApp": "082.139113192",
    "Email": "kontak@indonesiamarathon.com",
    "Website": "www.indonesiamarathon.com"
  },
  "biaya_registrasi": "Gratis",
  "kategori": [
    "TNI",
    "Elit Atlet",
    "Umum",
    "Pelajar"
  ],
  "jenis_event": "road run"
}