{
  "image": "-",
  "judul": "LPS Run 2014",
  "isi_informasi": "LPS Run 2014 menawarkan kategori jarak 5K Fun Run dengan promo diskon 50% untuk registrasi menggunakan Mandiri Fiesta Poin.",
  "benefit_peserta": [
    "Diskon registrasi 50%",
    "Kesempatan berpartisipasi dalam acara lari"
  ],
  "lokasi": "Tidak tercantum",
  "kota": "Tidak tercantum",
  "tanggal_event": "2014-01-01",
  "kontak_event": {
    "Instagram": [],
    "WhatsApp": "0812 119 911",
    "Email": "kontak@indonesiamarathon.com",
    "Website": "www.indonesiamarathon.com"
  },
  "biaya_registrasi": "Tidak tercantum",
  "kategori": [
    "5K"
  ],
  "jenis_event": "fun run"
}