{
  "image": "-",
  "judul": "Makassar Running Festival",
  "isi_informasi": "Makassar Running Festival menawarkan kategori jarak 21K, 10K, 5K, dan 3K. Untuk informasi lebih lanjut dan pendaftaran, kunjungi situs resmi mereka.",
  "benefit_peserta": [
    "Kesempatan untuk berpartisipasi dalam lomba lari",
    "Mendapatkan pengalaman berlari di acara besar",
    "Mendapatkan kaos peserta"
  ],
  "lokasi": "Tidak tercantum",
  "kota": "Makassar",
  "tanggal_event": "Tidak tercantum",
  "kontak_event": {
    "Instagram": [],
    "WhatsApp": "0812 119 911",
    "Email": "kontak@indonesiamarathon.com",
    "Website": "www.indonesiamarathon.com"
  },
  "biaya_registrasi": "Tidak tercantum",
  "kategori": [
    "21K",
    "10K",
    "5K",
    "3K"
  ],
  "jenis_event": "road run"
}