{
  "image": "-",
  "judul": "Makassar Bosowa Half Marathon 2014",
  "isi_informasi": "Setelah sukses di tahun 2013, Bosowa kembali mengadakan lomba lari internasional untuk memperingati 41 tahun Bosowa Corporation.",
  "benefit_peserta": [
    "Kesempatan berlari di event berkelas internasional",
    "Sistem pencatatan waktu resmi MyLaps®",
    "Diskon untuk pendaftaran grup"
  ],
  "lokasi": "Menara Bosowa, Jalan Jenderal Sudirman, Makassar, Indonesia",
  "kota": "Makassar",
  "tanggal_event": "2014-02-16",
  "kontak_event": {
    "Instagram": [],
    "WhatsApp": "0812 119 911",
    "Email": "kontak@indonesiamarathon.com",
    "Website": "www.indonesiamarathon.com"
  },
  "biaya_registrasi": {
    "21K Open": "Rp. 225.000",
    "21K Closed": "Rp. 200.000",
    "10K Closed": "Rp. 150.000",
    "5K Closed": "Rp. 100.000"
  },
  "kategori": [
    "21K Open",
    "21K Closed",
    "10K Closed",
    "5K Closed"
  ],
  "jenis_event": "road run"
}