{
  "image": "-",
  "judul": "Mandiri Jakarta Marathon 2014",
  "isi_informasi": "Mandiri Jakarta Marathon 2014 menawarkan kategori jarak 10K, 21K, 42K, dan Maratoonz untuk anak-anak.",
  "benefit_peserta": [
    "Kesempatan berlari di event bergengsi",
    "Mendapatkan medali dan sertifikat",
    "Pengalaman berlari di kota Jakarta"
  ],
  "lokasi": "Tidak tercantum",
  "kota": "Jakarta",
  "tanggal_event": "2014-10-12",
  "kontak_event": {
    "Instagram": [],
    "WhatsApp": "0812 119 911",
    "Email": "kontak@indonesiamarathon.com",
    "Website": "www.indonesiamarathon.com"
  },
  "biaya_registrasi": "Tidak tercantum",
  "kategori": [
    "10K",
    "21K",
    "42K",
    "Maratoonz"
  ],
  "jenis_event": "road run"
}