{
  "image": "-",
  "judul": "Mandiri Run Kick-Off to Mandiri Jakarta Marathon 2014",
  "isi_informasi": "Daftarkan diri Anda untuk Mandiri Run 5K dan 10K serta raih rekor pribadi dalam acara yang menjadi pembuka Mandiri Jakarta Marathon 2014. Nikmati berbagai acara menarik di Mandiri Karnaval Nusantara, termasuk festival kuliner, penampilan musisi terkenal, dan berbagai doorprize. Pendaftaran gratis untuk 150 finisher pertama. Mari kita ciptakan masyarakat yang sehat dan sportif untuk Indonesia yang mandiri.",
  "benefit_peserta": [
    "Kesempatan untuk memecahkan rekor pribadi",
    "Akses ke festival kuliner",
    "Penampilan live dari musisi ternama",
    "Peluang memenangkan doorprize",
    "Pendaftaran gratis bagi 150 finisher pertama"
  ],
  "lokasi": "Lapangan parkir JCC – Area Parkir Timur Senayan, Jakarta",
  "kota": "Jakarta",
  "tanggal_event": "2014-04-26",
  "kontak_event": {
    "Instagram": [],
    "WhatsApp": "0812 119 911",
    "Email": "kontak@indonesiamarathon.com",
    "Website": "www.indonesiamarathon.com"
  },
  "biaya_registrasi": "Gratis untuk 150 finisher pertama",
  "kategori": [
    "5K",
    "10K"
  ],
  "jenis_event": "road run"
}