{
  "image": "-",
  "judul": "Marine Customs 10K Run 2014",
  "isi_informasi": "Dalam rangka Hari Kepabeanan Internasional 2014, Direktorat Jenderal Bea dan Cukai mengadakan Marine Customs 10K Run pada 25 Januari 2014. Acara ini melibatkan pegawai DJBC, instansi terkait, dan masyarakat umum, dengan kategori lomba 5K dan 10K.",
  "benefit_peserta": [
    "Kesempatan berpartisipasi dalam acara olahraga",
    "Meningkatkan kesadaran tentang peran Bea dan Cukai",
    "Membangun sinergi antara instansi dan masyarakat"
  ],
  "lokasi": "Coastal Area, Tanjung Balai Karimun",
  "kota": "Karimun",
  "tanggal_event": "2014-01-25",
  "kontak_event": {
    "Instagram": [],
    "WhatsApp": "+62817739130",
    "Email": "kontak@indonesiamarathon.com",
    "Website": "www.indonesiamarathon.com"
  },
  "biaya_registrasi": "Tidak tercantum",
  "kategori": [
    "10K Pria 15-35",
    "10K Pria 36+",
    "10K Wanita",
    "10K Instansi Pria",
    "5K Pegawai Bea dan Cukai Pria",
    "5K Pegawai Bea dan Cukai Wanita"
  ],
  "jenis_event": "road run"
}