{
  "image": "-",
  "judul": "Men's Health Indonesia Urbanathlon 2014",
  "isi_informasi": "Men's Health Indonesia Urbanathlon 2014 kembali hadir untuk para penggemar lari dan tantangan urban. Acara ini menggabungkan olahraga lari dengan berbagai tantangan di lintasannya. Diselenggarakan pada 8 Juni 2014 di Plaza Tenggara Senayan, Jakarta, kompetisi ini menawarkan kategori untuk individu dan tim. Pendaftaran dapat dilakukan secara online atau di outlet Seven Eleven dengan biaya yang bervariasi.",
  "benefit_peserta": [
    "Mendapatkan race pack berisi no. peserta, chip RFID, T-shirt Urbanathlon, dan goody bag",
    "Mengikuti berbagai tantangan yang menguji kekuatan, stamina, dan kelincahan"
  ],
  "lokasi": "Plaza Tenggara, Gelora Bung Karno Senayan, Jakarta",
  "kota": "Jakarta",
  "tanggal_event": "2014-06-08",
  "kontak_event": {
    "Instagram": [],
    "WhatsApp": "0812 119 911",
    "Email": "kontak@indonesiamarathon.com",
    "Website": "www.indonesiamarathon.com"
  },
  "biaya_registrasi": {
    "INDIVIDUAL": {
      "Umum": "Rp 250.000",
      "Masters": "Rp 250.000",
      "Wanita": "Rp 250.000",
      "Diskon": "Rp 150.000 dengan pembelian deodorant Rexona"
    },
    "TIM": "Rp 500.000 per tim (3 orang)"
  },
  "kategori": [
    "INDIVIDUAL",
    "TIM"
  ],
  "jenis_event": "road run"
}