{
  "image": "-",
  "judul": "Mercedes-Benz 10K",
  "isi_informasi": "Mercedes-Benz 10K adalah lomba lari dengan kategori jarak 10K. Untuk informasi lebih lanjut dan registrasi, kunjungi situs resmi.",
  "benefit_peserta": [
    "Kesempatan untuk berkompetisi dalam lomba lari",
    "Mendapatkan pengalaman berlari yang menyenangkan"
  ],
  "lokasi": "Tidak tercantum",
  "kota": "Tidak tercantum",
  "tanggal_event": "Tidak tercantum",
  "kontak_event": {
    "Instagram": [],
    "WhatsApp": "0812 119 911",
    "Email": "kontak@indonesiamarathon.com",
    "Website": "www.indonesiamarathon.com"
  },
  "biaya_registrasi": "Tidak tercantum",
  "kategori": [
    "10K"
  ],
  "jenis_event": "road run"
}