{
  "image": "-",
  "judul": "MesaStila Challenge & MesaStila Ultra",
  "isi_informasi": "MesaStila Challenge adalah acara lari luar ruangan yang unik dan ekstrem, dirancang untuk menguji semangat, kondisi fisik, dan budaya Jawa. Setelah tiga tahun menyelenggarakan lomba setengah maraton, MesaStila Challenge 2014 kini hadir dengan ULTRA RACE 60k yang lebih menantang, menawarkan pemandangan yang indah, mendaki dan melintasi empat gunung: Mt. Andong (1767m), Mt. Merbabu (3145m), Mt. Telomoyo (1916m), dan Mt. Gilipetung (1450m) dengan total ketinggian lebih dari 4076m. Rute mengikuti jalur kereta yang tidak terpakai, jembatan kereta yang tersembunyi, jalur hutan yang rimbun, jalan desa kecil, serta jalur perkebunan padi dan kopi, berakhir di Mesastila, sebuah tempat retret kesehatan yang menarik.",
  "benefit_peserta": [
    "Menantang diri secara fisik dan mental",
    "Menikmati pemandangan alam yang indah",
    "Mengalami budaya Jawa"
  ],
  "lokasi": "Mesastila, Jalan Raya Mesastila, Bawen, Semarang, Jawa Tengah",
  "kota": "Semarang",
  "tanggal_event": "2014-11-01",
  "kontak_event": {
    "Instagram": [],
    "WhatsApp": "0812 119 911",
    "Email": "kontak@indonesiamarathon.com",
    "Website": "www.indonesiamarathon.com"
  },
  "biaya_registrasi": "Tidak tercantum",
  "kategori": [
    "13 km",
    "21 km",
    "60 km"
  ],
  "jenis_event": "trail run"
}