{
  "image": "-",
  "judul": "MNC Channels Run With Heart With Tokio Marine 5K",
  "isi_informasi": "MNC Channels Run With Heart With Tokio Marine adalah lomba lari 5K yang mengedepankan makna cinta, baik itu antara pasangan, orang tua dan anak, serta simpati terhadap korban bencana. Pesan cinta ini akan disampaikan melalui T-Shirt dan Love Card. Love Card yang diisi peserta akan diundi untuk mewujudkan keinginan 3 pemenang dan 2 Yayasan Sosial dengan total hadiah Rp. 50 juta. Acara ini juga dihadiri oleh berbagai tokoh dan artis untuk menambah kemeriahan.",
  "benefit_peserta": [
    "Kesempatan untuk berbagi dan menunjukkan rasa sayang",
    "Hadiah menarik dari undian Love Card",
    "Partisipasi dalam acara yang meriah"
  ],
  "lokasi": "Parkir Timur Senayan, Jakarta",
  "kota": "Jakarta",
  "tanggal_event": "2014-03-09",
  "kontak_event": {
    "Instagram": [],
    "WhatsApp": "0812 119 911",
    "Email": "kontak@indonesiamarathon.com",
    "Website": "www.indonesiamarathon.com"
  },
  "biaya_registrasi": "Rp.150.000,- per orang",
  "kategori": [
    "5K"
  ],
  "jenis_event": "road run"
}