{
  "image": "-",
  "judul": "Mt. Rinjani Ultra 2014",
  "isi_informasi": "Mt. Rinjani Ultra 2014 menawarkan dua kategori lomba: 'MRU' (Mount Rinjani Ultra) dengan jarak total 52Km yang membawa pelari ke puncak Gunung Rinjani, dan 'RAR' (Rinjani Altitude Run) dengan rute 21Km yang meliputi Senaru - Plawangan Senaru - Senaru.",
  "benefit_peserta": [
    "Kesempatan untuk mencapai puncak Gunung Rinjani",
    "Pengalaman lari di jalur alam yang menantang"
  ],
  "lokasi": "Tidak tercantum",
  "kota": "Lombok Utara",
  "tanggal_event": "2014-01-01",
  "kontak_event": {
    "Instagram": [],
    "WhatsApp": "0812 119 911",
    "Email": "kontak@indonesiamarathon.com",
    "Website": "www.indonesiamarathon.com"
  },
  "biaya_registrasi": "Tidak tercantum",
  "kategori": [
    "52K",
    "21K"
  ],
  "jenis_event": "trail run"
}