{
  "image": "-",
  "judul": "Night Light Run with L-Men",
  "isi_informasi": "Night Light Run dengan kategori 5K fun run akan diadakan di Grahadi Surabaya. Biaya registrasi sebesar Rp. 50.000 per peserta.",
  "benefit_peserta": [
    "Kesempatan berlari di malam hari",
    "Pengalaman berlari yang menyenangkan",
    "Mendapatkan medali dan kaos"
  ],
  "lokasi": "Grahadi Surabaya",
  "kota": "Surabaya",
  "tanggal_event": "2025-01-19",
  "kontak_event": {
    "Instagram": [],
    "WhatsApp": "08974535078",
    "Email": "kontak@indonesiamarathon.com",
    "Website": "www.indonesiamarathon.com"
  },
  "biaya_registrasi": "Rp. 50.000/peserta",
  "kategori": [
    "5K"
  ],
  "jenis_event": "fun run"
}