{
  "image": "-",
  "judul": "Nike We Run Jakarta 2014",
  "isi_informasi": "Event lari ini merupakan kategori 10K yang diselenggarakan oleh Nike. Untuk informasi lebih lanjut dan pendaftaran, kunjungi situs resmi.",
  "benefit_peserta": [
    "Kesempatan berlari di acara bergengsi",
    "Mendapatkan pengalaman berlari yang menyenangkan",
    "Berinteraksi dengan komunitas lari"
  ],
  "lokasi": "Tidak tercantum",
  "kota": "Jakarta",
  "tanggal_event": "2014-01-01",
  "kontak_event": {
    "Instagram": [],
    "WhatsApp": "0812 119 911",
    "Email": "kontak@indonesiamarathon.com",
    "Website": "www.indonesiamarathon.com"
  },
  "biaya_registrasi": "Tidak tercantum",
  "kategori": [
    "10K"
  ],
  "jenis_event": "road run"
}