{
  "image": "-",
  "judul": "Nova Women 5K with Anlene",
  "isi_informasi": "Acara ini mengajak wanita untuk berlari demi mencapai tubuh yang sehat dan ideal, menjauhi cara instan serta zat berbahaya. Khusus untuk wanita.",
  "benefit_peserta": [
    "Mendapatkan tiket masuk Ancol",
    "Meningkatkan kesehatan dan kebugaran"
  ],
  "lokasi": "Pantai Festival Ancol, Jakarta",
  "kota": "Jakarta",
  "tanggal_event": "2014-04-27",
  "kontak_event": {
    "Instagram": [],
    "WhatsApp": "0812 119 911",
    "Email": "kontak@indonesiamarathon.com",
    "Website": "www.indonesiamarathon.com"
  },
  "biaya_registrasi": {
    "Fun Run 5K": "Rp 75.000 (usia 17 tahun ke atas)",
    "Fun Walk 5K": "Rp 50.000 (usia 10 tahun ke atas)"
  },
  "kategori": [
    "5K"
  ],
  "jenis_event": "road run"
}