{
  "image": "-",
  "judul": "Nutrilite Run 2014",
  "isi_informasi": "Dalam rangka merayakan ulang tahun ke-80 NUTRILITE, acara NUTRILITE RUN 2014 diadakan untuk pertama kalinya dengan tema 'Raise Your Hand, Fight Global Childhood Malnutrition'. Acara ini bertujuan untuk meningkatkan kesadaran tentang malnutrisi anak, di mana setiap cap tangan yang diberikan peserta akan mendukung donasi sebesar 1 USD dari Amway Global kepada lembaga non pemerintah. NUTRILITE RUN 2014 berlangsung pada 28 September 2014 di The Breeze, BSD City, dan terbuka untuk semua peserta, baik WNI maupun WNA, dengan kategori 5K Close untuk WNI dan 8.0 Miles Open untuk semua warga negara. Peserta juga berkesempatan mendapatkan Race Pack, Medali Koleksi, dan hadiah total 80 juta rupiah untuk pelari tercepat.",
  "benefit_peserta": [
    "Mendukung kampanye melawan malnutrisi anak",
    "Mendapatkan Race Pack",
    "Medali Koleksi",
    "Kesempatan memenangkan hadiah total 80 juta rupiah"
  ],
  "lokasi": "The Breeze, BSD City",
  "kota": "Tangerang",
  "tanggal_event": "2014-09-28",
  "kontak_event": {
    "Instagram": [],
    "WhatsApp": "0812 119 911",
    "Email": "kontak@indonesiamarathon.com",
    "Website": "www.indonesiamarathon.com"
  },
  "biaya_registrasi": "Tidak tercantum",
  "kategori": [
    "5K",
    "8 Miles"
  ],
  "jenis_event": "road run"
}