{
  "image": "-",
  "judul": "Pertamina EcoRun",
  "isi_informasi": "Pertamina EcoRun diselenggarakan untuk merayakan HUT PT. PERTAMINA ke-57 dan HUT PT. TUGU PRATAMA ke-33 dengan tema Hijaunya Indonesia, Hijaunya Dunia. Event ini mengusung konsep ECO dan mengedukasi peserta tentang pemisahan sampah daur ulang. Setiap peserta akan menerima 1 pohon setelah lomba.",
  "benefit_peserta": [
    "Mendapatkan 1 pohon setelah race",
    "Edukasi tentang pemisahan sampah daur ulang"
  ],
  "lokasi": "Kantor Pusat Pertamina Jl. Medan Merdeka Timur 1A, Jakarta Pusat",
  "kota": "Jakarta",
  "tanggal_event": "2014-11-30",
  "kontak_event": {
    "Instagram": [],
    "WhatsApp": "0812 119 911",
    "Email": "info@imroadrunner.com",
    "Website": "www.indonesiamarathon.com"
  },
  "biaya_registrasi": "Rp. 100.000,-",
  "kategori": [],
  "jenis_event": "road run"
}