{
  "image": "-",
  "judul": "Pocari Sweat Run Jakarta 2014",
  "isi_informasi": "Pocari Sweat Indonesia mengadakan lomba 10K dan 5K pada 11 Mei 2014 di Mall @Alam Sutera, Tangerang. Pemenang kategori 10K Closed, baik perempuan maupun laki-laki, akan berkesempatan mengikuti Pocari Sweat Run di Singapore pada 8 Juni 2014. Selain itu, dua pelari dari lomba 10K dan 5K akan dipilih melalui undian untuk mengikuti acara yang sama. Pemenang kategori 2.5K Pelajar juga akan mendapatkan kesempatan yang sama.",
  "benefit_peserta": [
    "Kesempatan mengikuti Pocari Sweat Run Singapore",
    "Transportasi gratis dari titik penjemputan",
    "Sistem pencatatan waktu resmi"
  ],
  "lokasi": "Mall @Alam Sutera, Tangerang",
  "kota": "Tangerang",
  "tanggal_event": "2014-05-11",
  "kontak_event": {
    "Instagram": [],
    "WhatsApp": "0812 119 911",
    "Email": "kontak@indonesiamarathon.com",
    "Website": "www.indonesiamarathon.com"
  },
  "biaya_registrasi": {
    "10K Open": "Rp. 275.000",
    "10K Closed": "Rp. 250.000",
    "5K Closed": "Rp. 200.000",
    "5K Group Closed": "Rp. 400.000"
  },
  "kategori": [
    "10K Open",
    "10K Closed",
    "5K Closed",
    "5K Group Closed"
  ],
  "jenis_event": "road run"
}