{
  "image": "-",
  "judul": "Prasetiya Mulya Olympics Running",
  "isi_informasi": "Event lari ini menawarkan kategori jarak 5K dan 10K yang diadakan di Kampus Prasetiya Mulya BSD, Tangerang.",
  "benefit_peserta": [
    "Kesempatan berkompetisi dalam kategori lari",
    "Mendapatkan pengalaman berlari di lingkungan kampus"
  ],
  "lokasi": "Kampus Prasetiya Mulya BSD, Tangerang",
  "kota": "Tangerang",
  "tanggal_event": "Tidak tercantum",
  "kontak_event": {
    "Instagram": [],
    "WhatsApp": "081808993060",
    "Email": "kontak@indonesiamarathon.com",
    "Website": "www.indonesiamarathon.com"
  },
  "biaya_registrasi": "Tidak tercantum",
  "kategori": [
    "5K",
    "10K"
  ],
  "jenis_event": "road run"
}