{
  "image": "-",
  "judul": "Puncak Enduro Trail 2014 #1",
  "isi_informasi": "Puncak Enduro Trail Run Race adalah perlombaan lari alam yang menguji ketahanan fisik, mental, dan keterampilan pelari melalui jalur yang menantang, termasuk tanjakan, turunan, serta berbagai kondisi permukaan seperti aspal, tanah, dan sungai. Perlombaan ini terdiri dari dua sesi, dimulai dari titik start menuju pos yang ditentukan, kemudian dilanjutkan dari pos I menuju garis finish. Ini adalah perlombaan pertama di Indonesia yang menggabungkan ketahanan enduro dan trail run.",
  "benefit_peserta": [
    "Menguji ketahanan fisik dan mental",
    "Menaklukkan berbagai rintangan alam",
    "Pengalaman unik dalam perlombaan lari"
  ],
  "lokasi": "RA - Walini Agrowisata Gunung Mas Puncak",
  "kota": "Puncak",
  "tanggal_event": "2014-09-21",
  "kontak_event": {
    "Instagram": [],
    "WhatsApp": "0812 119 911",
    "Email": "kontak@indonesiamarathon.com",
    "Website": "www.indonesiamarathon.com"
  },
  "biaya_registrasi": {
    "WNI": "Rp 250.000",
    "WNA": "Rp 300.000"
  },
  "kategori": [
    "18K"
  ],
  "jenis_event": "trail run"
}