{
  "image": "-",
  "judul": "Puncak Run 10K Track",
  "isi_informasi": "Puncak Run 10K Track menawarkan pengalaman berlari yang menyenangkan sambil menikmati pemandangan kebun teh yang hijau dan bebas polusi. Acara ini dirancang dengan elemen hiburan olahraga, menjadikannya menyenangkan bagi para pelari, komunitas, dan keluarga, serta meningkatkan keakraban dan solidaritas.",
  "benefit_peserta": [
    "Menikmati pemandangan alam",
    "Meningkatkan keakraban dan solidaritas",
    "Pengalaman berlari yang menyenangkan"
  ],
  "lokasi": "Tidak tercantum",
  "kota": "Tidak tercantum",
  "tanggal_event": "Tidak tercantum",
  "kontak_event": {
    "Instagram": [],
    "WhatsApp": "0812 119 911",
    "Email": "info@trackadventure-mtb.com",
    "Website": "www.indonesiamarathon.com"
  },
  "biaya_registrasi": "Tidak tercantum",
  "kategori": [
    "5K",
    "10K"
  ],
  "jenis_event": "fun run"
}