{
  "image": "-",
  "judul": "Ranca Upas Trail Run",
  "isi_informasi": "Ranca Upas Trail Run akan diadakan pada Sabtu, 16 Agustus 2014 di Ranca Upas, Bandung. Terdapat kategori jarak 2.5K, 5K, dan 17.5K.",
  "benefit_peserta": [
    "Kesempatan berlari di alam terbuka",
    "Meningkatkan kebugaran",
    "Bertemu dengan komunitas lari"
  ],
  "lokasi": "Ranca Upas, Bandung",
  "kota": "Bandung",
  "tanggal_event": "2014-08-16",
  "kontak_event": {
    "Instagram": [],
    "WhatsApp": "0812 119 911",
    "Email": "kontak@indonesiamarathon.com",
    "Website": "www.indonesiamarathon.com"
  },
  "biaya_registrasi": "Tidak tercantum",
  "kategori": [
    "2.5K",
    "5K",
    "17.5K"
  ],
  "jenis_event": "trail run"
}