{
  "image": "-",
  "judul": "Run for Mom 5K",
  "isi_informasi": "Event lari dengan kategori jarak 5K ini akan diselenggarakan di Kampus Universitas Padjadjaran Jatinangor.",
  "benefit_peserta": [
    "Kesempatan berolahraga",
    "Mendukung kegiatan sosial"
  ],
  "lokasi": "Kampus Universitas Padjadjaran Jatinangor",
  "kota": "Jatinangor",
  "tanggal_event": "Tidak tercantum",
  "kontak_event": {
    "Instagram": [],
    "WhatsApp": "0812 119 911",
    "Email": "kontak@indonesiamarathon.com",
    "Website": "www.indonesiamarathon.com"
  },
  "biaya_registrasi": "Tidak tercantum",
  "kategori": [
    "5K"
  ],
  "jenis_event": "road run"
}