{
  "image": "-",
  "judul": "Run for Our Children",
  "isi_informasi": "Run For Our Children (RFC) adalah acara tahunan yang bertujuan untuk meningkatkan kesadaran dan menyediakan sumber daya untuk melawan penyalahgunaan anak. Setiap tahun, ribuan anak menjadi korban penyalahgunaan yang sering kali tidak terlaporkan karena stigma sosial dan kurangnya pengetahuan. RFC 2014 bertujuan untuk meningkatkan kesadaran publik tentang penyalahgunaan anak di Indonesia, mendidik masyarakat dan korban tentang cara menangani masalah ini, serta menciptakan komunitas dukungan bagi korban. Acara pertama ini akan diadakan pada 17 Agustus 2014 dengan tiga kategori lomba: 17K, 8K, dan 4.5K, bertepatan dengan Hari Kemerdekaan Indonesia.",
  "benefit_peserta": [
    "Meningkatkan kesadaran tentang penyalahgunaan anak",
    "Mendapatkan edukasi tentang penanganan masalah penyalahgunaan",
    "Bergabung dalam komunitas dukungan bagi korban"
  ],
  "lokasi": "The Breeze, BSD City",
  "kota": "Tangerang",
  "tanggal_event": "2014-08-17",
  "kontak_event": {
    "Instagram": [],
    "WhatsApp": "0812 119 911",
    "Email": "kontak@indonesiamarathon.com",
    "Website": "www.indonesiamarathon.com"
  },
  "biaya_registrasi": "Tidak tercantum",
  "kategori": [
    "17K",
    "8K",
    "4.5K"
  ],
  "jenis_event": "road run"
}