{
  "image": "-",
  "judul": "Run for Life 2014: Charity Run for the Disabled Children",
  "isi_informasi": "Acara Run For Life adalah lomba lari sejauh 5KM dari Monas ke Bunderan HI dan kembali ke Monas. Terdapat juga pertunjukan dari Samo Rafael, Showstopper, Alter Ego, dan penampilan spesial Boyz II Boys. Acara ini bersifat non-profit, dan hasilnya akan disumbangkan ke Yayasan Pembinaan Anak Cacat (YPAC) Indonesia. Peserta yang mencapai garis finish akan menerima imbalan uang. Registrasi dibuka pada pukul 05.00, dan peserta akan mendapatkan baju dan nomor peserta. Deposit jaminan sebesar Rp20.000,00 akan dikembalikan pada hari acara. Tersedia juga tes darah gratis dan doorprizes. Peserta dibatasi hingga 1000 orang.",
  "benefit_peserta": [
    "Baju peserta",
    "Nomor peserta",
    "Imbalan uang bagi yang finish",
    "Tes darah gratis",
    "Doorprizes"
  ],
  "lokasi": "Monas - HI - Monas",
  "kota": "Jakarta",
  "tanggal_event": "2014-03-16",
  "kontak_event": {
    "Instagram": [],
    "WhatsApp": "081219812028",
    "Email": "kontak@indonesiamarathon.com",
    "Website": "www.indonesiamarathon.com"
  },
  "biaya_registrasi": {
    "deposit": "Rp20.000,00"
  },
  "kategori": [],
  "jenis_event": "road run"
}