{
  "image": "-",
  "judul": "Run Forest Run 2014",
  "isi_informasi": "Run Forest Run 2014 adalah lomba lari dengan kategori jarak 7.5K Trail Fun Run yang diadakan di Lembang, Bandung.",
  "benefit_peserta": [
    "Kesempatan berlari di alam terbuka",
    "Meningkatkan kebugaran",
    "Bersosialisasi dengan sesama pelari"
  ],
  "lokasi": "Lembang, Bandung, Jawa Barat",
  "kota": "Bandung",
  "tanggal_event": "2014-01-01",
  "kontak_event": {
    "Instagram": [],
    "WhatsApp": "0812 119 911",
    "Email": "kontak@indonesiamarathon.com",
    "Website": "www.indonesiamarathon.com"
  },
  "biaya_registrasi": "Tidak tercantum",
  "kategori": [
    "7.5K"
  ],
  "jenis_event": "trail run"
}