{
  "image": "-",
  "judul": "Run for Love",
  "isi_informasi": "#RunforLove adalah acara lari yang diselenggarakan oleh The Urban Mama dan fX Lifestyle X'’nter pada bulan Februari. Acara ini merupakan fun run dengan jarak 5K, ditujukan untuk peserta pemula maupun yang sudah berpengalaman, untuk merasakan kembali kebahagiaan berlari sambil mengajak orang terkasih. Peserta harus berpasangan, yang bisa terdiri dari suami-istri, orang tua-anak, kakek-cucu, atau sahabat, tanpa memandang jenis kelamin.",
  "benefit_peserta": [
    "Menemukan kembali kebahagiaan berlari",
    "Kesempatan berlari bersama orang terkasih"
  ],
  "lokasi": "FX Sudirman, Jakarta",
  "kota": "Jakarta",
  "tanggal_event": "2025-02-01",
  "kontak_event": {
    "Instagram": [],
    "WhatsApp": "0812 119 911",
    "Email": "kontak@indonesiamarathon.com",
    "Website": "www.indonesiamarathon.com"
  },
  "biaya_registrasi": "Rp.220.000,- untuk dua orang",
  "kategori": [
    "5K"
  ],
  "jenis_event": "fun run"
}