{
  "image": "-",
  "judul": "Run Color Party",
  "isi_informasi": "Informasi dan registrasi dapat diakses melalui situs resmi.",
  "benefit_peserta": [
    "Kesempatan untuk berpartisipasi dalam acara lari",
    "Mendapatkan pengalaman berlari yang menyenangkan"
  ],
  "lokasi": "Tidak tercantum",
  "kota": "Tidak tercantum",
  "tanggal_event": "Tidak tercantum",
  "kontak_event": {
    "Instagram": [],
    "WhatsApp": "0812 119 911",
    "Email": "kontak@indonesiamarathon.com",
    "Website": "www.indonesiamarathon.com"
  },
  "biaya_registrasi": "Tidak tercantum",
  "kategori": [],
  "jenis_event": "road run"
}