{
  "image": "-",
  "judul": "Run Foriver - Mapala UI Half Marathon 2014",
  "isi_informasi": "Run Foriver adalah kampanye untuk meningkatkan kesadaran terhadap sungai Ciliwung. Dengan berpartisipasi, peserta menyumbangkan 10% dari biaya pendaftaran untuk program River Adoption. Tahun lalu, sekitar 1000 peserta berkontribusi dengan menanam dan merawat 2000 pohon. Tahun ini, ikuti kategori 21K, 10K, dan 5K yang terbuka untuk pelajar, mahasiswa, atlet, dan masyarakat umum. Pendaftaran berlangsung dari 7 April hingga 25 Mei 2014.",
  "benefit_peserta": [
    "Mendukung pelestarian sungai Ciliwung",
    "Berpartisipasi dalam kegiatan sosial",
    "Menanam pohon sebagai aksi nyata"
  ],
  "lokasi": "Kampus UI, Depok",
  "kota": "Depok",
  "tanggal_event": "2014-05-25",
  "kontak_event": {
    "Instagram": [],
    "WhatsApp": "0812 119 911",
    "Email": "kontak@indonesiamarathon.com",
    "Website": "www.indonesiamarathon.com"
  },
  "biaya_registrasi": "Tidak tercantum",
  "kategori": [
    "5K",
    "10K",
    "21K"
  ],
  "jenis_event": "road run"
}