{
  "image": "-",
  "judul": "Run for Cervix",
  "isi_informasi": "RUN FOR CERVIX adalah acara amal yang diadakan oleh KORAN SINDO bekerja sama dengan ThinkWoman, bertujuan untuk meningkatkan kesadaran masyarakat tentang pencegahan kanker serviks. Acara ini mengajak warga Jakarta untuk berpartisipasi dalam charity run sejauh 5 KM, yang akan berlangsung di Parkir Tenggara Senayan pada 9 Februari 2014, mulai pukul 06.00 WIB. Sebagian dari biaya pendaftaran akan didonasikan untuk menyediakan papsmear gratis bagi 100 perempuan marjinal yang memiliki akses terbatas.",
  "benefit_peserta": [
    "Meningkatkan kesadaran tentang kanker serviks",
    "Mendapatkan kesempatan untuk berkontribusi pada amal",
    "Mendapatkan papsmear gratis bagi yang membutuhkan"
  ],
  "lokasi": "Parkir Tenggara Senayan, Jakarta",
  "kota": "Jakarta",
  "tanggal_event": "2014-02-09",
  "kontak_event": {
    "Instagram": [],
    "WhatsApp": "0812 119 911",
    "Email": "kontak@indonesiamarathon.com",
    "Website": "www.indonesiamarathon.com"
  },
  "biaya_registrasi": {
    "Solo runner": "Rp.100.000,-",
    "5 runners": "Rp.425.000,-",
    "10 runners": "Rp.750.000,-"
  },
  "kategori": [
    "5K"
  ],
  "jenis_event": "road run"
}