{
  "image": "-",
  "judul": "Samsung S Run Series 2014 #1",
  "isi_informasi": "S Run Series 2014 adalah lomba lari jalan raya yang diselenggarakan oleh PT Samsung Electronics Indonesia untuk memperkenalkan Samsung GALAXY S5 dan aplikasi S Health. Event ini akan berlangsung pada 18 Mei 2014 di Plaza Selatan GBK Senayan, Jakarta.",
  "benefit_peserta": [
    "Memperkenalkan fitur kesehatan dari Samsung GALAXY S5",
    "Kesempatan untuk berpartisipasi dalam berbagai kategori lomba"
  ],
  "lokasi": "Plaza Selatan GBK Senayan, Jakarta",
  "kota": "Jakarta",
  "tanggal_event": "2014-05-18",
  "kontak_event": {
    "Instagram": [],
    "WhatsApp": "0812 119 911",
    "Email": "kontak@indonesiamarathon.com",
    "Website": "www.indonesiamarathon.com"
  },
  "biaya_registrasi": {
    "10K Open": "Rp. 200.000,-",
    "10K Closed": "Rp. 150.000,-",
    "5K Closed": "Rp. 125.000,-",
    "Junior Run 100 meter": "Rp. 100.000,-",
    "Junior Run 400 meter": "Rp. 100.000,-"
  },
  "kategori": [
    "10K",
    "5K",
    "Junior Run"
  ],
  "jenis_event": "road run"
}