{
  "image": "-",
  "judul": "Santa Kids Run",
  "isi_informasi": "Santa Kids Run 2014 adalah lomba lari anak-anak bertema Santa Klaus yang diselenggarakan untuk merayakan Natal di Jakarta. Acara ini bertujuan untuk mendorong anak-anak berusia 3 hingga 11 tahun agar menyukai olahraga lari dan berbagi semangat Natal. Dari biaya pendaftaran, Rp. 30.000 akan disumbangkan ke Heart of NTT untuk membantu anak-anak Dusun Koko. Lomba ini berlangsung pada hari Minggu, 14 Desember 2014, di fX Lifestyle X’nter Sudirman, dari pukul 06:30 WIB hingga 09:00 WIB. Semua peserta yang berhasil mencapai garis finish akan menerima Medali Penamat, dan juara akan mendapatkan hadiah serta sertifikat.",
  "benefit_peserta": [
    "Mendapatkan Medali Penamat",
    "Kesempatan untuk memenangkan hadiah dan sertifikat",
    "Berpartisipasi dalam kegiatan amal"
  ],
  "lokasi": "fX Lifestyle X’nter Sudirman, Jakarta",
  "kota": "Jakarta",
  "tanggal_event": "2014-12-14",
  "kontak_event": {
    "Instagram": [],
    "WhatsApp": "0812 119 911",
    "Email": "kontak@indonesiamarathon.com",
    "Website": "www.indonesiamarathon.com"
  },
  "biaya_registrasi": "Tidak tercantum",
  "kategori": [
    "1.5K"
  ],
  "jenis_event": "road run"
}