{
  "image": "-",
  "judul": "SanuRun 2014",
  "isi_informasi": "Lomba SanuRun 2014 akan dilaksanakan pada 16 Agustus 2014, dengan start pukul 06:00 WIB di Pantai Mertasari. Terdapat kategori jarak 5K, 10K, dan Kid Dash.",
  "benefit_peserta": [
    "Kesempatan berkompetisi di berbagai kategori",
    "Mendapatkan pengalaman berlari di lokasi yang indah"
  ],
  "lokasi": "Pantai Mertasari",
  "kota": "Pantai Mertasari",
  "tanggal_event": "2014-08-16",
  "kontak_event": {
    "Instagram": [],
    "WhatsApp": "0812 119 911",
    "Email": "kontak@indonesiamarathon.com",
    "Website": "www.indonesiamarathon.com"
  },
  "biaya_registrasi": "Tidak tercantum",
  "kategori": [
    "5K",
    "10K",
    "Kid Dash"
  ],
  "jenis_event": "road run"
}