{
  "image": "-",
  "judul": "SauRun",
  "isi_informasi": "SauRun adalah acara lari malam yang meliputi half marathon dan lari 10K, berlangsung selama akhir pekan di bulan Ramadhan. Acara ini menggabungkan budaya dan olahraga di Ancol, Jakarta, dan diakhiri dengan Makan Sahur yang istimewa.",
  "benefit_peserta": [
    "Mendapatkan No. BIB",
    "T-Shirt",
    "Finisher Medal",
    "Makan Sahur di MERCURE Ancol Hotel & Convention"
  ],
  "lokasi": "Ancol Taman Impian, Jakarta",
  "kota": "Jakarta",
  "tanggal_event": "2014-07-19",
  "kontak_event": {
    "Instagram": [],
    "WhatsApp": "0812 119 911",
    "Email": "kontak@indonesiamarathon.com",
    "Website": "www.indonesiamarathon.com"
  },
  "biaya_registrasi": {
    "21K": "Rp 198.000",
    "10K": "Rp 175.000"
  },
  "kategori": [
    "21K",
    "10K"
  ],
  "jenis_event": "road run"
}