{
  "image": "-",
  "judul": "Selfie RUN 2014",
  "isi_informasi": "Dalam rangka merayakan ulang tahun ke-5 7-Eleven, kami mempersembahkan '7-Eleven goes to Indosat SELFIE RUN 2014'. Acara ini memberikan kesempatan bagi semua orang untuk berolahraga sambil bersenang-senang dan ber-selfie. Ajak teman dan keluarga, siapkan peralatan selfie, kostum, dan sepatu lari, lalu mari kita bergoyang bersama di pagi hari! Pada acara ini, 7-Eleven akan menghadirkan banyak keseruan dan hadiah menarik, termasuk mobil sebagai Grand Prize. Siapkah Anda?",
  "benefit_peserta": [
    "Kesempatan berolahraga sambil bersenang-senang",
    "Hadiah menarik termasuk mobil sebagai Grand Prize"
  ],
  "lokasi": "Tidak tercantum",
  "kota": "Tidak tercantum",
  "tanggal_event": "2014-01-01",
  "kontak_event": {
    "Instagram": [],
    "WhatsApp": "0812 119 911",
    "Email": "kontak@indonesiamarathon.com",
    "Website": "www.indonesiamarathon.com"
  },
  "biaya_registrasi": "Tidak tercantum",
  "kategori": [
    "5K"
  ],
  "jenis_event": "road run"
}