{
  "image": "-",
  "judul": "Shell Helix Ultra 10K Race Jakarta",
  "isi_informasi": "Shell Helix Ultra 10K Race adalah acara lari malam yang menggabungkan aktivitas lari dan otomotif, memberikan pengalaman unik tentang teknologi Shell PurePlus. Acara ini akan berlangsung di Jakarta pada 8 November 2014, di Green Office Sinar Mas Land, BSD City.",
  "benefit_peserta": [
    "Pengalaman unik tentang teknologi Shell PurePlus",
    "Sensasi performa mobil baru"
  ],
  "lokasi": "Green Office Sinar Mas Land, BSD City",
  "kota": "Jakarta",
  "tanggal_event": "2014-11-08",
  "kontak_event": {
    "Instagram": [],
    "WhatsApp": "0812 119 911",
    "Email": "kontak@indonesiamarathon.com",
    "Website": "www.indonesiamarathon.com"
  },
  "biaya_registrasi": "Tidak tercantum",
  "kategori": [
    "5K",
    "10K"
  ],
  "jenis_event": "road run"
}