{
  "image": "-",
  "judul": "Shell Helix Ultra 10K Race Surabaya",
  "isi_informasi": "Shell Helix Ultra 10K Race adalah acara lari malam yang menggabungkan aktivitas lari dan otomotif, memberikan pengalaman unik tentang teknologi Shell PurePlus. Acara ini diadakan di Surabaya pada 15 November 2014, dari pukul 19.00 hingga 21.00 WIB, di Lapangan Kodam Surabaya.",
  "benefit_peserta": [
    "Pengalaman unik tentang teknologi Shell PurePlus",
    "Kesempatan untuk berpartisipasi dalam acara lari malam"
  ],
  "lokasi": "Lapangan Kodam Surabaya",
  "kota": "Surabaya",
  "tanggal_event": "2014-11-15",
  "kontak_event": {
    "Instagram": [],
    "WhatsApp": "0812 119 911",
    "Email": "kontak@indonesiamarathon.com",
    "Website": "www.indonesiamarathon.com"
  },
  "biaya_registrasi": "Tidak tercantum",
  "kategori": [
    "5K",
    "10K"
  ],
  "jenis_event": "road run"
}