{
  "image": "-",
  "judul": "Siliwangi 10K Galamedia Fun Run",
  "isi_informasi": "Event ini terdiri dari kategori jarak 10K dan fun run. Untuk informasi lebih lanjut, kunjungi http://www.klik-galamedia.com/fun-run.",
  "benefit_peserta": [
    "Kesempatan berlari dalam acara yang menyenangkan",
    "Mendapatkan pengalaman berkompetisi",
    "Berkumpul dengan komunitas lari"
  ],
  "lokasi": "Tidak tercantum",
  "kota": "Tidak tercantum",
  "tanggal_event": "Tidak tercantum",
  "kontak_event": {
    "Instagram": [],
    "WhatsApp": "0812 119 911",
    "Email": "kontak@indonesiamarathon.com",
    "Website": "www.indonesiamarathon.com"
  },
  "biaya_registrasi": "Tidak tercantum",
  "kategori": [
    "10K",
    "fun run"
  ],
  "jenis_event": "fun run"
}