{
  "image": "-",
  "judul": "SilveRun",
  "isi_informasi": "SilveRun akan diadakan pada 24 Agustus 2014, mulai pukul 06.00 WIB di Parkir Timur Senayan, Jl. Sudirman. Terdapat kategori jarak 10K, 5K, dan 2,5K. Pendaftaran dibuka dari 24 Juni 2014 hingga 10 Agustus 2014.",
  "benefit_peserta": [
    "Kesempatan untuk berkompetisi di berbagai kategori",
    "Mendapat pengalaman berlari di lokasi yang ikonik"
  ],
  "lokasi": "Parkir Timur Senayan - Car Free Day Jl. Sudirman",
  "kota": "Jakarta",
  "tanggal_event": "2014-08-24",
  "kontak_event": {
    "Instagram": [],
    "WhatsApp": "0812 119 911",
    "Email": "kontak@indonesiamarathon.com",
    "Website": "www.indonesiamarathon.com"
  },
  "biaya_registrasi": "Tidak tercantum",
  "kategori": [
    "10K",
    "5K",
    "2,5K"
  ],
  "jenis_event": "road run"
}