{
  "image": "-",
  "judul": "Standard-Chartered Half Marathon Indonesia 2014",
  "isi_informasi": "Untuk berpartisipasi, beli BIB di toko Sukaoutdoor di Dharmawangsa Square City Walk. Masuk ke www.ikutlomba.com, jika belum memiliki akun, daftarlah terlebih dahulu dan tautkan akun Facebook dan Twitter Anda. Klik 'Register my BIB', masukkan Kode Registrasi yang merupakan kode 10 digit di bagian bawah BIB Anda, di bawah kotak jarak. Konfirmasi detail lomba, konfirmasi detail pribadi, dan setujui waiver. Peserta FunRun tidak perlu mendaftar, tidak ada hasil waktu dan tidak ada tempat podium: semua adalah pemenang!",
  "benefit_peserta": [
    "Kesempatan berlari di acara bergengsi",
    "Medali dan sertifikat untuk peserta",
    "Pengalaman berlari bersama komunitas"
  ],
  "lokasi": "BSD Green Office Park, BSD City, Tangerang",
  "kota": "Tangerang",
  "tanggal_event": "2014-10-05",
  "kontak_event": {
    "Instagram": [],
    "WhatsApp": "0812 119 911",
    "Email": "kontak@indonesiamarathon.com",
    "Website": "www.indonesiamarathon.com"
  },
  "biaya_registrasi": "Tidak tercantum",
  "kategori": [
    "21K",
    "10K",
    "5K",
    "fun run"
  ],
  "jenis_event": "road run"
}