{
  "image": "-",
  "judul": "Summarecon Bekasi Run 2014",
  "isi_informasi": "Summarecon Bekasi Run 2014 adalah lomba lari 'Healthy Fun Run' dengan jarak maksimum 10K, yang akan diikuti oleh pelari profesional dan masyarakat umum. Rute lomba melewati kawasan hijau, perumahan, dan Flyover sepanjang 1K. Acara ini bertujuan untuk memperkenalkan visi Summarecon Bekasi sebagai kawasan yang mendukung gaya hidup sehat dan lingkungan hijau.",
  "benefit_peserta": [
    "Kesempatan berlari di rute yang menarik",
    "Fasilitas modern di kota Summarecon Bekasi",
    "Dukungan terhadap gaya hidup sehat"
  ],
  "lokasi": "Summarecon Bekasi, Bekasi",
  "kota": "Bekasi",
  "tanggal_event": "2014-11-16",
  "kontak_event": {
    "Instagram": [],
    "WhatsApp": "0812 119 911",
    "Email": "kontak@indonesiamarathon.com",
    "Website": "www.indonesiamarathon.com"
  },
  "biaya_registrasi": {
    "10KM": "Tidak tercantum",
    "5KM": "Tidak tercantum",
    "Kids Dash": "Tidak tercantum"
  },
  "kategori": [
    "10KM (Open & Closed)",
    "5KM (Closed)",
    "Best Costume",
    "Kids Dash"
  ],
  "jenis_event": "road run"
}