{
  "image": "-",
  "judul": "Sunset X Trail 2014",
  "isi_informasi": "Lomba lari Sunset X Trail 2014 akan dilaksanakan pada Sabtu, 12 Juli 2014, dengan start pukul 16.30 WIB di Masjid Raya Bani Umar, Graha Raya, Bintaro Jaya.",
  "benefit_peserta": [
    "Kesempatan berlari di jalur trail",
    "Pengalaman berkompetisi di lingkungan yang alami"
  ],
  "lokasi": "Masjid Raya Bani Umar, Graha Raya, Bintaro Jaya",
  "kota": "Tangerang Selatan",
  "tanggal_event": "2014-07-12",
  "kontak_event": {
    "Instagram": [],
    "WhatsApp": "0812 119 911",
    "Email": "kontak@indonesiamarathon.com",
    "Website": "www.indonesiamarathon.com"
  },
  "biaya_registrasi": "Rp.100.000,-",
  "kategori": [
    "8KM Trail"
  ],
  "jenis_event": "trail run"
}