{
  "image": "-",
  "judul": "Sunset Run Bali 2014",
  "isi_informasi": "Sunset Run Bali 2014 diselenggarakan oleh Rumah Pandai dan MesaRace dengan tujuan amal untuk membangun Rumah Pandai di Rokatenda, Nusa Tenggara Timur. Lomba ini berlangsung di pantai Seminyak-Legian dengan latar belakang matahari terbenam Bali. Acara ini terbuka untuk semua usia dan menekankan pada kemanusiaan, kesehatan, dan kesenangan.",
  "benefit_peserta": [
    "Mendukung upaya kemanusiaan",
    "Menikmati suasana pantai dan sunset",
    "Aktivitas fisik yang menyenangkan"
  ],
  "lokasi": "Pantai Seminyak-Legian, Bali",
  "kota": "Bali",
  "tanggal_event": "2014-08-17",
  "kontak_event": {
    "Instagram": [],
    "WhatsApp": "0812 119 911",
    "Email": "kontak@indonesiamarathon.com",
    "Website": "www.indonesiamarathon.com"
  },
  "biaya_registrasi": {
    "Rp 250.000": "07-14 Juli",
    "Rp 350.000": "15 Juli - 15 Agustus",
    "Rp 500.000": "Hari H pengambilan racepack"
  },
  "kategori": [
    "5K"
  ],
  "jenis_event": "road run"
}