{
  "image": "-",
  "judul": "Superball Run Surabaya",
  "isi_informasi": "Superball Run Surabaya akan diadakan di Tugu Pahlawan Surabaya dengan kategori jarak 10K untuk Pelajar Putra/Putri, Umum Putra/Putri, TNI Polri Putra, serta 5K fun run untuk umum.",
  "benefit_peserta": [
    "Kesempatan berkompetisi di kategori yang beragam",
    "Mendapatkan pengalaman berlari di lokasi bersejarah"
  ],
  "lokasi": "Tugu Pahlawan Surabaya",
  "kota": "Surabaya",
  "tanggal_event": "Tidak tercantum",
  "kontak_event": {
    "Instagram": [],
    "WhatsApp": "0812 119 911",
    "Email": "kontak@indonesiamarathon.com",
    "Website": "www.indonesiamarathon.com"
  },
  "biaya_registrasi": "Tidak tercantum",
  "kategori": [
    "10K",
    "5K"
  ],
  "jenis_event": "road run"
}