{
  "image": "-",
  "judul": "Superball Run",
  "isi_informasi": "Superball Run adalah event lari unik di Indonesia di mana peserta berlari menggunakan jersey sepak bola milik mereka sendiri. Acara ini akan diikuti oleh 3.000 pelari dan melibatkan atlet sepak bola dari Jakarta. Terdapat empat kategori lomba: 10K Umum, 10K KG Employee, 5K Umum, dan 5K KG Employee, dengan hadiah untuk pelari tercepat. Medali penamat akan diberikan kepada pelari yang menyelesaikan rute dengan benar.",
  "benefit_peserta": [
    "Kesempatan berlari dengan atlet sepak bola",
    "Hadiah untuk pelari tercepat",
    "Medali penamat bagi yang menyelesaikan lomba"
  ],
  "lokasi": "Mall MKG Kemayoran",
  "kota": "Jakarta",
  "tanggal_event": "2014-11-30",
  "kontak_event": {
    "Instagram": [],
    "WhatsApp": "0812 119 911",
    "Email": "kontak@indonesiamarathon.com",
    "Website": "www.indonesiamarathon.com"
  },
  "biaya_registrasi": "Tidak tercantum",
  "kategori": [
    "10K",
    "5K"
  ],
  "jenis_event": "road run"
}