{
  "image": "-",
  "judul": "Surabaya 10K",
  "isi_informasi": "Informasi lebih lanjut mengenai lomba lari Surabaya 10K dapat ditemukan di situs resmi.",
  "benefit_peserta": [
    "Kesempatan untuk berkompetisi",
    "Meningkatkan kebugaran",
    "Mendapatkan pengalaman berlari di event besar"
  ],
  "lokasi": "Tidak tercantum",
  "kota": "Surabaya",
  "tanggal_event": "Tidak tercantum",
  "kontak_event": {
    "Instagram": [],
    "WhatsApp": "0812 119 911",
    "Email": "kontak@indonesiamarathon.com",
    "Website": "www.indonesiamarathon.com"
  },
  "biaya_registrasi": "Tidak tercantum",
  "kategori": [],
  "jenis_event": "road run"
}