{
  "image": "-",
  "judul": "Surabaya Brizzi Night Run 2014",
  "isi_informasi": "Event lari ini berlangsung di Monumen Kapal Selam (Monkasel) Surabaya dengan kategori jarak 5K. Registrasi sudah ditutup karena kuota telah penuh.",
  "benefit_peserta": [],
  "lokasi": "Monumen Kapal Selam (Monkasel) Surabaya",
  "kota": "Surabaya",
  "tanggal_event": "2014-01-01",
  "kontak_event": {
    "Instagram": [],
    "WhatsApp": "0812 119 911",
    "Email": "kontak@indonesiamarathon.com",
    "Website": "www.indonesiamarathon.com"
  },
  "biaya_registrasi": "Tidak tercantum",
  "kategori": [
    "5K"
  ],
  "jenis_event": "road run"
}