{
  "image": "-",
  "judul": "Tahura Djuanda Trail Running Race",
  "isi_informasi": "Lomba ini terdiri dari 9 kategori, termasuk Kelas Umum dan Kelas Master untuk Short Course dan Long Course, serta Kelas Family yang melibatkan 3 anggota keluarga. Peserta akan menerima atribut seperti nomor dada, kaos perlombaan, souvenir penamat, asuransi, bibit pohon, serta akses ke pos air dan refreshment di area finish. Trek yang menantang dan pemandangan indah juga menjadi daya tarik acara ini.",
  "benefit_peserta": [
    "Atribut peserta berupa No dada",
    "Kaos perlombaan",
    "Souvenir penamat",
    "Asuransi",
    "1 Bibit pohon",
    "Pos air dan refreshment di area finish",
    "Pemandangan indah dan udara segar"
  ],
  "lokasi": "Tahura Djuanda, Bandung",
  "kota": "Bandung",
  "tanggal_event": "2025-01-19",
  "kontak_event": {
    "Instagram": [],
    "WhatsApp": "0812 119 911",
    "Email": "info@indonesianbiking.com",
    "Website": "www.indonesiamarathon.com"
  },
  "biaya_registrasi": {
    "Short Course": "Rp 150.000",
    "Long Course": "Rp 200.000",
    "Family": "Rp 300.000",
    "Loyalty Discount Short Course": "Rp 135.000",
    "Loyalty Discount Long Course": "Rp 180.000"
  },
  "kategori": [
    "Short Course",
    "Long Course",
    "Family"
  ],
  "jenis_event": "trail run"
}