{
  "image": "-",
  "judul": "Taiwan Excellence Happy Run",
  "isi_informasi": "Taiwan Excellence Happy Run adalah lomba lari dengan kategori jarak 5K. Untuk informasi lebih lanjut dan pendaftaran, kunjungi situs resmi.",
  "benefit_peserta": [
    "Kesempatan berlari di acara yang menyenangkan",
    "Mendapatkan pengalaman berlari yang unik"
  ],
  "lokasi": "Tidak tercantum",
  "kota": "Tidak tercantum",
  "tanggal_event": "Tidak tercantum",
  "kontak_event": {
    "Instagram": [],
    "WhatsApp": "0812 119 911",
    "Email": "kontak@indonesiamarathon.com",
    "Website": "www.indonesiamarathon.com"
  },
  "biaya_registrasi": "Tidak tercantum",
  "kategori": [
    "5K"
  ],
  "jenis_event": "road run"
}