{
  "image": "-",
  "judul": "The Color Run 5K Jakarta 2014",
  "isi_informasi": "The Color Run™ adalah acara lari yang lebih fokus pada kesenangan bersama teman dan keluarga daripada kompetisi kecepatan. Semua orang dari berbagai usia, kecepatan, ras, berat badan, ukuran, dan gender dapat berpartisipasi. Baik pejalan kaki maupun atlet Olimpiade, jalur 5K The Color Run akan menjadi pengalaman yang menyenangkan.",
  "benefit_peserta": [
    "Kesempatan berlari sambil bersenang-senang",
    "Partisipasi untuk semua usia dan latar belakang"
  ],
  "lokasi": "Tidak tercantum",
  "kota": "Jakarta",
  "tanggal_event": "2014-00-00",
  "kontak_event": {
    "Instagram": [],
    "WhatsApp": "0812 119 911",
    "Email": "kontak@indonesiamarathon.com",
    "Website": "www.indonesiamarathon.com"
  },
  "biaya_registrasi": {
    "normal": "Rp. 225.000",
    "diskon": "10% untuk 2000 pendaftar pertama dengan CIMB Clicks"
  },
  "kategori": [
    "5K"
  ],
  "jenis_event": "fun run"
}