{
  "image": "-",
  "judul": "The City Hall Club Medan Fun Run 2014",
  "isi_informasi": "The City Hall Club Medan Fun Run 2014 akan diadakan di The City Hall Club Medan, Jl. Balai Kota No.1, Medan, Indonesia. Registrasi dimulai pukul 5.00 WIB dan lomba akan dimulai pada pukul 6.30 WIB. Biaya registrasi sebesar IDR 120.000, termasuk T-shirt gratis, sarapan, dan kesempatan mengikuti lucky draw.",
  "benefit_peserta": [
    "T-shirt gratis",
    "Sarapan",
    "Kesempatan mengikuti lucky draw"
  ],
  "lokasi": "The City Hall Club Medan, Jl. Balai Kota No.1, Medan, Indonesia",
  "kota": "Medan",
  "tanggal_event": "2014-00-00",
  "kontak_event": {
    "Instagram": [],
    "WhatsApp": "0812 119 911",
    "Email": "kontak@indonesiamarathon.com",
    "Website": "www.indonesiamarathon.com"
  },
  "biaya_registrasi": "IDR 120.000",
  "kategori": [],
  "jenis_event": "fun run"
}