{
  "image": "-",
  "judul": "The Color Run 5K Jakarta 2014",
  "isi_informasi": "The Color Run™ Presented by CIMB Niaga kembali hadir di Parkir Timur Senayan, Jakarta pada 23 November 2014. Acara ini adalah lari 5K yang menyenangkan untuk semua kalangan, tanpa memandang usia atau kemampuan. Peserta diharapkan mengenakan kaos putih di garis start dan bersiap untuk berwarna-warni di garis finish. Pendaftaran dibuka dari 15 September hingga 7 November 2014, dengan biaya IDR 250,000 untuk pelari dewasa dan gratis untuk anak di bawah 2 tahun.",
  "benefit_peserta": [
    "Kesempatan untuk berlari dengan teman dan keluarga",
    "Acara yang menyenangkan dan tidak kompetitif",
    "Pengalaman berlari yang unik dengan warna-warni"
  ],
  "lokasi": "Parkir Timur Senayan, Jakarta",
  "kota": "Jakarta",
  "tanggal_event": "2014-11-23",
  "kontak_event": {
    "Instagram": [],
    "WhatsApp": "0812 119 911",
    "Email": "kontak@indonesiamarathon.com",
    "Website": "www.indonesiamarathon.com"
  },
  "biaya_registrasi": {
    "Pelari/Pejalan Kaki Solo": "IDR 250,000",
    "Anak umur dan di bawah 2 tahun": "Gratis"
  },
  "kategori": [
    "5K"
  ],
  "jenis_event": "fun run"
}