{
  "image": "-",
  "judul": "The Music Run Jakarta 2014",
  "isi_informasi": "The Music Run Jakarta 2014 adalah acara lari dengan kategori jarak 5K. Untuk informasi lebih lanjut, kunjungi situs resmi acara.",
  "benefit_peserta": [
    "Kesempatan berlari sambil menikmati musik",
    "Meningkatkan kebugaran",
    "Bertemu dengan komunitas lari"
  ],
  "lokasi": "Tidak tercantum",
  "kota": "Jakarta",
  "tanggal_event": "2014-00-00",
  "kontak_event": {
    "Instagram": [],
    "WhatsApp": "0812 119 911",
    "Email": "kontak@indonesiamarathon.com",
    "Website": "www.indonesiamarathon.com"
  },
  "biaya_registrasi": "Tidak tercantum",
  "kategori": [
    "5K"
  ],
  "jenis_event": "road run"
}