{
  "image": "-",
  "judul": "Tretes 10K Night Run",
  "isi_informasi": "Tretes 10K Night Run akan diadakan di Kecamatan Tretes, Kabupaten Pasuruan, Jawa Timur dengan kategori jarak 10K.",
  "benefit_peserta": [
    "Kesempatan berlari di malam hari",
    "Pengalaman unik di lokasi yang menarik"
  ],
  "lokasi": "Kecamatan Tretes, Kabupaten Pasuruan, Jawa Timur",
  "kota": "Pasuruan",
  "tanggal_event": "Tidak tercantum",
  "kontak_event": {
    "Instagram": [],
    "WhatsApp": "0812 119 911",
    "Email": "kontak@indonesiamarathon.com",
    "Website": "www.indonesiamarathon.com"
  },
  "biaya_registrasi": "Tidak tercantum",
  "kategori": [
    "10K"
  ],
  "jenis_event": "road run"
}