{
  "image": "-",
  "judul": "TV One Fun Run",
  "isi_informasi": "TV One Fun Run akan diadakan di Parkir Timur Senayan, Jakarta. Untuk informasi lebih lanjut, hubungi 021 9789 7683 atau 021 9789 7684. Pendaftaran dapat dilakukan melalui situs resmi.",
  "benefit_peserta": [
    "Kesempatan untuk berolahraga",
    "Meningkatkan kesehatan",
    "Bertemu komunitas lari"
  ],
  "lokasi": "Parkir Timur Senayan, Jakarta",
  "kota": "Jakarta",
  "tanggal_event": "Tidak tercantum",
  "kontak_event": {
    "Instagram": [],
    "WhatsApp": "0812 119 911",
    "Email": "kontak@indonesiamarathon.com",
    "Website": "www.indonesiamarathon.com"
  },
  "biaya_registrasi": "Tidak tercantum",
  "kategori": [],
  "jenis_event": "fun run"
}