{
  "image": "-",
  "judul": "Water Run 2014",
  "isi_informasi": "Water Run adalah acara fun run dengan jarak lebih dari 8K, di mana peserta akan melakukan aktivitas menyenangkan yang melibatkan air di beberapa titik. Acara ini bertujuan untuk memberikan pengalaman berlari yang menyenangkan, baik untuk mencapai catatan waktu pribadi, memulai gaya hidup sehat, atau sekadar bersenang-senang. Diselenggarakan oleh Fitness For Men, Gillette, Head&Shoulder, dan Ambipur, bekerja sama dengan Indomaret, acara ini akan berlangsung pada 24 Agustus 2014 di Senayan, Jakarta.",
  "benefit_peserta": [
    "Aktivitas menyenangkan",
    "Kesempatan untuk memecahkan catatan waktu pribadi",
    "Mendukung gaya hidup sehat",
    "Bersosialisasi dan bersenang-senang"
  ],
  "lokasi": "Pelataran Kolam Renang Senayan, GBK",
  "kota": "Jakarta",
  "tanggal_event": "2014-08-24",
  "kontak_event": {
    "Instagram": [],
    "WhatsApp": "0812 119 911",
    "Email": "kontak@indonesiamarathon.com",
    "Website": "www.indonesiamarathon.com"
  },
  "biaya_registrasi": {
    "produk": "Membeli produk Gillette Mach 3, AmbiPur, Head&Shoulders senilai min. Rp.75.000,-/peserta di seluruh Indomaret"
  },
  "kategori": [],
  "jenis_event": "fun run"
}