{
  "image": "-",
  "judul": "Women Fun Walk",
  "isi_informasi": "Ayo gunakan kostum terunikmu karena akan ada 15 fotografer yang mengabadikan momen selama fun walk.",
  "benefit_peserta": [
    "Kesempatan berfoto dengan fotografer profesional",
    "Berpartisipasi dalam berbagai kategori lomba",
    "Mendapat pengalaman menyenangkan dalam berolahraga"
  ],
  "lokasi": "Balai Kota Bandung",
  "kota": "Bandung",
  "tanggal_event": "2014-06-08",
  "kontak_event": {
    "Instagram": [
      "@FunWalk_Id"
    ],
    "WhatsApp": "0812 119 911",
    "Email": "kontak@indonesiamarathon.com",
    "Website": "www.indonesiamarathon.com"
  },
  "biaya_registrasi": "Tidak tercantum",
  "kategori": [
    "Community Fun Walker",
    "Individual Fun Walker",
    "Fun Walker Favourite (Unique)",
    "The Best Selfie",
    "The Best Costume",
    "The Best Hair Look"
  ],
  "jenis_event": "fun run"
}