{
  "image": "-",
  "judul": "Yamaha Glow Run Bandung",
  "isi_informasi": "GLOW RUN yang diselenggarakan oleh Yamaha adalah lomba lari individu dan tim dengan jarak 5 Km untuk kategori Reguler. Acara ini terbuka untuk semua, baik pejalan kaki maupun pelari, yang ingin merasakan pengalaman olahraga yang menyenangkan.",
  "benefit_peserta": [
    "Pengalaman berlari yang berbeda",
    "Kesempatan untuk berolahraga sambil bersenang-senang",
    "Mendapatkan race pack menarik"
  ],
  "lokasi": "JL. Soekarno - Hatta No. 474, Tarakan Asri - Batu Nunggal, BANDUNG, JAWA BARAT",
  "kota": "Bandung",
  "tanggal_event": "2014-03-01",
  "kontak_event": {
    "Instagram": [],
    "WhatsApp": "0812 119 911",
    "Email": "kontak@indonesiamarathon.com",
    "Website": "www.indonesiamarathon.com"
  },
  "biaya_registrasi": "Tidak tercantum",
  "kategori": [
    "5K"
  ],
  "jenis_event": "road run"
}