{
  "image": "-",
  "judul": "Yamaha Glow Run Surabaya",
  "isi_informasi": "Yamaha Glow Run adalah lomba lari dengan jarak 5 Km yang dapat diikuti secara individu maupun tim. Acara ini mengundang semua orang, baik pejalan kaki maupun pelari, untuk merasakan pengalaman berolahraga yang menyenangkan.",
  "benefit_peserta": [
    "Pengalaman berlari yang berbeda",
    "Kesempatan untuk bersosialisasi",
    "Mendapatkan race pack"
  ],
  "lokasi": "Jl. Kenjeran No. 366, Surabaya, Jawa Timur – 60271",
  "kota": "Surabaya",
  "tanggal_event": "2014-02-15",
  "kontak_event": {
    "Instagram": [],
    "WhatsApp": "0812 119 911",
    "Email": "kontak@indonesiamarathon.com",
    "Website": "www.indonesiamarathon.com"
  },
  "biaya_registrasi": "Tidak tercantum",
  "kategori": [
    "5K"
  ],
  "jenis_event": "road run"
}