{
  "image": "-",
  "judul": "Yamaha Glow Run Semarang",
  "isi_informasi": "Yamaha Glow Run adalah lomba lari individu dan tim dengan jarak 5 Km untuk kategori Reguler. Acara ini terbuka untuk semua, baik pejalan kaki maupun pelari, yang ingin merasakan pengalaman olahraga yang menyenangkan.",
  "benefit_peserta": [
    "Pengalaman berlari yang berbeda",
    "Kesempatan untuk bersosialisasi",
    "Mendapatkan race pack menarik"
  ],
  "lokasi": "Delta Taman KB, Jl. Pemuda No. 83 - 85, Semarang, Jawa Tengah",
  "kota": "Semarang",
  "tanggal_event": "2014-02-22",
  "kontak_event": {
    "Instagram": [],
    "WhatsApp": "0812 119 911",
    "Email": "kontak@indonesiamarathon.com",
    "Website": "www.indonesiamarathon.com"
  },
  "biaya_registrasi": "Tidak tercantum",
  "kategori": [
    "5K"
  ],
  "jenis_event": "road run"
}