{
  "image": "-",
  "judul": "Yamaha Glow Run Jakarta",
  "isi_informasi": "Yamaha Glow Run Jakarta adalah lomba lari yang diadakan secara individu dan tim dengan jarak 5 Km untuk kategori Reguler. Acara ini terbuka untuk semua, baik pejalan kaki maupun pelari, yang ingin merasakan pengalaman berolahraga yang menyenangkan.",
  "benefit_peserta": [
    "Pengalaman berlari yang berbeda",
    "Kesempatan untuk berolahraga sambil bersenang-senang",
    "Mendapatkan race pack dengan berbagai merchandise"
  ],
  "lokasi": "YAMAHA DDS JAKARTA JL. LETJEND. SUPRAPTO NO. 402 CEMPAKA PUTIH JAKARTA PUSAT DKI JAKARTA 10510",
  "kota": "Jakarta",
  "tanggal_event": "2014-02-01",
  "kontak_event": {
    "Instagram": [],
    "WhatsApp": "0812 119 911",
    "Email": "kontak@indonesiamarathon.com",
    "Website": "www.indonesiamarathon.com"
  },
  "biaya_registrasi": "Tidak tercantum",
  "kategori": [
    "5K"
  ],
  "jenis_event": "road run"
}