{
  "image": "-",
  "judul": "Zinc Vertical Running 2014 Surabaya",
  "isi_informasi": "Zinc Vertical Running adalah acara lari yang menantang, di mana peserta berlari menaiki tangga gedung tinggi. Setelah sukses di Jakarta, acara ini kini diadakan di Surabaya dengan 2000 pendaftar, namun hanya 600 peserta yang terpilih. Pemenang akan mendapatkan kesempatan untuk mengikuti Swissotel Vertical Marathon di Singapura.",
  "benefit_peserta": [
    "Kesempatan berkompetisi di acara internasional",
    "Meningkatkan kebugaran fisik",
    "Pengalaman unik dalam olahraga lari"
  ],
  "lokasi": "City Of Tomorrow Jl. Ahmad Yani No. 288 Kali Rungkut Surabaya Jawa Timur Indonesia",
  "kota": "Surabaya",
  "tanggal_event": "2014-05-18",
  "kontak_event": {
    "Instagram": [],
    "WhatsApp": "0812 119 911",
    "Email": "kontak@indonesiamarathon.com",
    "Website": "www.indonesiamarathon.com"
  },
  "biaya_registrasi": "Tidak tercantum",
  "kategori": [],
  "jenis_event": "road run"
}